<?xml version="1.0" encoding="utf-8"?>
<gpx xmlns="http://www.topografix.com/GPX/1/1" version="1.1" creator="https://mapy.com/">
	<trk>
		<name>Výlet Ústí nad Labem - Nový Bor</name>
		<trkseg>
			<trkpt lat="50.659900" lon="14.044045">
				<ele>140.000000</ele>
			</trkpt>
			<trkpt lat="50.659831" lon="14.043857">
				<ele>140.000000</ele>
			</trkpt>
			<trkpt lat="50.659706" lon="14.043758">
				<ele>140.000000</ele>
			</trkpt>
			<trkpt lat="50.659575" lon="14.043695">
				<ele>140.000000</ele>
			</trkpt>
			<trkpt lat="50.659296" lon="14.043542">
				<ele>140.000000</ele>
			</trkpt>
			<trkpt lat="50.659234" lon="14.043515">
				<ele>140.000000</ele>
			</trkpt>
			<trkpt lat="50.659182" lon="14.043462">
				<ele>140.000000</ele>
			</trkpt>
			<trkpt lat="50.659136" lon="14.043389">
				<ele>140.000000</ele>
			</trkpt>
			<trkpt lat="50.659068" lon="14.043265">
				<ele>140.000000</ele>
			</trkpt>
			<trkpt lat="50.659006" lon="14.043362">
				<ele>140.000000</ele>
			</trkpt>
			<trkpt lat="50.658761" lon="14.043741">
				<ele>140.000000</ele>
			</trkpt>
			<trkpt lat="50.658607" lon="14.043920">
				<ele>139.000000</ele>
			</trkpt>
			<trkpt lat="50.658425" lon="14.043704">
				<ele>139.000000</ele>
			</trkpt>
			<trkpt lat="50.658300" lon="14.043561">
				<ele>138.000000</ele>
			</trkpt>
			<trkpt lat="50.658163" lon="14.043425">
				<ele>137.000000</ele>
			</trkpt>
			<trkpt lat="50.657998" lon="14.043282">
				<ele>137.000000</ele>
			</trkpt>
			<trkpt lat="50.657946" lon="14.043246">
				<ele>137.000000</ele>
			</trkpt>
			<trkpt lat="50.657866" lon="14.043175">
				<ele>137.000000</ele>
			</trkpt>
			<trkpt lat="50.657559" lon="14.042968">
				<ele>137.000000</ele>
			</trkpt>
			<trkpt lat="50.657457" lon="14.042896">
				<ele>137.000000</ele>
			</trkpt>
			<trkpt lat="50.656944" lon="14.042573">
				<ele>139.000000</ele>
			</trkpt>
			<trkpt lat="50.656899" lon="14.042546">
				<ele>139.000000</ele>
			</trkpt>
			<trkpt lat="50.656870" lon="14.042500">
				<ele>139.000000</ele>
			</trkpt>
			<trkpt lat="50.656842" lon="14.042456">
				<ele>139.000000</ele>
			</trkpt>
			<trkpt lat="50.656813" lon="14.042374">
				<ele>139.000000</ele>
			</trkpt>
			<trkpt lat="50.656551" lon="14.042294">
				<ele>140.000000</ele>
			</trkpt>
			<trkpt lat="50.656529" lon="14.042294">
				<ele>140.000000</ele>
			</trkpt>
			<trkpt lat="50.656500" lon="14.042267">
				<ele>140.000000</ele>
			</trkpt>
			<trkpt lat="50.656488" lon="14.042222">
				<ele>140.000000</ele>
			</trkpt>
			<trkpt lat="50.656472" lon="14.042196">
				<ele>140.000000</ele>
			</trkpt>
			<trkpt lat="50.656426" lon="14.042168">
				<ele>140.000000</ele>
			</trkpt>
			<trkpt lat="50.656403" lon="14.042330">
				<ele>140.000000</ele>
			</trkpt>
			<trkpt lat="50.656335" lon="14.042779">
				<ele>140.000000</ele>
			</trkpt>
			<trkpt lat="50.656312" lon="14.042770">
				<ele>140.000000</ele>
			</trkpt>
			<trkpt lat="50.655896" lon="14.045510">
				<ele>140.000000</ele>
			</trkpt>
			<trkpt lat="50.655862" lon="14.045735">
				<ele>140.000000</ele>
			</trkpt>
			<trkpt lat="50.655982" lon="14.045770">
				<ele>140.000000</ele>
			</trkpt>
			<trkpt lat="50.655879" lon="14.046678">
				<ele>141.000000</ele>
			</trkpt>
			<trkpt lat="50.655856" lon="14.046947">
				<ele>142.000000</ele>
			</trkpt>
			<trkpt lat="50.655942" lon="14.047639">
				<ele>142.000000</ele>
			</trkpt>
			<trkpt lat="50.656204" lon="14.048016">
				<ele>142.000000</ele>
			</trkpt>
			<trkpt lat="50.656141" lon="14.048133">
				<ele>142.000000</ele>
			</trkpt>
			<trkpt lat="50.655959" lon="14.048546">
				<ele>143.000000</ele>
			</trkpt>
			<trkpt lat="50.655970" lon="14.049184">
				<ele>143.000000</ele>
			</trkpt>
			<trkpt lat="50.655982" lon="14.049525">
				<ele>143.000000</ele>
			</trkpt>
			<trkpt lat="50.655976" lon="14.049760">
				<ele>143.000000</ele>
			</trkpt>
			<trkpt lat="50.655942" lon="14.049966">
				<ele>143.000000</ele>
			</trkpt>
			<trkpt lat="50.655874" lon="14.050146">
				<ele>145.000000</ele>
			</trkpt>
			<trkpt lat="50.655754" lon="14.050450">
				<ele>146.000000</ele>
			</trkpt>
			<trkpt lat="50.655731" lon="14.050603">
				<ele>146.000000</ele>
			</trkpt>
			<trkpt lat="50.655617" lon="14.050863">
				<ele>146.000000</ele>
			</trkpt>
			<trkpt lat="50.655543" lon="14.050972">
				<ele>147.000000</ele>
			</trkpt>
			<trkpt lat="50.655463" lon="14.051043">
				<ele>147.000000</ele>
			</trkpt>
			<trkpt lat="50.655065" lon="14.051484">
				<ele>148.000000</ele>
			</trkpt>
			<trkpt lat="50.654661" lon="14.051924">
				<ele>149.000000</ele>
			</trkpt>
			<trkpt lat="50.654262" lon="14.052400">
				<ele>151.000000</ele>
			</trkpt>
			<trkpt lat="50.654188" lon="14.052471">
				<ele>152.000000</ele>
			</trkpt>
			<trkpt lat="50.654119" lon="14.052517">
				<ele>152.000000</ele>
			</trkpt>
			<trkpt lat="50.654028" lon="14.052561">
				<ele>153.000000</ele>
			</trkpt>
			<trkpt lat="50.653920" lon="14.052588">
				<ele>154.000000</ele>
			</trkpt>
			<trkpt lat="50.653812" lon="14.052633">
				<ele>154.000000</ele>
			</trkpt>
			<trkpt lat="50.653715" lon="14.052697">
				<ele>155.000000</ele>
			</trkpt>
			<trkpt lat="50.653618" lon="14.052777">
				<ele>156.000000</ele>
			</trkpt>
			<trkpt lat="50.653510" lon="14.052912">
				<ele>157.000000</ele>
			</trkpt>
			<trkpt lat="50.653396" lon="14.053064">
				<ele>158.000000</ele>
			</trkpt>
			<trkpt lat="50.653197" lon="14.053397">
				<ele>160.000000</ele>
			</trkpt>
			<trkpt lat="50.653140" lon="14.053486">
				<ele>160.000000</ele>
			</trkpt>
			<trkpt lat="50.653083" lon="14.053540">
				<ele>161.000000</ele>
			</trkpt>
			<trkpt lat="50.652912" lon="14.053658">
				<ele>162.000000</ele>
			</trkpt>
			<trkpt lat="50.652719" lon="14.053802">
				<ele>164.000000</ele>
			</trkpt>
			<trkpt lat="50.652548" lon="14.053981">
				<ele>166.000000</ele>
			</trkpt>
			<trkpt lat="50.652359" lon="14.054125">
				<ele>168.000000</ele>
			</trkpt>
			<trkpt lat="50.652155" lon="14.054322">
				<ele>170.000000</ele>
			</trkpt>
			<trkpt lat="50.651819" lon="14.054655">
				<ele>173.000000</ele>
			</trkpt>
			<trkpt lat="50.651585" lon="14.054844">
				<ele>175.000000</ele>
			</trkpt>
			<trkpt lat="50.651477" lon="14.054942">
				<ele>176.000000</ele>
			</trkpt>
			<trkpt lat="50.651397" lon="14.055077">
				<ele>177.000000</ele>
			</trkpt>
			<trkpt lat="50.651351" lon="14.055157">
				<ele>178.000000</ele>
			</trkpt>
			<trkpt lat="50.651317" lon="14.055247">
				<ele>179.000000</ele>
			</trkpt>
			<trkpt lat="50.651255" lon="14.055446">
				<ele>180.000000</ele>
			</trkpt>
			<trkpt lat="50.651203" lon="14.055687">
				<ele>182.000000</ele>
			</trkpt>
			<trkpt lat="50.651175" lon="14.055813">
				<ele>182.000000</ele>
			</trkpt>
			<trkpt lat="50.651152" lon="14.055984">
				<ele>183.000000</ele>
			</trkpt>
			<trkpt lat="50.651112" lon="14.056352">
				<ele>186.000000</ele>
			</trkpt>
			<trkpt lat="50.651044" lon="14.056846">
				<ele>189.000000</ele>
			</trkpt>
			<trkpt lat="50.650993" lon="14.057233">
				<ele>191.000000</ele>
			</trkpt>
			<trkpt lat="50.650930" lon="14.057592">
				<ele>194.000000</ele>
			</trkpt>
			<trkpt lat="50.650873" lon="14.057888">
				<ele>196.000000</ele>
			</trkpt>
			<trkpt lat="50.650810" lon="14.058167">
				<ele>197.000000</ele>
			</trkpt>
			<trkpt lat="50.650742" lon="14.058427">
				<ele>199.000000</ele>
			</trkpt>
			<trkpt lat="50.650662" lon="14.058643">
				<ele>200.000000</ele>
			</trkpt>
			<trkpt lat="50.650565" lon="14.058813">
				<ele>200.000000</ele>
			</trkpt>
			<trkpt lat="50.650463" lon="14.058958">
				<ele>200.000000</ele>
			</trkpt>
			<trkpt lat="50.650378" lon="14.059083">
				<ele>201.000000</ele>
			</trkpt>
			<trkpt lat="50.650241" lon="14.059255">
				<ele>205.000000</ele>
			</trkpt>
			<trkpt lat="50.650098" lon="14.059469">
				<ele>207.000000</ele>
			</trkpt>
			<trkpt lat="50.650075" lon="14.059568">
				<ele>207.000000</ele>
			</trkpt>
			<trkpt lat="50.650059" lon="14.059685">
				<ele>208.000000</ele>
			</trkpt>
			<trkpt lat="50.650041" lon="14.059784">
				<ele>209.000000</ele>
			</trkpt>
			<trkpt lat="50.650041" lon="14.059874">
				<ele>209.000000</ele>
			</trkpt>
			<trkpt lat="50.650041" lon="14.059955">
				<ele>210.000000</ele>
			</trkpt>
			<trkpt lat="50.650059" lon="14.060008">
				<ele>210.000000</ele>
			</trkpt>
			<trkpt lat="50.650087" lon="14.060081">
				<ele>210.000000</ele>
			</trkpt>
			<trkpt lat="50.650189" lon="14.060278">
				<ele>211.000000</ele>
			</trkpt>
			<trkpt lat="50.650298" lon="14.060484">
				<ele>212.000000</ele>
			</trkpt>
			<trkpt lat="50.650401" lon="14.060683">
				<ele>213.000000</ele>
			</trkpt>
			<trkpt lat="50.650719" lon="14.061312">
				<ele>215.000000</ele>
			</trkpt>
			<trkpt lat="50.651192" lon="14.062236">
				<ele>219.000000</ele>
			</trkpt>
			<trkpt lat="50.651551" lon="14.061752">
				<ele>232.000000</ele>
			</trkpt>
			<trkpt lat="50.651494" lon="14.061652">
				<ele>232.000000</ele>
			</trkpt>
			<trkpt lat="50.651568" lon="14.061662">
				<ele>234.000000</ele>
			</trkpt>
			<trkpt lat="50.651710" lon="14.061733">
				<ele>237.000000</ele>
			</trkpt>
			<trkpt lat="50.651938" lon="14.061815">
				<ele>241.000000</ele>
			</trkpt>
			<trkpt lat="50.652092" lon="14.061868">
				<ele>242.000000</ele>
			</trkpt>
			<trkpt lat="50.652251" lon="14.061905">
				<ele>243.000000</ele>
			</trkpt>
			<trkpt lat="50.652450" lon="14.061931">
				<ele>244.000000</ele>
			</trkpt>
			<trkpt lat="50.652576" lon="14.061939">
				<ele>246.000000</ele>
			</trkpt>
			<trkpt lat="50.652621" lon="14.061939">
				<ele>246.000000</ele>
			</trkpt>
			<trkpt lat="50.652667" lon="14.061913">
				<ele>247.000000</ele>
			</trkpt>
			<trkpt lat="50.652775" lon="14.061805">
				<ele>249.000000</ele>
			</trkpt>
			<trkpt lat="50.652918" lon="14.061652">
				<ele>251.000000</ele>
			</trkpt>
			<trkpt lat="50.652998" lon="14.061526">
				<ele>253.000000</ele>
			</trkpt>
			<trkpt lat="50.653020" lon="14.061463">
				<ele>254.000000</ele>
			</trkpt>
			<trkpt lat="50.653032" lon="14.061410">
				<ele>254.000000</ele>
			</trkpt>
			<trkpt lat="50.653037" lon="14.061339">
				<ele>255.000000</ele>
			</trkpt>
			<trkpt lat="50.653037" lon="14.061266">
				<ele>256.000000</ele>
			</trkpt>
			<trkpt lat="50.653009" lon="14.061123">
				<ele>258.000000</ele>
			</trkpt>
			<trkpt lat="50.652975" lon="14.060997">
				<ele>259.000000</ele>
			</trkpt>
			<trkpt lat="50.652952" lon="14.060897">
				<ele>261.000000</ele>
			</trkpt>
			<trkpt lat="50.652946" lon="14.060790">
				<ele>262.000000</ele>
			</trkpt>
			<trkpt lat="50.652952" lon="14.060521">
				<ele>265.000000</ele>
			</trkpt>
			<trkpt lat="50.652952" lon="14.060350">
				<ele>266.000000</ele>
			</trkpt>
			<trkpt lat="50.652912" lon="14.060180">
				<ele>267.000000</ele>
			</trkpt>
			<trkpt lat="50.652878" lon="14.060054">
				<ele>268.000000</ele>
			</trkpt>
			<trkpt lat="50.652804" lon="14.059928">
				<ele>269.000000</ele>
			</trkpt>
			<trkpt lat="50.652719" lon="14.059820">
				<ele>270.000000</ele>
			</trkpt>
			<trkpt lat="50.652610" lon="14.059704">
				<ele>271.000000</ele>
			</trkpt>
			<trkpt lat="50.652542" lon="14.059668">
				<ele>272.000000</ele>
			</trkpt>
			<trkpt lat="50.652485" lon="14.059649">
				<ele>273.000000</ele>
			</trkpt>
			<trkpt lat="50.652434" lon="14.059649">
				<ele>273.000000</ele>
			</trkpt>
			<trkpt lat="50.652388" lon="14.059685">
				<ele>274.000000</ele>
			</trkpt>
			<trkpt lat="50.652354" lon="14.059712">
				<ele>274.000000</ele>
			</trkpt>
			<trkpt lat="50.652291" lon="14.059811">
				<ele>276.000000</ele>
			</trkpt>
			<trkpt lat="50.652183" lon="14.059955">
				<ele>279.000000</ele>
			</trkpt>
			<trkpt lat="50.652149" lon="14.060008">
				<ele>280.000000</ele>
			</trkpt>
			<trkpt lat="50.652137" lon="14.060071">
				<ele>280.000000</ele>
			</trkpt>
			<trkpt lat="50.652155" lon="14.060107">
				<ele>280.000000</ele>
			</trkpt>
			<trkpt lat="50.652212" lon="14.060161">
				<ele>280.000000</ele>
			</trkpt>
			<trkpt lat="50.652240" lon="14.060180">
				<ele>280.000000</ele>
			</trkpt>
			<trkpt lat="50.652445" lon="14.060323">
				<ele>283.000000</ele>
			</trkpt>
			<trkpt lat="50.652445" lon="14.060323">
				<ele>283.000000</ele>
			</trkpt>
			<trkpt lat="50.652240" lon="14.060180">
				<ele>280.000000</ele>
			</trkpt>
			<trkpt lat="50.652212" lon="14.060161">
				<ele>280.000000</ele>
			</trkpt>
			<trkpt lat="50.652155" lon="14.060107">
				<ele>280.000000</ele>
			</trkpt>
			<trkpt lat="50.652137" lon="14.060071">
				<ele>280.000000</ele>
			</trkpt>
			<trkpt lat="50.652149" lon="14.060008">
				<ele>280.000000</ele>
			</trkpt>
			<trkpt lat="50.652183" lon="14.059955">
				<ele>279.000000</ele>
			</trkpt>
			<trkpt lat="50.652291" lon="14.059811">
				<ele>276.000000</ele>
			</trkpt>
			<trkpt lat="50.652354" lon="14.059712">
				<ele>274.000000</ele>
			</trkpt>
			<trkpt lat="50.652388" lon="14.059685">
				<ele>274.000000</ele>
			</trkpt>
			<trkpt lat="50.652434" lon="14.059649">
				<ele>273.000000</ele>
			</trkpt>
			<trkpt lat="50.652485" lon="14.059649">
				<ele>273.000000</ele>
			</trkpt>
			<trkpt lat="50.652542" lon="14.059668">
				<ele>272.000000</ele>
			</trkpt>
			<trkpt lat="50.652610" lon="14.059704">
				<ele>271.000000</ele>
			</trkpt>
			<trkpt lat="50.652719" lon="14.059820">
				<ele>270.000000</ele>
			</trkpt>
			<trkpt lat="50.652804" lon="14.059928">
				<ele>269.000000</ele>
			</trkpt>
			<trkpt lat="50.652878" lon="14.060054">
				<ele>268.000000</ele>
			</trkpt>
			<trkpt lat="50.652912" lon="14.060180">
				<ele>267.000000</ele>
			</trkpt>
			<trkpt lat="50.652952" lon="14.060350">
				<ele>266.000000</ele>
			</trkpt>
			<trkpt lat="50.652952" lon="14.060521">
				<ele>265.000000</ele>
			</trkpt>
			<trkpt lat="50.652946" lon="14.060790">
				<ele>262.000000</ele>
			</trkpt>
			<trkpt lat="50.652952" lon="14.060897">
				<ele>261.000000</ele>
			</trkpt>
			<trkpt lat="50.652975" lon="14.060997">
				<ele>259.000000</ele>
			</trkpt>
			<trkpt lat="50.653009" lon="14.061123">
				<ele>258.000000</ele>
			</trkpt>
			<trkpt lat="50.653037" lon="14.061266">
				<ele>256.000000</ele>
			</trkpt>
			<trkpt lat="50.653037" lon="14.061339">
				<ele>255.000000</ele>
			</trkpt>
			<trkpt lat="50.653032" lon="14.061410">
				<ele>254.000000</ele>
			</trkpt>
			<trkpt lat="50.653020" lon="14.061463">
				<ele>254.000000</ele>
			</trkpt>
			<trkpt lat="50.652998" lon="14.061526">
				<ele>253.000000</ele>
			</trkpt>
			<trkpt lat="50.652918" lon="14.061652">
				<ele>251.000000</ele>
			</trkpt>
			<trkpt lat="50.652775" lon="14.061805">
				<ele>249.000000</ele>
			</trkpt>
			<trkpt lat="50.652667" lon="14.061913">
				<ele>247.000000</ele>
			</trkpt>
			<trkpt lat="50.652621" lon="14.061939">
				<ele>246.000000</ele>
			</trkpt>
			<trkpt lat="50.652576" lon="14.061939">
				<ele>246.000000</ele>
			</trkpt>
			<trkpt lat="50.652450" lon="14.061931">
				<ele>244.000000</ele>
			</trkpt>
			<trkpt lat="50.652251" lon="14.061905">
				<ele>243.000000</ele>
			</trkpt>
			<trkpt lat="50.652092" lon="14.061868">
				<ele>242.000000</ele>
			</trkpt>
			<trkpt lat="50.651938" lon="14.061815">
				<ele>241.000000</ele>
			</trkpt>
			<trkpt lat="50.651710" lon="14.061733">
				<ele>237.000000</ele>
			</trkpt>
			<trkpt lat="50.651568" lon="14.061662">
				<ele>234.000000</ele>
			</trkpt>
			<trkpt lat="50.651494" lon="14.061652">
				<ele>232.000000</ele>
			</trkpt>
			<trkpt lat="50.651551" lon="14.061752">
				<ele>232.000000</ele>
			</trkpt>
			<trkpt lat="50.651192" lon="14.062236">
				<ele>219.000000</ele>
			</trkpt>
			<trkpt lat="50.651278" lon="14.062416">
				<ele>220.000000</ele>
			</trkpt>
			<trkpt lat="50.651329" lon="14.062560">
				<ele>220.000000</ele>
			</trkpt>
			<trkpt lat="50.651357" lon="14.062685">
				<ele>221.000000</ele>
			</trkpt>
			<trkpt lat="50.651386" lon="14.062884">
				<ele>222.000000</ele>
			</trkpt>
			<trkpt lat="50.651437" lon="14.063161">
				<ele>223.000000</ele>
			</trkpt>
			<trkpt lat="50.651511" lon="14.063700">
				<ele>224.000000</ele>
			</trkpt>
			<trkpt lat="50.651539" lon="14.063853">
				<ele>225.000000</ele>
			</trkpt>
			<trkpt lat="50.651596" lon="14.064023">
				<ele>225.000000</ele>
			</trkpt>
			<trkpt lat="50.651659" lon="14.064222">
				<ele>226.000000</ele>
			</trkpt>
			<trkpt lat="50.651762" lon="14.064492">
				<ele>226.000000</ele>
			</trkpt>
			<trkpt lat="50.651841" lon="14.064500">
				<ele>226.000000</ele>
			</trkpt>
			<trkpt lat="50.651915" lon="14.064545">
				<ele>226.000000</ele>
			</trkpt>
			<trkpt lat="50.652086" lon="14.064698">
				<ele>225.000000</ele>
			</trkpt>
			<trkpt lat="50.652621" lon="14.065210">
				<ele>221.000000</ele>
			</trkpt>
			<trkpt lat="50.652957" lon="14.065497">
				<ele>219.000000</ele>
			</trkpt>
			<trkpt lat="50.653311" lon="14.065803">
				<ele>216.000000</ele>
			</trkpt>
			<trkpt lat="50.653470" lon="14.065803">
				<ele>215.000000</ele>
			</trkpt>
			<trkpt lat="50.653550" lon="14.065811">
				<ele>215.000000</ele>
			</trkpt>
			<trkpt lat="50.653743" lon="14.065947">
				<ele>214.000000</ele>
			</trkpt>
			<trkpt lat="50.654074" lon="14.066144">
				<ele>212.000000</ele>
			</trkpt>
			<trkpt lat="50.654643" lon="14.066440">
				<ele>209.000000</ele>
			</trkpt>
			<trkpt lat="50.654643" lon="14.066440">
				<ele>209.000000</ele>
			</trkpt>
			<trkpt lat="50.654683" lon="14.066459">
				<ele>209.000000</ele>
			</trkpt>
			<trkpt lat="50.654786" lon="14.066413">
				<ele>208.000000</ele>
			</trkpt>
			<trkpt lat="50.654951" lon="14.066494">
				<ele>207.000000</ele>
			</trkpt>
			<trkpt lat="50.655088" lon="14.066549">
				<ele>206.000000</ele>
			</trkpt>
			<trkpt lat="50.655247" lon="14.066584">
				<ele>204.000000</ele>
			</trkpt>
			<trkpt lat="50.655395" lon="14.066612">
				<ele>203.000000</ele>
			</trkpt>
			<trkpt lat="50.655566" lon="14.066593">
				<ele>201.000000</ele>
			</trkpt>
			<trkpt lat="50.655743" lon="14.066557">
				<ele>196.000000</ele>
			</trkpt>
			<trkpt lat="50.655851" lon="14.066549">
				<ele>197.000000</ele>
			</trkpt>
			<trkpt lat="50.655868" lon="14.066440">
				<ele>197.000000</ele>
			</trkpt>
			<trkpt lat="50.655931" lon="14.066432">
				<ele>197.000000</ele>
			</trkpt>
			<trkpt lat="50.656130" lon="14.066323">
				<ele>197.000000</ele>
			</trkpt>
			<trkpt lat="50.656255" lon="14.066243">
				<ele>195.000000</ele>
			</trkpt>
			<trkpt lat="50.656369" lon="14.066153">
				<ele>194.000000</ele>
			</trkpt>
			<trkpt lat="50.656494" lon="14.066036">
				<ele>192.000000</ele>
			</trkpt>
			<trkpt lat="50.656625" lon="14.065893">
				<ele>190.000000</ele>
			</trkpt>
			<trkpt lat="50.656722" lon="14.066144">
				<ele>190.000000</ele>
			</trkpt>
			<trkpt lat="50.656944" lon="14.066440">
				<ele>189.000000</ele>
			</trkpt>
			<trkpt lat="50.657030" lon="14.066549">
				<ele>188.000000</ele>
			</trkpt>
			<trkpt lat="50.657081" lon="14.066665">
				<ele>187.000000</ele>
			</trkpt>
			<trkpt lat="50.657109" lon="14.066746">
				<ele>187.000000</ele>
			</trkpt>
			<trkpt lat="50.657121" lon="14.066845">
				<ele>186.000000</ele>
			</trkpt>
			<trkpt lat="50.657132" lon="14.066916">
				<ele>186.000000</ele>
			</trkpt>
			<trkpt lat="50.657149" lon="14.066989">
				<ele>186.000000</ele>
			</trkpt>
			<trkpt lat="50.657166" lon="14.067042">
				<ele>185.000000</ele>
			</trkpt>
			<trkpt lat="50.657206" lon="14.067088">
				<ele>185.000000</ele>
			</trkpt>
			<trkpt lat="50.657274" lon="14.067150">
				<ele>184.000000</ele>
			</trkpt>
			<trkpt lat="50.657394" lon="14.067205">
				<ele>181.000000</ele>
			</trkpt>
			<trkpt lat="50.657451" lon="14.067258">
				<ele>180.000000</ele>
			</trkpt>
			<trkpt lat="50.657496" lon="14.067357">
				<ele>179.000000</ele>
			</trkpt>
			<trkpt lat="50.657542" lon="14.067501">
				<ele>177.000000</ele>
			</trkpt>
			<trkpt lat="50.657594" lon="14.067725">
				<ele>174.000000</ele>
			</trkpt>
			<trkpt lat="50.657719" lon="14.068220">
				<ele>169.000000</ele>
			</trkpt>
			<trkpt lat="50.657793" lon="14.068471">
				<ele>166.000000</ele>
			</trkpt>
			<trkpt lat="50.657872" lon="14.068740">
				<ele>163.000000</ele>
			</trkpt>
			<trkpt lat="50.657901" lon="14.068866">
				<ele>162.000000</ele>
			</trkpt>
			<trkpt lat="50.657901" lon="14.068947">
				<ele>161.000000</ele>
			</trkpt>
			<trkpt lat="50.657895" lon="14.069010">
				<ele>161.000000</ele>
			</trkpt>
			<trkpt lat="50.657861" lon="14.069163">
				<ele>159.000000</ele>
			</trkpt>
			<trkpt lat="50.657708" lon="14.069495">
				<ele>154.000000</ele>
			</trkpt>
			<trkpt lat="50.657667" lon="14.069620">
				<ele>154.000000</ele>
			</trkpt>
			<trkpt lat="50.657644" lon="14.069692">
				<ele>153.000000</ele>
			</trkpt>
			<trkpt lat="50.657639" lon="14.069773">
				<ele>152.000000</ele>
			</trkpt>
			<trkpt lat="50.657651" lon="14.069845">
				<ele>152.000000</ele>
			</trkpt>
			<trkpt lat="50.657656" lon="14.069935">
				<ele>151.000000</ele>
			</trkpt>
			<trkpt lat="50.657679" lon="14.069989">
				<ele>151.000000</ele>
			</trkpt>
			<trkpt lat="50.657701" lon="14.070061">
				<ele>151.000000</ele>
			</trkpt>
			<trkpt lat="50.657742" lon="14.070115">
				<ele>150.000000</ele>
			</trkpt>
			<trkpt lat="50.657787" lon="14.070168">
				<ele>150.000000</ele>
			</trkpt>
			<trkpt lat="50.657850" lon="14.070249">
				<ele>149.000000</ele>
			</trkpt>
			<trkpt lat="50.657907" lon="14.070321">
				<ele>148.000000</ele>
			</trkpt>
			<trkpt lat="50.657952" lon="14.070411">
				<ele>148.000000</ele>
			</trkpt>
			<trkpt lat="50.657975" lon="14.070492">
				<ele>148.000000</ele>
			</trkpt>
			<trkpt lat="50.657998" lon="14.070591">
				<ele>147.000000</ele>
			</trkpt>
			<trkpt lat="50.658003" lon="14.070690">
				<ele>147.000000</ele>
			</trkpt>
			<trkpt lat="50.658015" lon="14.070807">
				<ele>146.000000</ele>
			</trkpt>
			<trkpt lat="50.658009" lon="14.070914">
				<ele>145.000000</ele>
			</trkpt>
			<trkpt lat="50.657975" lon="14.071327">
				<ele>144.000000</ele>
			</trkpt>
			<trkpt lat="50.657969" lon="14.071579">
				<ele>142.000000</ele>
			</trkpt>
			<trkpt lat="50.657907" lon="14.071920">
				<ele>145.000000</ele>
			</trkpt>
			<trkpt lat="50.657872" lon="14.072082">
				<ele>145.000000</ele>
			</trkpt>
			<trkpt lat="50.657838" lon="14.072262">
				<ele>145.000000</ele>
			</trkpt>
			<trkpt lat="50.657822" lon="14.072522">
				<ele>146.000000</ele>
			</trkpt>
			<trkpt lat="50.657804" lon="14.072719">
				<ele>146.000000</ele>
			</trkpt>
			<trkpt lat="50.657787" lon="14.072872">
				<ele>146.000000</ele>
			</trkpt>
			<trkpt lat="50.657753" lon="14.072998">
				<ele>146.000000</ele>
			</trkpt>
			<trkpt lat="50.657701" lon="14.073134">
				<ele>147.000000</ele>
			</trkpt>
			<trkpt lat="50.657531" lon="14.073134">
				<ele>147.000000</ele>
			</trkpt>
			<trkpt lat="50.657457" lon="14.073151">
				<ele>147.000000</ele>
			</trkpt>
			<trkpt lat="50.657406" lon="14.073178">
				<ele>147.000000</ele>
			</trkpt>
			<trkpt lat="50.657372" lon="14.073205">
				<ele>148.000000</ele>
			</trkpt>
			<trkpt lat="50.657331" lon="14.073250">
				<ele>148.000000</ele>
			</trkpt>
			<trkpt lat="50.657297" lon="14.073331">
				<ele>148.000000</ele>
			</trkpt>
			<trkpt lat="50.657252" lon="14.073394">
				<ele>148.000000</ele>
			</trkpt>
			<trkpt lat="50.657172" lon="14.073474">
				<ele>148.000000</ele>
			</trkpt>
			<trkpt lat="50.657149" lon="14.073537">
				<ele>148.000000</ele>
			</trkpt>
			<trkpt lat="50.657149" lon="14.073582">
				<ele>148.000000</ele>
			</trkpt>
			<trkpt lat="50.657155" lon="14.073645">
				<ele>149.000000</ele>
			</trkpt>
			<trkpt lat="50.657195" lon="14.073744">
				<ele>149.000000</ele>
			</trkpt>
			<trkpt lat="50.657274" lon="14.073968">
				<ele>149.000000</ele>
			</trkpt>
			<trkpt lat="50.657434" lon="14.074390">
				<ele>150.000000</ele>
			</trkpt>
			<trkpt lat="50.657508" lon="14.074606">
				<ele>150.000000</ele>
			</trkpt>
			<trkpt lat="50.657565" lon="14.074831">
				<ele>150.000000</ele>
			</trkpt>
			<trkpt lat="50.657594" lon="14.075073">
				<ele>150.000000</ele>
			</trkpt>
			<trkpt lat="50.657685" lon="14.076287">
				<ele>148.000000</ele>
			</trkpt>
			<trkpt lat="50.657701" lon="14.076663">
				<ele>146.000000</ele>
			</trkpt>
			<trkpt lat="50.657708" lon="14.076960">
				<ele>145.000000</ele>
			</trkpt>
			<trkpt lat="50.657685" lon="14.077562">
				<ele>145.000000</ele>
			</trkpt>
			<trkpt lat="50.657685" lon="14.077742">
				<ele>145.000000</ele>
			</trkpt>
			<trkpt lat="50.657708" lon="14.078109">
				<ele>145.000000</ele>
			</trkpt>
			<trkpt lat="50.657770" lon="14.078361">
				<ele>145.000000</ele>
			</trkpt>
			<trkpt lat="50.658032" lon="14.079592">
				<ele>147.000000</ele>
			</trkpt>
			<trkpt lat="50.658231" lon="14.080095">
				<ele>146.000000</ele>
			</trkpt>
			<trkpt lat="50.658436" lon="14.080598">
				<ele>146.000000</ele>
			</trkpt>
			<trkpt lat="50.659086" lon="14.082090">
				<ele>147.000000</ele>
			</trkpt>
			<trkpt lat="50.659222" lon="14.082395">
				<ele>146.000000</ele>
			</trkpt>
			<trkpt lat="50.659222" lon="14.082493">
				<ele>146.000000</ele>
			</trkpt>
			<trkpt lat="50.659234" lon="14.082566">
				<ele>146.000000</ele>
			</trkpt>
			<trkpt lat="50.659262" lon="14.082619">
				<ele>146.000000</ele>
			</trkpt>
			<trkpt lat="50.659313" lon="14.082692">
				<ele>146.000000</ele>
			</trkpt>
			<trkpt lat="50.659399" lon="14.082772">
				<ele>147.000000</ele>
			</trkpt>
			<trkpt lat="50.659444" lon="14.082853">
				<ele>147.000000</ele>
			</trkpt>
			<trkpt lat="50.659632" lon="14.083275">
				<ele>148.000000</ele>
			</trkpt>
			<trkpt lat="50.659655" lon="14.083338">
				<ele>148.000000</ele>
			</trkpt>
			<trkpt lat="50.659661" lon="14.083392">
				<ele>148.000000</ele>
			</trkpt>
			<trkpt lat="50.659661" lon="14.083437">
				<ele>148.000000</ele>
			</trkpt>
			<trkpt lat="50.659655" lon="14.083472">
				<ele>148.000000</ele>
			</trkpt>
			<trkpt lat="50.659883" lon="14.083841">
				<ele>149.000000</ele>
			</trkpt>
			<trkpt lat="50.659963" lon="14.083994">
				<ele>150.000000</ele>
			</trkpt>
			<trkpt lat="50.660036" lon="14.084147">
				<ele>150.000000</ele>
			</trkpt>
			<trkpt lat="50.660276" lon="14.084740">
				<ele>150.000000</ele>
			</trkpt>
			<trkpt lat="50.660384" lon="14.085017">
				<ele>150.000000</ele>
			</trkpt>
			<trkpt lat="50.660486" lon="14.085314">
				<ele>150.000000</ele>
			</trkpt>
			<trkpt lat="50.660577" lon="14.085646">
				<ele>149.000000</ele>
			</trkpt>
			<trkpt lat="50.660651" lon="14.085943">
				<ele>149.000000</ele>
			</trkpt>
			<trkpt lat="50.660691" lon="14.086168">
				<ele>149.000000</ele>
			</trkpt>
			<trkpt lat="50.660714" lon="14.086384">
				<ele>148.000000</ele>
			</trkpt>
			<trkpt lat="50.660720" lon="14.086598">
				<ele>148.000000</ele>
			</trkpt>
			<trkpt lat="50.660748" lon="14.086680">
				<ele>147.000000</ele>
			</trkpt>
			<trkpt lat="50.660777" lon="14.086761">
				<ele>146.000000</ele>
			</trkpt>
			<trkpt lat="50.660794" lon="14.086860">
				<ele>146.000000</ele>
			</trkpt>
			<trkpt lat="50.660805" lon="14.086994">
				<ele>145.000000</ele>
			</trkpt>
			<trkpt lat="50.660828" lon="14.087856">
				<ele>145.000000</ele>
			</trkpt>
			<trkpt lat="50.660834" lon="14.088529">
				<ele>145.000000</ele>
			</trkpt>
			<trkpt lat="50.660817" lon="14.088701">
				<ele>145.000000</ele>
			</trkpt>
			<trkpt lat="50.660777" lon="14.088898">
				<ele>145.000000</ele>
			</trkpt>
			<trkpt lat="50.660748" lon="14.089042">
				<ele>145.000000</ele>
			</trkpt>
			<trkpt lat="50.660754" lon="14.089185">
				<ele>145.000000</ele>
			</trkpt>
			<trkpt lat="50.660737" lon="14.089311">
				<ele>145.000000</ele>
			</trkpt>
			<trkpt lat="50.660737" lon="14.089365">
				<ele>145.000000</ele>
			</trkpt>
			<trkpt lat="50.660742" lon="14.089428">
				<ele>145.000000</ele>
			</trkpt>
			<trkpt lat="50.660771" lon="14.089510">
				<ele>145.000000</ele>
			</trkpt>
			<trkpt lat="50.660817" lon="14.089617">
				<ele>144.000000</ele>
			</trkpt>
			<trkpt lat="50.660856" lon="14.089716">
				<ele>144.000000</ele>
			</trkpt>
			<trkpt lat="50.660862" lon="14.089850">
				<ele>144.000000</ele>
			</trkpt>
			<trkpt lat="50.660874" lon="14.090013">
				<ele>144.000000</ele>
			</trkpt>
			<trkpt lat="50.660896" lon="14.090650">
				<ele>144.000000</ele>
			</trkpt>
			<trkpt lat="50.660964" lon="14.092222">
				<ele>144.000000</ele>
			</trkpt>
			<trkpt lat="50.660987" lon="14.092663">
				<ele>144.000000</ele>
			</trkpt>
			<trkpt lat="50.661005" lon="14.093057">
				<ele>144.000000</ele>
			</trkpt>
			<trkpt lat="50.661039" lon="14.093435">
				<ele>144.000000</ele>
			</trkpt>
			<trkpt lat="50.661084" lon="14.093821">
				<ele>144.000000</ele>
			</trkpt>
			<trkpt lat="50.661153" lon="14.094424">
				<ele>144.000000</ele>
			</trkpt>
			<trkpt lat="50.661215" lon="14.094837">
				<ele>144.000000</ele>
			</trkpt>
			<trkpt lat="50.661403" lon="14.095789">
				<ele>143.000000</ele>
			</trkpt>
			<trkpt lat="50.661864" lon="14.097963">
				<ele>143.000000</ele>
			</trkpt>
			<trkpt lat="50.662218" lon="14.099615">
				<ele>143.000000</ele>
			</trkpt>
			<trkpt lat="50.662320" lon="14.100110">
				<ele>142.000000</ele>
			</trkpt>
			<trkpt lat="50.662451" lon="14.100738">
				<ele>142.000000</ele>
			</trkpt>
			<trkpt lat="50.662645" lon="14.101556">
				<ele>142.000000</ele>
			</trkpt>
			<trkpt lat="50.662776" lon="14.102131">
				<ele>142.000000</ele>
			</trkpt>
			<trkpt lat="50.662878" lon="14.102651">
				<ele>142.000000</ele>
			</trkpt>
			<trkpt lat="50.662935" lon="14.102966">
				<ele>142.000000</ele>
			</trkpt>
			<trkpt lat="50.662992" lon="14.103334">
				<ele>142.000000</ele>
			</trkpt>
			<trkpt lat="50.663123" lon="14.103613">
				<ele>142.000000</ele>
			</trkpt>
			<trkpt lat="50.663242" lon="14.103936">
				<ele>142.000000</ele>
			</trkpt>
			<trkpt lat="50.663527" lon="14.104727">
				<ele>143.000000</ele>
			</trkpt>
			<trkpt lat="50.663692" lon="14.105284">
				<ele>144.000000</ele>
			</trkpt>
			<trkpt lat="50.663384" lon="14.105473">
				<ele>145.000000</ele>
			</trkpt>
			<trkpt lat="50.663299" lon="14.105562">
				<ele>145.000000</ele>
			</trkpt>
			<trkpt lat="50.663180" lon="14.105680">
				<ele>145.000000</ele>
			</trkpt>
			<trkpt lat="50.663162" lon="14.105724">
				<ele>146.000000</ele>
			</trkpt>
			<trkpt lat="50.663146" lon="14.105796">
				<ele>146.000000</ele>
			</trkpt>
			<trkpt lat="50.663128" lon="14.105957">
				<ele>146.000000</ele>
			</trkpt>
			<trkpt lat="50.663140" lon="14.106156">
				<ele>146.000000</ele>
			</trkpt>
			<trkpt lat="50.663134" lon="14.106299">
				<ele>147.000000</ele>
			</trkpt>
			<trkpt lat="50.663100" lon="14.106460">
				<ele>147.000000</ele>
			</trkpt>
			<trkpt lat="50.663043" lon="14.106640">
				<ele>148.000000</ele>
			</trkpt>
			<trkpt lat="50.662906" lon="14.107072">
				<ele>149.000000</ele>
			</trkpt>
			<trkpt lat="50.662815" lon="14.107349">
				<ele>149.000000</ele>
			</trkpt>
			<trkpt lat="50.662747" lon="14.107511">
				<ele>150.000000</ele>
			</trkpt>
			<trkpt lat="50.662673" lon="14.107655">
				<ele>150.000000</ele>
			</trkpt>
			<trkpt lat="50.662593" lon="14.107772">
				<ele>152.000000</ele>
			</trkpt>
			<trkpt lat="50.662508" lon="14.107880">
				<ele>153.000000</ele>
			</trkpt>
			<trkpt lat="50.662388" lon="14.107997">
				<ele>155.000000</ele>
			</trkpt>
			<trkpt lat="50.662280" lon="14.108087">
				<ele>155.000000</ele>
			</trkpt>
			<trkpt lat="50.662172" lon="14.108087">
				<ele>155.000000</ele>
			</trkpt>
			<trkpt lat="50.662104" lon="14.108060">
				<ele>155.000000</ele>
			</trkpt>
			<trkpt lat="50.661995" lon="14.107978">
				<ele>155.000000</ele>
			</trkpt>
			<trkpt lat="50.661933" lon="14.107934">
				<ele>155.000000</ele>
			</trkpt>
			<trkpt lat="50.661870" lon="14.107951">
				<ele>155.000000</ele>
			</trkpt>
			<trkpt lat="50.661830" lon="14.108077">
				<ele>155.000000</ele>
			</trkpt>
			<trkpt lat="50.661813" lon="14.108123">
				<ele>156.000000</ele>
			</trkpt>
			<trkpt lat="50.661779" lon="14.108167">
				<ele>156.000000</ele>
			</trkpt>
			<trkpt lat="50.661750" lon="14.108194">
				<ele>157.000000</ele>
			</trkpt>
			<trkpt lat="50.661711" lon="14.108221">
				<ele>157.000000</ele>
			</trkpt>
			<trkpt lat="50.661654" lon="14.108257">
				<ele>158.000000</ele>
			</trkpt>
			<trkpt lat="50.661603" lon="14.108293">
				<ele>159.000000</ele>
			</trkpt>
			<trkpt lat="50.661512" lon="14.108410">
				<ele>160.000000</ele>
			</trkpt>
			<trkpt lat="50.661255" lon="14.108743">
				<ele>164.000000</ele>
			</trkpt>
			<trkpt lat="50.661135" lon="14.108867">
				<ele>165.000000</ele>
			</trkpt>
			<trkpt lat="50.661039" lon="14.109003">
				<ele>166.000000</ele>
			</trkpt>
			<trkpt lat="50.660959" lon="14.109119">
				<ele>167.000000</ele>
			</trkpt>
			<trkpt lat="50.660868" lon="14.109290">
				<ele>169.000000</ele>
			</trkpt>
			<trkpt lat="50.660811" lon="14.109398">
				<ele>169.000000</ele>
			</trkpt>
			<trkpt lat="50.660731" lon="14.109605">
				<ele>170.000000</ele>
			</trkpt>
			<trkpt lat="50.660714" lon="14.109685">
				<ele>170.000000</ele>
			</trkpt>
			<trkpt lat="50.660685" lon="14.109811">
				<ele>170.000000</ele>
			</trkpt>
			<trkpt lat="50.660560" lon="14.110710">
				<ele>174.000000</ele>
			</trkpt>
			<trkpt lat="50.660628" lon="14.110863">
				<ele>175.000000</ele>
			</trkpt>
			<trkpt lat="50.660669" lon="14.111014">
				<ele>176.000000</ele>
			</trkpt>
			<trkpt lat="50.660697" lon="14.111230">
				<ele>178.000000</ele>
			</trkpt>
			<trkpt lat="50.660708" lon="14.111527">
				<ele>181.000000</ele>
			</trkpt>
			<trkpt lat="50.660726" lon="14.112335">
				<ele>187.000000</ele>
			</trkpt>
			<trkpt lat="50.660726" lon="14.112704">
				<ele>190.000000</ele>
			</trkpt>
			<trkpt lat="50.660737" lon="14.113081">
				<ele>193.000000</ele>
			</trkpt>
			<trkpt lat="50.660748" lon="14.113377">
				<ele>195.000000</ele>
			</trkpt>
			<trkpt lat="50.660788" lon="14.113691">
				<ele>198.000000</ele>
			</trkpt>
			<trkpt lat="50.660834" lon="14.113953">
				<ele>200.000000</ele>
			</trkpt>
			<trkpt lat="50.660964" lon="14.114536">
				<ele>206.000000</ele>
			</trkpt>
			<trkpt lat="50.661021" lon="14.114788">
				<ele>208.000000</ele>
			</trkpt>
			<trkpt lat="50.661084" lon="14.115138">
				<ele>211.000000</ele>
			</trkpt>
			<trkpt lat="50.661244" lon="14.116100">
				<ele>219.000000</ele>
			</trkpt>
			<trkpt lat="50.661300" lon="14.116270">
				<ele>218.000000</ele>
			</trkpt>
			<trkpt lat="50.661420" lon="14.116674">
				<ele>215.000000</ele>
			</trkpt>
			<trkpt lat="50.661477" lon="14.116846">
				<ele>213.000000</ele>
			</trkpt>
			<trkpt lat="50.661540" lon="14.116997">
				<ele>211.000000</ele>
			</trkpt>
			<trkpt lat="50.661603" lon="14.117123">
				<ele>209.000000</ele>
			</trkpt>
			<trkpt lat="50.661677" lon="14.117213">
				<ele>208.000000</ele>
			</trkpt>
			<trkpt lat="50.661779" lon="14.117295">
				<ele>206.000000</ele>
			</trkpt>
			<trkpt lat="50.661939" lon="14.117420">
				<ele>204.000000</ele>
			</trkpt>
			<trkpt lat="50.662058" lon="14.117528">
				<ele>202.000000</ele>
			</trkpt>
			<trkpt lat="50.662155" lon="14.117653">
				<ele>200.000000</ele>
			</trkpt>
			<trkpt lat="50.662348" lon="14.117914">
				<ele>197.000000</ele>
			</trkpt>
			<trkpt lat="50.662405" lon="14.118012">
				<ele>196.000000</ele>
			</trkpt>
			<trkpt lat="50.662485" lon="14.118238">
				<ele>195.000000</ele>
			</trkpt>
			<trkpt lat="50.662525" lon="14.118327">
				<ele>195.000000</ele>
			</trkpt>
			<trkpt lat="50.662639" lon="14.118454">
				<ele>195.000000</ele>
			</trkpt>
			<trkpt lat="50.662758" lon="14.118543">
				<ele>195.000000</ele>
			</trkpt>
			<trkpt lat="50.662833" lon="14.118605">
				<ele>195.000000</ele>
			</trkpt>
			<trkpt lat="50.663083" lon="14.118723">
				<ele>195.000000</ele>
			</trkpt>
			<trkpt lat="50.663208" lon="14.118804">
				<ele>195.000000</ele>
			</trkpt>
			<trkpt lat="50.663453" lon="14.118983">
				<ele>195.000000</ele>
			</trkpt>
			<trkpt lat="50.663755" lon="14.119261">
				<ele>195.000000</ele>
			</trkpt>
			<trkpt lat="50.663886" lon="14.119379">
				<ele>195.000000</ele>
			</trkpt>
			<trkpt lat="50.663994" lon="14.119486">
				<ele>195.000000</ele>
			</trkpt>
			<trkpt lat="50.664398" lon="14.119989">
				<ele>195.000000</ele>
			</trkpt>
			<trkpt lat="50.664398" lon="14.119989">
				<ele>195.000000</ele>
			</trkpt>
			<trkpt lat="50.664540" lon="14.120169">
				<ele>195.000000</ele>
			</trkpt>
			<trkpt lat="50.664689" lon="14.120366">
				<ele>195.000000</ele>
			</trkpt>
			<trkpt lat="50.664814" lon="14.120591">
				<ele>195.000000</ele>
			</trkpt>
			<trkpt lat="50.664917" lon="14.120798">
				<ele>195.000000</ele>
			</trkpt>
			<trkpt lat="50.665110" lon="14.121265">
				<ele>195.000000</ele>
			</trkpt>
			<trkpt lat="50.665178" lon="14.121463">
				<ele>195.000000</ele>
			</trkpt>
			<trkpt lat="50.665264" lon="14.121670">
				<ele>195.000000</ele>
			</trkpt>
			<trkpt lat="50.665326" lon="14.121884">
				<ele>195.000000</ele>
			</trkpt>
			<trkpt lat="50.665383" lon="14.122083">
				<ele>195.000000</ele>
			</trkpt>
			<trkpt lat="50.665468" lon="14.122505">
				<ele>195.000000</ele>
			</trkpt>
			<trkpt lat="50.665582" lon="14.123161">
				<ele>195.000000</ele>
			</trkpt>
			<trkpt lat="50.665759" lon="14.124023">
				<ele>195.000000</ele>
			</trkpt>
			<trkpt lat="50.665804" lon="14.124220">
				<ele>194.000000</ele>
			</trkpt>
			<trkpt lat="50.665833" lon="14.124391">
				<ele>193.000000</ele>
			</trkpt>
			<trkpt lat="50.665861" lon="14.124670">
				<ele>192.000000</ele>
			</trkpt>
			<trkpt lat="50.665947" lon="14.125406">
				<ele>187.000000</ele>
			</trkpt>
			<trkpt lat="50.665959" lon="14.125451">
				<ele>187.000000</ele>
			</trkpt>
			<trkpt lat="50.665975" lon="14.125486">
				<ele>186.000000</ele>
			</trkpt>
			<trkpt lat="50.665993" lon="14.125523">
				<ele>186.000000</ele>
			</trkpt>
			<trkpt lat="50.666032" lon="14.125532">
				<ele>186.000000</ele>
			</trkpt>
			<trkpt lat="50.666073" lon="14.125513">
				<ele>185.000000</ele>
			</trkpt>
			<trkpt lat="50.666112" lon="14.125486">
				<ele>185.000000</ele>
			</trkpt>
			<trkpt lat="50.666135" lon="14.125433">
				<ele>185.000000</ele>
			</trkpt>
			<trkpt lat="50.666163" lon="14.125362">
				<ele>184.000000</ele>
			</trkpt>
			<trkpt lat="50.666260" lon="14.125037">
				<ele>182.000000</ele>
			</trkpt>
			<trkpt lat="50.666311" lon="14.124920">
				<ele>182.000000</ele>
			</trkpt>
			<trkpt lat="50.666368" lon="14.124822">
				<ele>181.000000</ele>
			</trkpt>
			<trkpt lat="50.666391" lon="14.124786">
				<ele>181.000000</ele>
			</trkpt>
			<trkpt lat="50.666419" lon="14.124759">
				<ele>180.000000</ele>
			</trkpt>
			<trkpt lat="50.666448" lon="14.124759">
				<ele>180.000000</ele>
			</trkpt>
			<trkpt lat="50.666482" lon="14.124777">
				<ele>180.000000</ele>
			</trkpt>
			<trkpt lat="50.666511" lon="14.124813">
				<ele>179.000000</ele>
			</trkpt>
			<trkpt lat="50.666522" lon="14.124876">
				<ele>179.000000</ele>
			</trkpt>
			<trkpt lat="50.666511" lon="14.124975">
				<ele>178.000000</ele>
			</trkpt>
			<trkpt lat="50.666494" lon="14.125100">
				<ele>177.000000</ele>
			</trkpt>
			<trkpt lat="50.666272" lon="14.126304">
				<ele>171.000000</ele>
			</trkpt>
			<trkpt lat="50.666112" lon="14.127077">
				<ele>167.000000</ele>
			</trkpt>
			<trkpt lat="50.665947" lon="14.127867">
				<ele>163.000000</ele>
			</trkpt>
			<trkpt lat="50.665816" lon="14.128568">
				<ele>159.000000</ele>
			</trkpt>
			<trkpt lat="50.665696" lon="14.129241">
				<ele>155.000000</ele>
			</trkpt>
			<trkpt lat="50.665611" lon="14.129717">
				<ele>153.000000</ele>
			</trkpt>
			<trkpt lat="50.665589" lon="14.129924">
				<ele>152.000000</ele>
			</trkpt>
			<trkpt lat="50.665577" lon="14.130096">
				<ele>151.000000</ele>
			</trkpt>
			<trkpt lat="50.665600" lon="14.130220">
				<ele>151.000000</ele>
			</trkpt>
			<trkpt lat="50.665634" lon="14.130346">
				<ele>150.000000</ele>
			</trkpt>
			<trkpt lat="50.665742" lon="14.130517">
				<ele>148.000000</ele>
			</trkpt>
			<trkpt lat="50.665845" lon="14.130635">
				<ele>146.000000</ele>
			</trkpt>
			<trkpt lat="50.665628" lon="14.131083">
				<ele>146.000000</ele>
			</trkpt>
			<trkpt lat="50.665429" lon="14.131568">
				<ele>146.000000</ele>
			</trkpt>
			<trkpt lat="50.665269" lon="14.131973">
				<ele>146.000000</ele>
			</trkpt>
			<trkpt lat="50.665161" lon="14.132296">
				<ele>146.000000</ele>
			</trkpt>
			<trkpt lat="50.665076" lon="14.132637">
				<ele>145.000000</ele>
			</trkpt>
			<trkpt lat="50.664974" lon="14.133105">
				<ele>145.000000</ele>
			</trkpt>
			<trkpt lat="50.664643" lon="14.134757">
				<ele>145.000000</ele>
			</trkpt>
			<trkpt lat="50.664444" lon="14.135665">
				<ele>145.000000</ele>
			</trkpt>
			<trkpt lat="50.664387" lon="14.135719">
				<ele>145.000000</ele>
			</trkpt>
			<trkpt lat="50.664341" lon="14.135809">
				<ele>145.000000</ele>
			</trkpt>
			<trkpt lat="50.664319" lon="14.135962">
				<ele>145.000000</ele>
			</trkpt>
			<trkpt lat="50.664284" lon="14.136078">
				<ele>145.000000</ele>
			</trkpt>
			<trkpt lat="50.664193" lon="14.136239">
				<ele>145.000000</ele>
			</trkpt>
			<trkpt lat="50.664005" lon="14.136562">
				<ele>145.000000</ele>
			</trkpt>
			<trkpt lat="50.663863" lon="14.136832">
				<ele>145.000000</ele>
			</trkpt>
			<trkpt lat="50.663732" lon="14.137111">
				<ele>145.000000</ele>
			</trkpt>
			<trkpt lat="50.663567" lon="14.137507">
				<ele>145.000000</ele>
			</trkpt>
			<trkpt lat="50.663407" lon="14.138063">
				<ele>145.000000</ele>
			</trkpt>
			<trkpt lat="50.663390" lon="14.138234">
				<ele>145.000000</ele>
			</trkpt>
			<trkpt lat="50.663271" lon="14.138799">
				<ele>145.000000</ele>
			</trkpt>
			<trkpt lat="50.663146" lon="14.139222">
				<ele>147.000000</ele>
			</trkpt>
			<trkpt lat="50.663390" lon="14.139339">
				<ele>146.000000</ele>
			</trkpt>
			<trkpt lat="50.663823" lon="14.139465">
				<ele>145.000000</ele>
			</trkpt>
			<trkpt lat="50.663687" lon="14.140947">
				<ele>145.000000</ele>
			</trkpt>
			<trkpt lat="50.663704" lon="14.141306">
				<ele>145.000000</ele>
			</trkpt>
			<trkpt lat="50.663692" lon="14.141549">
				<ele>145.000000</ele>
			</trkpt>
			<trkpt lat="50.663971" lon="14.141503">
				<ele>145.000000</ele>
			</trkpt>
			<trkpt lat="50.664028" lon="14.141486">
				<ele>145.000000</ele>
			</trkpt>
			<trkpt lat="50.664108" lon="14.141503">
				<ele>145.000000</ele>
			</trkpt>
			<trkpt lat="50.664205" lon="14.141539">
				<ele>145.000000</ele>
			</trkpt>
			<trkpt lat="50.664227" lon="14.141908">
				<ele>145.000000</ele>
			</trkpt>
			<trkpt lat="50.664165" lon="14.143606">
				<ele>145.000000</ele>
			</trkpt>
			<trkpt lat="50.664159" lon="14.143893">
				<ele>145.000000</ele>
			</trkpt>
			<trkpt lat="50.664182" lon="14.144091">
				<ele>145.000000</ele>
			</trkpt>
			<trkpt lat="50.664649" lon="14.144126">
				<ele>143.000000</ele>
			</trkpt>
			<trkpt lat="50.664666" lon="14.144126">
				<ele>143.000000</ele>
			</trkpt>
			<trkpt lat="50.665258" lon="14.144181">
				<ele>140.000000</ele>
			</trkpt>
			<trkpt lat="50.666437" lon="14.144333">
				<ele>135.000000</ele>
			</trkpt>
			<trkpt lat="50.666511" lon="14.144396">
				<ele>135.000000</ele>
			</trkpt>
			<trkpt lat="50.666875" lon="14.144845">
				<ele>135.000000</ele>
			</trkpt>
			<trkpt lat="50.666972" lon="14.144971">
				<ele>135.000000</ele>
			</trkpt>
			<trkpt lat="50.667029" lon="14.145052">
				<ele>135.000000</ele>
			</trkpt>
			<trkpt lat="50.666995" lon="14.145268">
				<ele>135.000000</ele>
			</trkpt>
			<trkpt lat="50.666978" lon="14.145493">
				<ele>135.000000</ele>
			</trkpt>
			<trkpt lat="50.666967" lon="14.145950">
				<ele>135.000000</ele>
			</trkpt>
			<trkpt lat="50.666960" lon="14.146373">
				<ele>135.000000</ele>
			</trkpt>
			<trkpt lat="50.666949" lon="14.146597">
				<ele>135.000000</ele>
			</trkpt>
			<trkpt lat="50.666944" lon="14.146759">
				<ele>135.000000</ele>
			</trkpt>
			<trkpt lat="50.666926" lon="14.146912">
				<ele>135.000000</ele>
			</trkpt>
			<trkpt lat="50.666892" lon="14.147065">
				<ele>135.000000</ele>
			</trkpt>
			<trkpt lat="50.666846" lon="14.147271">
				<ele>135.000000</ele>
			</trkpt>
			<trkpt lat="50.666812" lon="14.147451">
				<ele>135.000000</ele>
			</trkpt>
			<trkpt lat="50.666722" lon="14.148178">
				<ele>135.000000</ele>
			</trkpt>
			<trkpt lat="50.666693" lon="14.148304">
				<ele>135.000000</ele>
			</trkpt>
			<trkpt lat="50.666665" lon="14.148403">
				<ele>135.000000</ele>
			</trkpt>
			<trkpt lat="50.666625" lon="14.148501">
				<ele>135.000000</ele>
			</trkpt>
			<trkpt lat="50.666551" lon="14.148619">
				<ele>135.000000</ele>
			</trkpt>
			<trkpt lat="50.666511" lon="14.149113">
				<ele>135.000000</ele>
			</trkpt>
			<trkpt lat="50.666494" lon="14.149400">
				<ele>135.000000</ele>
			</trkpt>
			<trkpt lat="50.666494" lon="14.149463">
				<ele>135.000000</ele>
			</trkpt>
			<trkpt lat="50.666522" lon="14.149633">
				<ele>135.000000</ele>
			</trkpt>
			<trkpt lat="50.666522" lon="14.149723">
				<ele>135.000000</ele>
			</trkpt>
			<trkpt lat="50.666505" lon="14.149984">
				<ele>135.000000</ele>
			</trkpt>
			<trkpt lat="50.666505" lon="14.149984">
				<ele>135.000000</ele>
			</trkpt>
			<trkpt lat="50.666482" lon="14.150388">
				<ele>135.000000</ele>
			</trkpt>
			<trkpt lat="50.666471" lon="14.151160">
				<ele>135.000000</ele>
			</trkpt>
			<trkpt lat="50.666454" lon="14.151449">
				<ele>135.000000</ele>
			</trkpt>
			<trkpt lat="50.666431" lon="14.151763">
				<ele>135.000000</ele>
			</trkpt>
			<trkpt lat="50.666397" lon="14.152229">
				<ele>135.000000</ele>
			</trkpt>
			<trkpt lat="50.666374" lon="14.152877">
				<ele>135.000000</ele>
			</trkpt>
			<trkpt lat="50.666368" lon="14.153290">
				<ele>135.000000</ele>
			</trkpt>
			<trkpt lat="50.666403" lon="14.153900">
				<ele>135.000000</ele>
			</trkpt>
			<trkpt lat="50.666431" lon="14.154629">
				<ele>135.000000</ele>
			</trkpt>
			<trkpt lat="50.666448" lon="14.155059">
				<ele>135.000000</ele>
			</trkpt>
			<trkpt lat="50.666431" lon="14.155734">
				<ele>135.000000</ele>
			</trkpt>
			<trkpt lat="50.666437" lon="14.156065">
				<ele>135.000000</ele>
			</trkpt>
			<trkpt lat="50.666437" lon="14.156245">
				<ele>135.000000</ele>
			</trkpt>
			<trkpt lat="50.666454" lon="14.156363">
				<ele>135.000000</ele>
			</trkpt>
			<trkpt lat="50.666476" lon="14.156487">
				<ele>135.000000</ele>
			</trkpt>
			<trkpt lat="50.666476" lon="14.156623">
				<ele>135.000000</ele>
			</trkpt>
			<trkpt lat="50.666465" lon="14.156910">
				<ele>135.000000</ele>
			</trkpt>
			<trkpt lat="50.666471" lon="14.157152">
				<ele>135.000000</ele>
			</trkpt>
			<trkpt lat="50.666488" lon="14.157359">
				<ele>135.000000</ele>
			</trkpt>
			<trkpt lat="50.666528" lon="14.157602">
				<ele>135.000000</ele>
			</trkpt>
			<trkpt lat="50.666647" lon="14.158294">
				<ele>135.000000</ele>
			</trkpt>
			<trkpt lat="50.666761" lon="14.158833">
				<ele>135.000000</ele>
			</trkpt>
			<trkpt lat="50.666892" lon="14.159336">
				<ele>135.000000</ele>
			</trkpt>
			<trkpt lat="50.667057" lon="14.159902">
				<ele>135.000000</ele>
			</trkpt>
			<trkpt lat="50.667228" lon="14.160449">
				<ele>135.000000</ele>
			</trkpt>
			<trkpt lat="50.667404" lon="14.160917">
				<ele>135.000000</ele>
			</trkpt>
			<trkpt lat="50.667604" lon="14.161374">
				<ele>135.000000</ele>
			</trkpt>
			<trkpt lat="50.667889" lon="14.161940">
				<ele>135.000000</ele>
			</trkpt>
			<trkpt lat="50.667991" lon="14.162129">
				<ele>135.000000</ele>
			</trkpt>
			<trkpt lat="50.668060" lon="14.162246">
				<ele>135.000000</ele>
			</trkpt>
			<trkpt lat="50.668145" lon="14.162353">
				<ele>135.000000</ele>
			</trkpt>
			<trkpt lat="50.668242" lon="14.162453">
				<ele>135.000000</ele>
			</trkpt>
			<trkpt lat="50.668378" lon="14.162596">
				<ele>135.000000</ele>
			</trkpt>
			<trkpt lat="50.668481" lon="14.162722">
				<ele>135.000000</ele>
			</trkpt>
			<trkpt lat="50.668555" lon="14.162856">
				<ele>135.000000</ele>
			</trkpt>
			<trkpt lat="50.668634" lon="14.163045">
				<ele>135.000000</ele>
			</trkpt>
			<trkpt lat="50.668709" lon="14.163279">
				<ele>135.000000</ele>
			</trkpt>
			<trkpt lat="50.668743" lon="14.163368">
				<ele>135.000000</ele>
			</trkpt>
			<trkpt lat="50.668788" lon="14.163449">
				<ele>135.000000</ele>
			</trkpt>
			<trkpt lat="50.668862" lon="14.163521">
				<ele>135.000000</ele>
			</trkpt>
			<trkpt lat="50.668988" lon="14.163647">
				<ele>135.000000</ele>
			</trkpt>
			<trkpt lat="50.669090" lon="14.163782">
				<ele>135.000000</ele>
			</trkpt>
			<trkpt lat="50.669415" lon="14.164330">
				<ele>135.000000</ele>
			</trkpt>
			<trkpt lat="50.669625" lon="14.164653">
				<ele>135.000000</ele>
			</trkpt>
			<trkpt lat="50.669836" lon="14.164932">
				<ele>135.000000</ele>
			</trkpt>
			<trkpt lat="50.670098" lon="14.165255">
				<ele>135.000000</ele>
			</trkpt>
			<trkpt lat="50.670325" lon="14.165516">
				<ele>135.000000</ele>
			</trkpt>
			<trkpt lat="50.670445" lon="14.165695">
				<ele>135.000000</ele>
			</trkpt>
			<trkpt lat="50.670496" lon="14.165795">
				<ele>135.000000</ele>
			</trkpt>
			<trkpt lat="50.670536" lon="14.165884">
				<ele>135.000000</ele>
			</trkpt>
			<trkpt lat="50.670565" lon="14.165992">
				<ele>135.000000</ele>
			</trkpt>
			<trkpt lat="50.670581" lon="14.166108">
				<ele>135.000000</ele>
			</trkpt>
			<trkpt lat="50.670656" lon="14.166118">
				<ele>135.000000</ele>
			</trkpt>
			<trkpt lat="50.670718" lon="14.166189">
				<ele>135.000000</ele>
			</trkpt>
			<trkpt lat="50.670787" lon="14.166225">
				<ele>135.000000</ele>
			</trkpt>
			<trkpt lat="50.670872" lon="14.166244">
				<ele>135.000000</ele>
			</trkpt>
			<trkpt lat="50.670923" lon="14.166252">
				<ele>135.000000</ele>
			</trkpt>
			<trkpt lat="50.670980" lon="14.166271">
				<ele>135.000000</ele>
			</trkpt>
			<trkpt lat="50.671105" lon="14.166378">
				<ele>135.000000</ele>
			</trkpt>
			<trkpt lat="50.671686" lon="14.166963">
				<ele>135.000000</ele>
			</trkpt>
			<trkpt lat="50.671937" lon="14.167187">
				<ele>135.000000</ele>
			</trkpt>
			<trkpt lat="50.671697" lon="14.167743">
				<ele>136.000000</ele>
			</trkpt>
			<trkpt lat="50.671646" lon="14.167825">
				<ele>137.000000</ele>
			</trkpt>
			<trkpt lat="50.671567" lon="14.167896">
				<ele>138.000000</ele>
			</trkpt>
			<trkpt lat="50.671493" lon="14.167959">
				<ele>139.000000</ele>
			</trkpt>
			<trkpt lat="50.671402" lon="14.167986">
				<ele>140.000000</ele>
			</trkpt>
			<trkpt lat="50.671413" lon="14.168103">
				<ele>140.000000</ele>
			</trkpt>
			<trkpt lat="50.671424" lon="14.168129">
				<ele>140.000000</ele>
			</trkpt>
			<trkpt lat="50.671424" lon="14.168273">
				<ele>140.000000</ele>
			</trkpt>
			<trkpt lat="50.671441" lon="14.168382">
				<ele>140.000000</ele>
			</trkpt>
			<trkpt lat="50.671464" lon="14.168481">
				<ele>140.000000</ele>
			</trkpt>
			<trkpt lat="50.671498" lon="14.168597">
				<ele>140.000000</ele>
			</trkpt>
			<trkpt lat="50.671555" lon="14.168705">
				<ele>140.000000</ele>
			</trkpt>
			<trkpt lat="50.671601" lon="14.168795">
				<ele>140.000000</ele>
			</trkpt>
			<trkpt lat="50.671715" lon="14.168947">
				<ele>140.000000</ele>
			</trkpt>
			<trkpt lat="50.671760" lon="14.169001">
				<ele>140.000000</ele>
			</trkpt>
			<trkpt lat="50.671868" lon="14.169171">
				<ele>140.000000</ele>
			</trkpt>
			<trkpt lat="50.671971" lon="14.169397">
				<ele>140.000000</ele>
			</trkpt>
			<trkpt lat="50.672090" lon="14.169720">
				<ele>140.000000</ele>
			</trkpt>
			<trkpt lat="50.672165" lon="14.169854">
				<ele>140.000000</ele>
			</trkpt>
			<trkpt lat="50.672244" lon="14.169953">
				<ele>140.000000</ele>
			</trkpt>
			<trkpt lat="50.672330" lon="14.170026">
				<ele>140.000000</ele>
			</trkpt>
			<trkpt lat="50.672444" lon="14.170079">
				<ele>140.000000</ele>
			</trkpt>
			<trkpt lat="50.672472" lon="14.170089">
				<ele>140.000000</ele>
			</trkpt>
			<trkpt lat="50.672625" lon="14.170142">
				<ele>140.000000</ele>
			</trkpt>
			<trkpt lat="50.672751" lon="14.170187">
				<ele>140.000000</ele>
			</trkpt>
			<trkpt lat="50.672859" lon="14.170240">
				<ele>140.000000</ele>
			</trkpt>
			<trkpt lat="50.672995" lon="14.170322">
				<ele>140.000000</ele>
			</trkpt>
			<trkpt lat="50.673093" lon="14.170393">
				<ele>140.000000</ele>
			</trkpt>
			<trkpt lat="50.673201" lon="14.170475">
				<ele>141.000000</ele>
			</trkpt>
			<trkpt lat="50.673303" lon="14.170600">
				<ele>141.000000</ele>
			</trkpt>
			<trkpt lat="50.673428" lon="14.170753">
				<ele>141.000000</ele>
			</trkpt>
			<trkpt lat="50.673519" lon="14.170852">
				<ele>141.000000</ele>
			</trkpt>
			<trkpt lat="50.673628" lon="14.170978">
				<ele>141.000000</ele>
			</trkpt>
			<trkpt lat="50.673667" lon="14.171022">
				<ele>141.000000</ele>
			</trkpt>
			<trkpt lat="50.673827" lon="14.171184">
				<ele>142.000000</ele>
			</trkpt>
			<trkpt lat="50.673963" lon="14.171311">
				<ele>142.000000</ele>
			</trkpt>
			<trkpt lat="50.674316" lon="14.171615">
				<ele>142.000000</ele>
			</trkpt>
			<trkpt lat="50.674470" lon="14.171750">
				<ele>143.000000</ele>
			</trkpt>
			<trkpt lat="50.674641" lon="14.171894">
				<ele>143.000000</ele>
			</trkpt>
			<trkpt lat="50.674806" lon="14.171993">
				<ele>143.000000</ele>
			</trkpt>
			<trkpt lat="50.674988" lon="14.172100">
				<ele>144.000000</ele>
			</trkpt>
			<trkpt lat="50.675159" lon="14.172226">
				<ele>144.000000</ele>
			</trkpt>
			<trkpt lat="50.675222" lon="14.172280">
				<ele>144.000000</ele>
			</trkpt>
			<trkpt lat="50.675375" lon="14.172406">
				<ele>144.000000</ele>
			</trkpt>
			<trkpt lat="50.675574" lon="14.172613">
				<ele>144.000000</ele>
			</trkpt>
			<trkpt lat="50.675700" lon="14.172739">
				<ele>145.000000</ele>
			</trkpt>
			<trkpt lat="50.675819" lon="14.172890">
				<ele>145.000000</ele>
			</trkpt>
			<trkpt lat="50.676144" lon="14.173385">
				<ele>146.000000</ele>
			</trkpt>
			<trkpt lat="50.676297" lon="14.173592">
				<ele>147.000000</ele>
			</trkpt>
			<trkpt lat="50.676417" lon="14.173726">
				<ele>148.000000</ele>
			</trkpt>
			<trkpt lat="50.676582" lon="14.173915">
				<ele>149.000000</ele>
			</trkpt>
			<trkpt lat="50.676798" lon="14.174104">
				<ele>150.000000</ele>
			</trkpt>
			<trkpt lat="50.677163" lon="14.174408">
				<ele>151.000000</ele>
			</trkpt>
			<trkpt lat="50.677424" lon="14.174643">
				<ele>152.000000</ele>
			</trkpt>
			<trkpt lat="50.677561" lon="14.174768">
				<ele>152.000000</ele>
			</trkpt>
			<trkpt lat="50.677703" lon="14.174940">
				<ele>153.000000</ele>
			</trkpt>
			<trkpt lat="50.677868" lon="14.175164">
				<ele>154.000000</ele>
			</trkpt>
			<trkpt lat="50.677744" lon="14.175676">
				<ele>157.000000</ele>
			</trkpt>
			<trkpt lat="50.677703" lon="14.175819">
				<ele>158.000000</ele>
			</trkpt>
			<trkpt lat="50.677646" lon="14.175955">
				<ele>159.000000</ele>
			</trkpt>
			<trkpt lat="50.677584" lon="14.176098">
				<ele>160.000000</ele>
			</trkpt>
			<trkpt lat="50.677516" lon="14.176206">
				<ele>161.000000</ele>
			</trkpt>
			<trkpt lat="50.677424" lon="14.176313">
				<ele>162.000000</ele>
			</trkpt>
			<trkpt lat="50.677333" lon="14.176403">
				<ele>163.000000</ele>
			</trkpt>
			<trkpt lat="50.677202" lon="14.176493">
				<ele>165.000000</ele>
			</trkpt>
			<trkpt lat="50.677049" lon="14.176548">
				<ele>166.000000</ele>
			</trkpt>
			<trkpt lat="50.676935" lon="14.176592">
				<ele>167.000000</ele>
			</trkpt>
			<trkpt lat="50.676832" lon="14.176682">
				<ele>168.000000</ele>
			</trkpt>
			<trkpt lat="50.676747" lon="14.176781">
				<ele>169.000000</ele>
			</trkpt>
			<trkpt lat="50.676656" lon="14.176844">
				<ele>170.000000</ele>
			</trkpt>
			<trkpt lat="50.676559" lon="14.176871">
				<ele>172.000000</ele>
			</trkpt>
			<trkpt lat="50.676439" lon="14.176888">
				<ele>173.000000</ele>
			</trkpt>
			<trkpt lat="50.676360" lon="14.176888">
				<ele>174.000000</ele>
			</trkpt>
			<trkpt lat="50.676235" lon="14.176861">
				<ele>175.000000</ele>
			</trkpt>
			<trkpt lat="50.676064" lon="14.176852">
				<ele>177.000000</ele>
			</trkpt>
			<trkpt lat="50.675837" lon="14.176898">
				<ele>180.000000</ele>
			</trkpt>
			<trkpt lat="50.675444" lon="14.177032">
				<ele>186.000000</ele>
			</trkpt>
			<trkpt lat="50.675176" lon="14.177122">
				<ele>191.000000</ele>
			</trkpt>
			<trkpt lat="50.675039" lon="14.177194">
				<ele>194.000000</ele>
			</trkpt>
			<trkpt lat="50.674886" lon="14.177293">
				<ele>198.000000</ele>
			</trkpt>
			<trkpt lat="50.674584" lon="14.177454">
				<ele>204.000000</ele>
			</trkpt>
			<trkpt lat="50.674476" lon="14.177527">
				<ele>207.000000</ele>
			</trkpt>
			<trkpt lat="50.674367" lon="14.177616">
				<ele>209.000000</ele>
			</trkpt>
			<trkpt lat="50.674054" lon="14.177903">
				<ele>218.000000</ele>
			</trkpt>
			<trkpt lat="50.673941" lon="14.177993">
				<ele>221.000000</ele>
			</trkpt>
			<trkpt lat="50.673804" lon="14.178074">
				<ele>224.000000</ele>
			</trkpt>
			<trkpt lat="50.673662" lon="14.178156">
				<ele>228.000000</ele>
			</trkpt>
			<trkpt lat="50.673519" lon="14.178227">
				<ele>233.000000</ele>
			</trkpt>
			<trkpt lat="50.673411" lon="14.178280">
				<ele>236.000000</ele>
			</trkpt>
			<trkpt lat="50.673303" lon="14.178353">
				<ele>240.000000</ele>
			</trkpt>
			<trkpt lat="50.673223" lon="14.178425">
				<ele>243.000000</ele>
			</trkpt>
			<trkpt lat="50.673144" lon="14.178515">
				<ele>246.000000</ele>
			</trkpt>
			<trkpt lat="50.673087" lon="14.178605">
				<ele>248.000000</ele>
			</trkpt>
			<trkpt lat="50.673024" lon="14.178712">
				<ele>250.000000</ele>
			</trkpt>
			<trkpt lat="50.672990" lon="14.178829">
				<ele>252.000000</ele>
			</trkpt>
			<trkpt lat="50.672796" lon="14.179422">
				<ele>266.000000</ele>
			</trkpt>
			<trkpt lat="50.672711" lon="14.179709">
				<ele>271.000000</ele>
			</trkpt>
			<trkpt lat="50.672552" lon="14.180337">
				<ele>278.000000</ele>
			</trkpt>
			<trkpt lat="50.672415" lon="14.180949">
				<ele>286.000000</ele>
			</trkpt>
			<trkpt lat="50.672005" lon="14.182979">
				<ele>325.000000</ele>
			</trkpt>
			<trkpt lat="50.671953" lon="14.183203">
				<ele>328.000000</ele>
			</trkpt>
			<trkpt lat="50.671880" lon="14.183393">
				<ele>330.000000</ele>
			</trkpt>
			<trkpt lat="50.671794" lon="14.183563">
				<ele>333.000000</ele>
			</trkpt>
			<trkpt lat="50.671641" lon="14.183832">
				<ele>336.000000</ele>
			</trkpt>
			<trkpt lat="50.671510" lon="14.184093">
				<ele>337.000000</ele>
			</trkpt>
			<trkpt lat="50.671413" lon="14.184318">
				<ele>338.000000</ele>
			</trkpt>
			<trkpt lat="50.671339" lon="14.184561">
				<ele>338.000000</ele>
			</trkpt>
			<trkpt lat="50.671282" lon="14.184874">
				<ele>340.000000</ele>
			</trkpt>
			<trkpt lat="50.671248" lon="14.185117">
				<ele>342.000000</ele>
			</trkpt>
			<trkpt lat="50.671219" lon="14.185341">
				<ele>344.000000</ele>
			</trkpt>
			<trkpt lat="50.671214" lon="14.185557">
				<ele>347.000000</ele>
			</trkpt>
			<trkpt lat="50.671214" lon="14.185737">
				<ele>349.000000</ele>
			</trkpt>
			<trkpt lat="50.671237" lon="14.185907">
				<ele>351.000000</ele>
			</trkpt>
			<trkpt lat="50.671271" lon="14.186087">
				<ele>353.000000</ele>
			</trkpt>
			<trkpt lat="50.671316" lon="14.186276">
				<ele>355.000000</ele>
			</trkpt>
			<trkpt lat="50.671379" lon="14.186456">
				<ele>357.000000</ele>
			</trkpt>
			<trkpt lat="50.671857" lon="14.187668">
				<ele>376.000000</ele>
			</trkpt>
			<trkpt lat="50.672142" lon="14.188414">
				<ele>390.000000</ele>
			</trkpt>
			<trkpt lat="50.672398" lon="14.189123">
				<ele>395.000000</ele>
			</trkpt>
			<trkpt lat="50.672682" lon="14.189968">
				<ele>397.000000</ele>
			</trkpt>
			<trkpt lat="50.673024" lon="14.190903">
				<ele>399.000000</ele>
			</trkpt>
			<trkpt lat="50.673235" lon="14.191423">
				<ele>400.000000</ele>
			</trkpt>
			<trkpt lat="50.673343" lon="14.191675">
				<ele>403.000000</ele>
			</trkpt>
			<trkpt lat="50.673451" lon="14.191882">
				<ele>406.000000</ele>
			</trkpt>
			<trkpt lat="50.673707" lon="14.192348">
				<ele>413.000000</ele>
			</trkpt>
			<trkpt lat="50.673832" lon="14.192572">
				<ele>416.000000</ele>
			</trkpt>
			<trkpt lat="50.674100" lon="14.193077">
				<ele>424.000000</ele>
			</trkpt>
			<trkpt lat="50.674191" lon="14.193256">
				<ele>426.000000</ele>
			</trkpt>
			<trkpt lat="50.674220" lon="14.193346">
				<ele>427.000000</ele>
			</trkpt>
			<trkpt lat="50.674237" lon="14.193444">
				<ele>429.000000</ele>
			</trkpt>
			<trkpt lat="50.674299" lon="14.193723">
				<ele>432.000000</ele>
			</trkpt>
			<trkpt lat="50.674367" lon="14.193974">
				<ele>435.000000</ele>
			</trkpt>
			<trkpt lat="50.674447" lon="14.194226">
				<ele>435.000000</ele>
			</trkpt>
			<trkpt lat="50.674578" lon="14.194576">
				<ele>435.000000</ele>
			</trkpt>
			<trkpt lat="50.674675" lon="14.194864">
				<ele>435.000000</ele>
			</trkpt>
			<trkpt lat="50.674721" lon="14.194998">
				<ele>435.000000</ele>
			</trkpt>
			<trkpt lat="50.674760" lon="14.195142">
				<ele>435.000000</ele>
			</trkpt>
			<trkpt lat="50.674789" lon="14.195340">
				<ele>435.000000</ele>
			</trkpt>
			<trkpt lat="50.674789" lon="14.195698">
				<ele>435.000000</ele>
			</trkpt>
			<trkpt lat="50.674806" lon="14.196319">
				<ele>432.000000</ele>
			</trkpt>
			<trkpt lat="50.674800" lon="14.196885">
				<ele>427.000000</ele>
			</trkpt>
			<trkpt lat="50.674778" lon="14.197775">
				<ele>422.000000</ele>
			</trkpt>
			<trkpt lat="50.674760" lon="14.198088">
				<ele>421.000000</ele>
			</trkpt>
			<trkpt lat="50.674738" lon="14.198385">
				<ele>420.000000</ele>
			</trkpt>
			<trkpt lat="50.674732" lon="14.198528">
				<ele>420.000000</ele>
			</trkpt>
			<trkpt lat="50.674732" lon="14.198610">
				<ele>420.000000</ele>
			</trkpt>
			<trkpt lat="50.674749" lon="14.198700">
				<ele>420.000000</ele>
			</trkpt>
			<trkpt lat="50.674783" lon="14.198754">
				<ele>420.000000</ele>
			</trkpt>
			<trkpt lat="50.674811" lon="14.198807">
				<ele>420.000000</ele>
			</trkpt>
			<trkpt lat="50.674874" lon="14.198924">
				<ele>420.000000</ele>
			</trkpt>
			<trkpt lat="50.674920" lon="14.199023">
				<ele>420.000000</ele>
			</trkpt>
			<trkpt lat="50.674800" lon="14.199319">
				<ele>420.000000</ele>
			</trkpt>
			<trkpt lat="50.674772" lon="14.199419">
				<ele>420.000000</ele>
			</trkpt>
			<trkpt lat="50.674755" lon="14.199535">
				<ele>420.000000</ele>
			</trkpt>
			<trkpt lat="50.674766" lon="14.199643">
				<ele>420.000000</ele>
			</trkpt>
			<trkpt lat="50.674783" lon="14.199832">
				<ele>421.000000</ele>
			</trkpt>
			<trkpt lat="50.674811" lon="14.199957">
				<ele>422.000000</ele>
			</trkpt>
			<trkpt lat="50.674886" lon="14.200182">
				<ele>423.000000</ele>
			</trkpt>
			<trkpt lat="50.674914" lon="14.200308">
				<ele>424.000000</ele>
			</trkpt>
			<trkpt lat="50.674948" lon="14.200505">
				<ele>425.000000</ele>
			</trkpt>
			<trkpt lat="50.674971" lon="14.200721">
				<ele>427.000000</ele>
			</trkpt>
			<trkpt lat="50.674959" lon="14.200945">
				<ele>429.000000</ele>
			</trkpt>
			<trkpt lat="50.674937" lon="14.201251">
				<ele>431.000000</ele>
			</trkpt>
			<trkpt lat="50.674920" lon="14.201511">
				<ele>434.000000</ele>
			</trkpt>
			<trkpt lat="50.674914" lon="14.201763">
				<ele>436.000000</ele>
			</trkpt>
			<trkpt lat="50.674886" lon="14.201906">
				<ele>438.000000</ele>
			</trkpt>
			<trkpt lat="50.674852" lon="14.202033">
				<ele>440.000000</ele>
			</trkpt>
			<trkpt lat="50.674789" lon="14.202130">
				<ele>442.000000</ele>
			</trkpt>
			<trkpt lat="50.674709" lon="14.202193">
				<ele>443.000000</ele>
			</trkpt>
			<trkpt lat="50.674555" lon="14.202310">
				<ele>445.000000</ele>
			</trkpt>
			<trkpt lat="50.674470" lon="14.202392">
				<ele>447.000000</ele>
			</trkpt>
			<trkpt lat="50.674396" lon="14.202482">
				<ele>448.000000</ele>
			</trkpt>
			<trkpt lat="50.674316" lon="14.202607">
				<ele>450.000000</ele>
			</trkpt>
			<trkpt lat="50.674208" lon="14.202841">
				<ele>452.000000</ele>
			</trkpt>
			<trkpt lat="50.674015" lon="14.203262">
				<ele>457.000000</ele>
			</trkpt>
			<trkpt lat="50.673930" lon="14.203470">
				<ele>459.000000</ele>
			</trkpt>
			<trkpt lat="50.673741" lon="14.203847">
				<ele>462.000000</ele>
			</trkpt>
			<trkpt lat="50.673531" lon="14.204367">
				<ele>465.000000</ele>
			</trkpt>
			<trkpt lat="50.673372" lon="14.204780">
				<ele>469.000000</ele>
			</trkpt>
			<trkpt lat="50.673309" lon="14.204889">
				<ele>470.000000</ele>
			</trkpt>
			<trkpt lat="50.673235" lon="14.204988">
				<ele>472.000000</ele>
			</trkpt>
			<trkpt lat="50.673041" lon="14.205239">
				<ele>478.000000</ele>
			</trkpt>
			<trkpt lat="50.672922" lon="14.205346">
				<ele>481.000000</ele>
			</trkpt>
			<trkpt lat="50.672853" lon="14.205383">
				<ele>482.000000</ele>
			</trkpt>
			<trkpt lat="50.672780" lon="14.205392">
				<ele>484.000000</ele>
			</trkpt>
			<trkpt lat="50.672711" lon="14.205409">
				<ele>485.000000</ele>
			</trkpt>
			<trkpt lat="50.672625" lon="14.205401">
				<ele>487.000000</ele>
			</trkpt>
			<trkpt lat="50.672563" lon="14.205401">
				<ele>489.000000</ele>
			</trkpt>
			<trkpt lat="50.672517" lon="14.205409">
				<ele>490.000000</ele>
			</trkpt>
			<trkpt lat="50.672478" lon="14.205472">
				<ele>490.000000</ele>
			</trkpt>
			<trkpt lat="50.672449" lon="14.205572">
				<ele>490.000000</ele>
			</trkpt>
			<trkpt lat="50.672324" lon="14.206138">
				<ele>491.000000</ele>
			</trkpt>
			<trkpt lat="50.672250" lon="14.206506">
				<ele>491.000000</ele>
			</trkpt>
			<trkpt lat="50.672216" lon="14.206694">
				<ele>492.000000</ele>
			</trkpt>
			<trkpt lat="50.672187" lon="14.206901">
				<ele>492.000000</ele>
			</trkpt>
			<trkpt lat="50.672170" lon="14.207117">
				<ele>492.000000</ele>
			</trkpt>
			<trkpt lat="50.672136" lon="14.207583">
				<ele>493.000000</ele>
			</trkpt>
			<trkpt lat="50.672079" lon="14.208114">
				<ele>493.000000</ele>
			</trkpt>
			<trkpt lat="50.672062" lon="14.208294">
				<ele>493.000000</ele>
			</trkpt>
			<trkpt lat="50.672056" lon="14.208482">
				<ele>494.000000</ele>
			</trkpt>
			<trkpt lat="50.672056" lon="14.208635">
				<ele>494.000000</ele>
			</trkpt>
			<trkpt lat="50.672073" lon="14.208778">
				<ele>494.000000</ele>
			</trkpt>
			<trkpt lat="50.672119" lon="14.208977">
				<ele>494.000000</ele>
			</trkpt>
			<trkpt lat="50.672307" lon="14.209730">
				<ele>496.000000</ele>
			</trkpt>
			<trkpt lat="50.672341" lon="14.209893">
				<ele>497.000000</ele>
			</trkpt>
			<trkpt lat="50.672398" lon="14.210046">
				<ele>499.000000</ele>
			</trkpt>
			<trkpt lat="50.672460" lon="14.210199">
				<ele>500.000000</ele>
			</trkpt>
			<trkpt lat="50.672534" lon="14.210350">
				<ele>501.000000</ele>
			</trkpt>
			<trkpt lat="50.672762" lon="14.210826">
				<ele>504.000000</ele>
			</trkpt>
			<trkpt lat="50.672881" lon="14.211420">
				<ele>507.000000</ele>
			</trkpt>
			<trkpt lat="50.672950" lon="14.211734">
				<ele>510.000000</ele>
			</trkpt>
			<trkpt lat="50.672995" lon="14.211878">
				<ele>511.000000</ele>
			</trkpt>
			<trkpt lat="50.673058" lon="14.212057">
				<ele>512.000000</ele>
			</trkpt>
			<trkpt lat="50.673121" lon="14.212210">
				<ele>514.000000</ele>
			</trkpt>
			<trkpt lat="50.673195" lon="14.212327">
				<ele>515.000000</ele>
			</trkpt>
			<trkpt lat="50.673269" lon="14.212390">
				<ele>516.000000</ele>
			</trkpt>
			<trkpt lat="50.673366" lon="14.212507">
				<ele>517.000000</ele>
			</trkpt>
			<trkpt lat="50.673451" lon="14.212614">
				<ele>518.000000</ele>
			</trkpt>
			<trkpt lat="50.673514" lon="14.212767">
				<ele>519.000000</ele>
			</trkpt>
			<trkpt lat="50.673576" lon="14.212983">
				<ele>521.000000</ele>
			</trkpt>
			<trkpt lat="50.673605" lon="14.213082">
				<ele>522.000000</ele>
			</trkpt>
			<trkpt lat="50.673651" lon="14.213153">
				<ele>522.000000</ele>
			</trkpt>
			<trkpt lat="50.673850" lon="14.213432">
				<ele>526.000000</ele>
			</trkpt>
			<trkpt lat="50.673923" lon="14.213558">
				<ele>528.000000</ele>
			</trkpt>
			<trkpt lat="50.673980" lon="14.213692">
				<ele>530.000000</ele>
			</trkpt>
			<trkpt lat="50.673986" lon="14.213765">
				<ele>531.000000</ele>
			</trkpt>
			<trkpt lat="50.673980" lon="14.213854">
				<ele>532.000000</ele>
			</trkpt>
			<trkpt lat="50.673952" lon="14.213935">
				<ele>533.000000</ele>
			</trkpt>
			<trkpt lat="50.673855" lon="14.214168">
				<ele>536.000000</ele>
			</trkpt>
			<trkpt lat="50.673537" lon="14.215166">
				<ele>547.000000</ele>
			</trkpt>
			<trkpt lat="50.673377" lon="14.215606">
				<ele>553.000000</ele>
			</trkpt>
			<trkpt lat="50.673292" lon="14.215858">
				<ele>556.000000</ele>
			</trkpt>
			<trkpt lat="50.673240" lon="14.216073">
				<ele>559.000000</ele>
			</trkpt>
			<trkpt lat="50.673212" lon="14.216244">
				<ele>561.000000</ele>
			</trkpt>
			<trkpt lat="50.673212" lon="14.216325">
				<ele>561.000000</ele>
			</trkpt>
			<trkpt lat="50.673223" lon="14.216415">
				<ele>562.000000</ele>
			</trkpt>
			<trkpt lat="50.673269" lon="14.216765">
				<ele>566.000000</ele>
			</trkpt>
			<trkpt lat="50.673280" lon="14.216917">
				<ele>567.000000</ele>
			</trkpt>
			<trkpt lat="50.673280" lon="14.217061">
				<ele>568.000000</ele>
			</trkpt>
			<trkpt lat="50.673274" lon="14.217204">
				<ele>569.000000</ele>
			</trkpt>
			<trkpt lat="50.673258" lon="14.217348">
				<ele>570.000000</ele>
			</trkpt>
			<trkpt lat="50.673229" lon="14.217501">
				<ele>570.000000</ele>
			</trkpt>
			<trkpt lat="50.673189" lon="14.217690">
				<ele>571.000000</ele>
			</trkpt>
			<trkpt lat="50.673126" lon="14.217986">
				<ele>571.000000</ele>
			</trkpt>
			<trkpt lat="50.673081" lon="14.218183">
				<ele>572.000000</ele>
			</trkpt>
			<trkpt lat="50.673064" lon="14.218355">
				<ele>572.000000</ele>
			</trkpt>
			<trkpt lat="50.673058" lon="14.218525">
				<ele>572.000000</ele>
			</trkpt>
			<trkpt lat="50.673058" lon="14.218705">
				<ele>573.000000</ele>
			</trkpt>
			<trkpt lat="50.673087" lon="14.218875">
				<ele>573.000000</ele>
			</trkpt>
			<trkpt lat="50.673292" lon="14.219854">
				<ele>576.000000</ele>
			</trkpt>
			<trkpt lat="50.673366" lon="14.220233">
				<ele>578.000000</ele>
			</trkpt>
			<trkpt lat="50.673423" lon="14.220610">
				<ele>580.000000</ele>
			</trkpt>
			<trkpt lat="50.673252" lon="14.220843">
				<ele>577.000000</ele>
			</trkpt>
			<trkpt lat="50.673166" lon="14.220923">
				<ele>575.000000</ele>
			</trkpt>
			<trkpt lat="50.673081" lon="14.220996">
				<ele>575.000000</ele>
			</trkpt>
			<trkpt lat="50.672887" lon="14.221149">
				<ele>573.000000</ele>
			</trkpt>
			<trkpt lat="50.672796" lon="14.221202">
				<ele>573.000000</ele>
			</trkpt>
			<trkpt lat="50.672751" lon="14.221256">
				<ele>572.000000</ele>
			</trkpt>
			<trkpt lat="50.672728" lon="14.221302">
				<ele>572.000000</ele>
			</trkpt>
			<trkpt lat="50.672700" lon="14.221391">
				<ele>572.000000</ele>
			</trkpt>
			<trkpt lat="50.672666" lon="14.221472">
				<ele>571.000000</ele>
			</trkpt>
			<trkpt lat="50.672574" lon="14.221661">
				<ele>570.000000</ele>
			</trkpt>
			<trkpt lat="50.672506" lon="14.221786">
				<ele>571.000000</ele>
			</trkpt>
			<trkpt lat="50.672552" lon="14.221885">
				<ele>573.000000</ele>
			</trkpt>
			<trkpt lat="50.672603" lon="14.221975">
				<ele>576.000000</ele>
			</trkpt>
			<trkpt lat="50.672819" lon="14.222218">
				<ele>582.000000</ele>
			</trkpt>
			<trkpt lat="50.672842" lon="14.222254">
				<ele>583.000000</ele>
			</trkpt>
			<trkpt lat="50.672842" lon="14.222290">
				<ele>584.000000</ele>
			</trkpt>
			<trkpt lat="50.672842" lon="14.222334">
				<ele>584.000000</ele>
			</trkpt>
			<trkpt lat="50.672824" lon="14.222388">
				<ele>585.000000</ele>
			</trkpt>
			<trkpt lat="50.672768" lon="14.222478">
				<ele>587.000000</ele>
			</trkpt>
			<trkpt lat="50.672574" lon="14.222747">
				<ele>592.000000</ele>
			</trkpt>
			<trkpt lat="50.672512" lon="14.222846">
				<ele>593.000000</ele>
			</trkpt>
			<trkpt lat="50.672466" lon="14.222981">
				<ele>594.000000</ele>
			</trkpt>
			<trkpt lat="50.672444" lon="14.223133">
				<ele>596.000000</ele>
			</trkpt>
			<trkpt lat="50.672444" lon="14.223349">
				<ele>600.000000</ele>
			</trkpt>
			<trkpt lat="50.672432" lon="14.223449">
				<ele>602.000000</ele>
			</trkpt>
			<trkpt lat="50.672415" lon="14.223556">
				<ele>604.000000</ele>
			</trkpt>
			<trkpt lat="50.672335" lon="14.223843">
				<ele>611.000000</ele>
			</trkpt>
			<trkpt lat="50.672233" lon="14.224212">
				<ele>617.000000</ele>
			</trkpt>
			<trkpt lat="50.672165" lon="14.224401">
				<ele>619.000000</ele>
			</trkpt>
			<trkpt lat="50.672090" lon="14.224552">
				<ele>620.000000</ele>
			</trkpt>
			<trkpt lat="50.671999" lon="14.224688">
				<ele>620.000000</ele>
			</trkpt>
			<trkpt lat="50.671777" lon="14.224957">
				<ele>620.000000</ele>
			</trkpt>
			<trkpt lat="50.671731" lon="14.225011">
				<ele>620.000000</ele>
			</trkpt>
			<trkpt lat="50.671680" lon="14.225038">
				<ele>620.000000</ele>
			</trkpt>
			<trkpt lat="50.671521" lon="14.225091">
				<ele>620.000000</ele>
			</trkpt>
			<trkpt lat="50.671475" lon="14.225101">
				<ele>620.000000</ele>
			</trkpt>
			<trkpt lat="50.671418" lon="14.225146">
				<ele>620.000000</ele>
			</trkpt>
			<trkpt lat="50.671351" lon="14.225236">
				<ele>620.000000</ele>
			</trkpt>
			<trkpt lat="50.671276" lon="14.225361">
				<ele>620.000000</ele>
			</trkpt>
			<trkpt lat="50.671196" lon="14.225577">
				<ele>620.000000</ele>
			</trkpt>
			<trkpt lat="50.671145" lon="14.225720">
				<ele>621.000000</ele>
			</trkpt>
			<trkpt lat="50.671100" lon="14.225847">
				<ele>622.000000</ele>
			</trkpt>
			<trkpt lat="50.670958" lon="14.226099">
				<ele>623.000000</ele>
			</trkpt>
			<trkpt lat="50.670906" lon="14.226206">
				<ele>624.000000</ele>
			</trkpt>
			<trkpt lat="50.670860" lon="14.226313">
				<ele>625.000000</ele>
			</trkpt>
			<trkpt lat="50.670747" lon="14.226682">
				<ele>627.000000</ele>
			</trkpt>
			<trkpt lat="50.670713" lon="14.226816">
				<ele>628.000000</ele>
			</trkpt>
			<trkpt lat="50.670684" lon="14.226925">
				<ele>629.000000</ele>
			</trkpt>
			<trkpt lat="50.670650" lon="14.227292">
				<ele>631.000000</ele>
			</trkpt>
			<trkpt lat="50.670627" lon="14.227652">
				<ele>635.000000</ele>
			</trkpt>
			<trkpt lat="50.670610" lon="14.227751">
				<ele>636.000000</ele>
			</trkpt>
			<trkpt lat="50.670581" lon="14.227858">
				<ele>637.000000</ele>
			</trkpt>
			<trkpt lat="50.670451" lon="14.228460">
				<ele>643.000000</ele>
			</trkpt>
			<trkpt lat="50.670411" lon="14.228686">
				<ele>646.000000</ele>
			</trkpt>
			<trkpt lat="50.670343" lon="14.229099">
				<ele>651.000000</ele>
			</trkpt>
			<trkpt lat="50.670280" lon="14.229349">
				<ele>653.000000</ele>
			</trkpt>
			<trkpt lat="50.670234" lon="14.229494">
				<ele>655.000000</ele>
			</trkpt>
			<trkpt lat="50.670217" lon="14.229556">
				<ele>656.000000</ele>
			</trkpt>
			<trkpt lat="50.670217" lon="14.229619">
				<ele>656.000000</ele>
			</trkpt>
			<trkpt lat="50.670246" lon="14.229682">
				<ele>657.000000</ele>
			</trkpt>
			<trkpt lat="50.670309" lon="14.229781">
				<ele>659.000000</ele>
			</trkpt>
			<trkpt lat="50.670366" lon="14.229844">
				<ele>660.000000</ele>
			</trkpt>
			<trkpt lat="50.670428" lon="14.229871">
				<ele>661.000000</ele>
			</trkpt>
			<trkpt lat="50.670490" lon="14.229871">
				<ele>663.000000</ele>
			</trkpt>
			<trkpt lat="50.670536" lon="14.229862">
				<ele>663.000000</ele>
			</trkpt>
			<trkpt lat="50.670604" lon="14.229844">
				<ele>665.000000</ele>
			</trkpt>
			<trkpt lat="50.670622" lon="14.229818">
				<ele>665.000000</ele>
			</trkpt>
			<trkpt lat="50.670644" lon="14.229791">
				<ele>666.000000</ele>
			</trkpt>
			<trkpt lat="50.670667" lon="14.229718">
				<ele>667.000000</ele>
			</trkpt>
			<trkpt lat="50.670701" lon="14.229674">
				<ele>669.000000</ele>
			</trkpt>
			<trkpt lat="50.670730" lon="14.229628">
				<ele>670.000000</ele>
			</trkpt>
			<trkpt lat="50.670741" lon="14.229584">
				<ele>670.000000</ele>
			</trkpt>
			<trkpt lat="50.670747" lon="14.229529">
				<ele>670.000000</ele>
			</trkpt>
			<trkpt lat="50.670758" lon="14.229476">
				<ele>670.000000</ele>
			</trkpt>
			<trkpt lat="50.670730" lon="14.229386">
				<ele>670.000000</ele>
			</trkpt>
			<trkpt lat="50.670730" lon="14.229288">
				<ele>670.000000</ele>
			</trkpt>
			<trkpt lat="50.670752" lon="14.229215">
				<ele>670.000000</ele>
			</trkpt>
			<trkpt lat="50.670798" lon="14.229135">
				<ele>670.000000</ele>
			</trkpt>
			<trkpt lat="50.670872" lon="14.229062">
				<ele>670.000000</ele>
			</trkpt>
			<trkpt lat="50.670917" lon="14.229036">
				<ele>670.000000</ele>
			</trkpt>
			<trkpt lat="50.671031" lon="14.228999">
				<ele>671.000000</ele>
			</trkpt>
			<trkpt lat="50.671128" lon="14.228973">
				<ele>672.000000</ele>
			</trkpt>
			<trkpt lat="50.671191" lon="14.228928">
				<ele>672.000000</ele>
			</trkpt>
			<trkpt lat="50.671265" lon="14.228873">
				<ele>673.000000</ele>
			</trkpt>
			<trkpt lat="50.671407" lon="14.228686">
				<ele>674.000000</ele>
			</trkpt>
			<trkpt lat="50.671504" lon="14.228550">
				<ele>675.000000</ele>
			</trkpt>
			<trkpt lat="50.671567" lon="14.228452">
				<ele>676.000000</ele>
			</trkpt>
			<trkpt lat="50.671601" lon="14.228370">
				<ele>676.000000</ele>
			</trkpt>
			<trkpt lat="50.671646" lon="14.228246">
				<ele>677.000000</ele>
			</trkpt>
			<trkpt lat="50.671720" lon="14.228011">
				<ele>678.000000</ele>
			</trkpt>
			<trkpt lat="50.671726" lon="14.227976">
				<ele>678.000000</ele>
			</trkpt>
			<trkpt lat="50.671726" lon="14.227913">
				<ele>678.000000</ele>
			</trkpt>
			<trkpt lat="50.671715" lon="14.227858">
				<ele>679.000000</ele>
			</trkpt>
			<trkpt lat="50.671697" lon="14.227805">
				<ele>679.000000</ele>
			</trkpt>
			<trkpt lat="50.671692" lon="14.227715">
				<ele>679.000000</ele>
			</trkpt>
			<trkpt lat="50.671697" lon="14.227634">
				<ele>680.000000</ele>
			</trkpt>
			<trkpt lat="50.671731" lon="14.227562">
				<ele>680.000000</ele>
			</trkpt>
			<trkpt lat="50.671760" lon="14.227491">
				<ele>681.000000</ele>
			</trkpt>
			<trkpt lat="50.671777" lon="14.227418">
				<ele>682.000000</ele>
			</trkpt>
			<trkpt lat="50.671811" lon="14.227194">
				<ele>685.000000</ele>
			</trkpt>
			<trkpt lat="50.671811" lon="14.227194">
				<ele>685.000000</ele>
			</trkpt>
			<trkpt lat="50.671777" lon="14.227418">
				<ele>682.000000</ele>
			</trkpt>
			<trkpt lat="50.671760" lon="14.227491">
				<ele>681.000000</ele>
			</trkpt>
			<trkpt lat="50.671731" lon="14.227562">
				<ele>680.000000</ele>
			</trkpt>
			<trkpt lat="50.671697" lon="14.227634">
				<ele>680.000000</ele>
			</trkpt>
			<trkpt lat="50.671692" lon="14.227715">
				<ele>679.000000</ele>
			</trkpt>
			<trkpt lat="50.671697" lon="14.227805">
				<ele>679.000000</ele>
			</trkpt>
			<trkpt lat="50.671715" lon="14.227858">
				<ele>679.000000</ele>
			</trkpt>
			<trkpt lat="50.671726" lon="14.227913">
				<ele>678.000000</ele>
			</trkpt>
			<trkpt lat="50.671726" lon="14.227976">
				<ele>678.000000</ele>
			</trkpt>
			<trkpt lat="50.671720" lon="14.228011">
				<ele>678.000000</ele>
			</trkpt>
			<trkpt lat="50.671646" lon="14.228246">
				<ele>677.000000</ele>
			</trkpt>
			<trkpt lat="50.671601" lon="14.228370">
				<ele>676.000000</ele>
			</trkpt>
			<trkpt lat="50.671567" lon="14.228452">
				<ele>676.000000</ele>
			</trkpt>
			<trkpt lat="50.671504" lon="14.228550">
				<ele>675.000000</ele>
			</trkpt>
			<trkpt lat="50.671407" lon="14.228686">
				<ele>674.000000</ele>
			</trkpt>
			<trkpt lat="50.671265" lon="14.228873">
				<ele>673.000000</ele>
			</trkpt>
			<trkpt lat="50.671191" lon="14.228928">
				<ele>672.000000</ele>
			</trkpt>
			<trkpt lat="50.671128" lon="14.228973">
				<ele>672.000000</ele>
			</trkpt>
			<trkpt lat="50.671031" lon="14.228999">
				<ele>671.000000</ele>
			</trkpt>
			<trkpt lat="50.670917" lon="14.229036">
				<ele>670.000000</ele>
			</trkpt>
			<trkpt lat="50.670872" lon="14.229062">
				<ele>670.000000</ele>
			</trkpt>
			<trkpt lat="50.670798" lon="14.229135">
				<ele>670.000000</ele>
			</trkpt>
			<trkpt lat="50.670752" lon="14.229215">
				<ele>670.000000</ele>
			</trkpt>
			<trkpt lat="50.670730" lon="14.229288">
				<ele>670.000000</ele>
			</trkpt>
			<trkpt lat="50.670730" lon="14.229386">
				<ele>670.000000</ele>
			</trkpt>
			<trkpt lat="50.670758" lon="14.229476">
				<ele>670.000000</ele>
			</trkpt>
			<trkpt lat="50.670803" lon="14.229602">
				<ele>670.000000</ele>
			</trkpt>
			<trkpt lat="50.670832" lon="14.229701">
				<ele>668.000000</ele>
			</trkpt>
			<trkpt lat="50.670849" lon="14.229772">
				<ele>666.000000</ele>
			</trkpt>
			<trkpt lat="50.670923" lon="14.229934">
				<ele>664.000000</ele>
			</trkpt>
			<trkpt lat="50.670940" lon="14.230032">
				<ele>663.000000</ele>
			</trkpt>
			<trkpt lat="50.670940" lon="14.230078">
				<ele>663.000000</ele>
			</trkpt>
			<trkpt lat="50.670958" lon="14.230105">
				<ele>663.000000</ele>
			</trkpt>
			<trkpt lat="50.670986" lon="14.230122">
				<ele>662.000000</ele>
			</trkpt>
			<trkpt lat="50.671049" lon="14.230122">
				<ele>661.000000</ele>
			</trkpt>
			<trkpt lat="50.671123" lon="14.230131">
				<ele>660.000000</ele>
			</trkpt>
			<trkpt lat="50.671174" lon="14.230114">
				<ele>660.000000</ele>
			</trkpt>
			<trkpt lat="50.671202" lon="14.230158">
				<ele>659.000000</ele>
			</trkpt>
			<trkpt lat="50.671253" lon="14.230185">
				<ele>659.000000</ele>
			</trkpt>
			<trkpt lat="50.671328" lon="14.230204">
				<ele>658.000000</ele>
			</trkpt>
			<trkpt lat="50.671402" lon="14.230194">
				<ele>657.000000</ele>
			</trkpt>
			<trkpt lat="50.671874" lon="14.230060">
				<ele>650.000000</ele>
			</trkpt>
			<trkpt lat="50.672233" lon="14.229915">
				<ele>645.000000</ele>
			</trkpt>
			<trkpt lat="50.672352" lon="14.229889">
				<ele>643.000000</ele>
			</trkpt>
			<trkpt lat="50.672449" lon="14.229898">
				<ele>642.000000</ele>
			</trkpt>
			<trkpt lat="50.672552" lon="14.229942">
				<ele>641.000000</ele>
			</trkpt>
			<trkpt lat="50.672648" lon="14.230024">
				<ele>639.000000</ele>
			</trkpt>
			<trkpt lat="50.672791" lon="14.230177">
				<ele>637.000000</ele>
			</trkpt>
			<trkpt lat="50.673195" lon="14.230626">
				<ele>631.000000</ele>
			</trkpt>
			<trkpt lat="50.673309" lon="14.230778">
				<ele>629.000000</ele>
			</trkpt>
			<trkpt lat="50.673394" lon="14.230904">
				<ele>628.000000</ele>
			</trkpt>
			<trkpt lat="50.673565" lon="14.231309">
				<ele>627.000000</ele>
			</trkpt>
			<trkpt lat="50.673850" lon="14.232000">
				<ele>627.000000</ele>
			</trkpt>
			<trkpt lat="50.673930" lon="14.232225">
				<ele>626.000000</ele>
			</trkpt>
			<trkpt lat="50.673986" lon="14.232422">
				<ele>626.000000</ele>
			</trkpt>
			<trkpt lat="50.674026" lon="14.232592">
				<ele>626.000000</ele>
			</trkpt>
			<trkpt lat="50.674072" lon="14.232898">
				<ele>626.000000</ele>
			</trkpt>
			<trkpt lat="50.674100" lon="14.233257">
				<ele>625.000000</ele>
			</trkpt>
			<trkpt lat="50.674111" lon="14.233437">
				<ele>625.000000</ele>
			</trkpt>
			<trkpt lat="50.674111" lon="14.233590">
				<ele>625.000000</ele>
			</trkpt>
			<trkpt lat="50.674094" lon="14.233752">
				<ele>625.000000</ele>
			</trkpt>
			<trkpt lat="50.674066" lon="14.233877">
				<ele>624.000000</ele>
			</trkpt>
			<trkpt lat="50.674026" lon="14.234003">
				<ele>624.000000</ele>
			</trkpt>
			<trkpt lat="50.673980" lon="14.234129">
				<ele>623.000000</ele>
			</trkpt>
			<trkpt lat="50.673907" lon="14.234290">
				<ele>622.000000</ele>
			</trkpt>
			<trkpt lat="50.673809" lon="14.234479">
				<ele>621.000000</ele>
			</trkpt>
			<trkpt lat="50.673599" lon="14.234856">
				<ele>619.000000</ele>
			</trkpt>
			<trkpt lat="50.673485" lon="14.235135">
				<ele>618.000000</ele>
			</trkpt>
			<trkpt lat="50.673383" lon="14.235405">
				<ele>617.000000</ele>
			</trkpt>
			<trkpt lat="50.673292" lon="14.235781">
				<ele>616.000000</ele>
			</trkpt>
			<trkpt lat="50.673178" lon="14.236267">
				<ele>614.000000</ele>
			</trkpt>
			<trkpt lat="50.673121" lon="14.236429">
				<ele>613.000000</ele>
			</trkpt>
			<trkpt lat="50.673070" lon="14.236563">
				<ele>612.000000</ele>
			</trkpt>
			<trkpt lat="50.673018" lon="14.236699">
				<ele>612.000000</ele>
			</trkpt>
			<trkpt lat="50.672956" lon="14.236806">
				<ele>611.000000</ele>
			</trkpt>
			<trkpt lat="50.672751" lon="14.237139">
				<ele>609.000000</ele>
			</trkpt>
			<trkpt lat="50.672517" lon="14.237506">
				<ele>608.000000</ele>
			</trkpt>
			<trkpt lat="50.672307" lon="14.237866">
				<ele>606.000000</ele>
			</trkpt>
			<trkpt lat="50.672204" lon="14.238028">
				<ele>605.000000</ele>
			</trkpt>
			<trkpt lat="50.672153" lon="14.238154">
				<ele>605.000000</ele>
			</trkpt>
			<trkpt lat="50.672085" lon="14.238378">
				<ele>604.000000</ele>
			</trkpt>
			<trkpt lat="50.672039" lon="14.238594">
				<ele>603.000000</ele>
			</trkpt>
			<trkpt lat="50.672005" lon="14.238783">
				<ele>602.000000</ele>
			</trkpt>
			<trkpt lat="50.671976" lon="14.238963">
				<ele>602.000000</ele>
			</trkpt>
			<trkpt lat="50.671953" lon="14.239223">
				<ele>601.000000</ele>
			</trkpt>
			<trkpt lat="50.671953" lon="14.239420">
				<ele>600.000000</ele>
			</trkpt>
			<trkpt lat="50.671965" lon="14.239582">
				<ele>600.000000</ele>
			</trkpt>
			<trkpt lat="50.671999" lon="14.239752">
				<ele>599.000000</ele>
			</trkpt>
			<trkpt lat="50.672067" lon="14.239995">
				<ele>599.000000</ele>
			</trkpt>
			<trkpt lat="50.672130" lon="14.240238">
				<ele>598.000000</ele>
			</trkpt>
			<trkpt lat="50.672170" lon="14.240372">
				<ele>598.000000</ele>
			</trkpt>
			<trkpt lat="50.672199" lon="14.240544">
				<ele>598.000000</ele>
			</trkpt>
			<trkpt lat="50.672216" lon="14.240714">
				<ele>597.000000</ele>
			</trkpt>
			<trkpt lat="50.672227" lon="14.240840">
				<ele>597.000000</ele>
			</trkpt>
			<trkpt lat="50.672216" lon="14.240965">
				<ele>597.000000</ele>
			</trkpt>
			<trkpt lat="50.672210" lon="14.241100">
				<ele>596.000000</ele>
			</trkpt>
			<trkpt lat="50.672176" lon="14.241271">
				<ele>596.000000</ele>
			</trkpt>
			<trkpt lat="50.672113" lon="14.241594">
				<ele>595.000000</ele>
			</trkpt>
			<trkpt lat="50.672033" lon="14.241890">
				<ele>595.000000</ele>
			</trkpt>
			<trkpt lat="50.671988" lon="14.242062">
				<ele>594.000000</ele>
			</trkpt>
			<trkpt lat="50.671937" lon="14.242205">
				<ele>593.000000</ele>
			</trkpt>
			<trkpt lat="50.671886" lon="14.242330">
				<ele>593.000000</ele>
			</trkpt>
			<trkpt lat="50.671806" lon="14.242502">
				<ele>592.000000</ele>
			</trkpt>
			<trkpt lat="50.671686" lon="14.242689">
				<ele>591.000000</ele>
			</trkpt>
			<trkpt lat="50.671521" lon="14.242888">
				<ele>590.000000</ele>
			</trkpt>
			<trkpt lat="50.670958" lon="14.243490">
				<ele>588.000000</ele>
			</trkpt>
			<trkpt lat="50.670769" lon="14.243705">
				<ele>587.000000</ele>
			</trkpt>
			<trkpt lat="50.670627" lon="14.243894">
				<ele>587.000000</ele>
			</trkpt>
			<trkpt lat="50.670519" lon="14.244056">
				<ele>586.000000</ele>
			</trkpt>
			<trkpt lat="50.670439" lon="14.244226">
				<ele>586.000000</ele>
			</trkpt>
			<trkpt lat="50.670371" lon="14.244424">
				<ele>585.000000</ele>
			</trkpt>
			<trkpt lat="50.670325" lon="14.244649">
				<ele>585.000000</ele>
			</trkpt>
			<trkpt lat="50.670291" lon="14.244918">
				<ele>584.000000</ele>
			</trkpt>
			<trkpt lat="50.670274" lon="14.245215">
				<ele>583.000000</ele>
			</trkpt>
			<trkpt lat="50.670280" lon="14.245699">
				<ele>581.000000</ele>
			</trkpt>
			<trkpt lat="50.670303" lon="14.246760">
				<ele>578.000000</ele>
			</trkpt>
			<trkpt lat="50.670314" lon="14.247154">
				<ele>576.000000</ele>
			</trkpt>
			<trkpt lat="50.670309" lon="14.247576">
				<ele>575.000000</ele>
			</trkpt>
			<trkpt lat="50.670263" lon="14.249068">
				<ele>571.000000</ele>
			</trkpt>
			<trkpt lat="50.670252" lon="14.249580">
				<ele>570.000000</ele>
			</trkpt>
			<trkpt lat="50.670252" lon="14.250056">
				<ele>569.000000</ele>
			</trkpt>
			<trkpt lat="50.670274" lon="14.250542">
				<ele>568.000000</ele>
			</trkpt>
			<trkpt lat="50.670303" lon="14.251171">
				<ele>566.000000</ele>
			</trkpt>
			<trkpt lat="50.670314" lon="14.251332">
				<ele>566.000000</ele>
			</trkpt>
			<trkpt lat="50.670343" lon="14.251907">
				<ele>564.000000</ele>
			</trkpt>
			<trkpt lat="50.670354" lon="14.252302">
				<ele>563.000000</ele>
			</trkpt>
			<trkpt lat="50.670348" lon="14.252716">
				<ele>562.000000</ele>
			</trkpt>
			<trkpt lat="50.670343" lon="14.253236">
				<ele>561.000000</ele>
			</trkpt>
			<trkpt lat="50.670331" lon="14.253569">
				<ele>561.000000</ele>
			</trkpt>
			<trkpt lat="50.670331" lon="14.253901">
				<ele>560.000000</ele>
			</trkpt>
			<trkpt lat="50.670371" lon="14.254727">
				<ele>558.000000</ele>
			</trkpt>
			<trkpt lat="50.670382" lon="14.255024">
				<ele>557.000000</ele>
			</trkpt>
			<trkpt lat="50.670377" lon="14.255132">
				<ele>557.000000</ele>
			</trkpt>
			<trkpt lat="50.670366" lon="14.255230">
				<ele>557.000000</ele>
			</trkpt>
			<trkpt lat="50.670314" lon="14.255402">
				<ele>557.000000</ele>
			</trkpt>
			<trkpt lat="50.670206" lon="14.255689">
				<ele>556.000000</ele>
			</trkpt>
			<trkpt lat="50.670126" lon="14.255932">
				<ele>555.000000</ele>
			</trkpt>
			<trkpt lat="50.670069" lon="14.256228">
				<ele>555.000000</ele>
			</trkpt>
			<trkpt lat="50.670024" lon="14.256569">
				<ele>554.000000</ele>
			</trkpt>
			<trkpt lat="50.669989" lon="14.256964">
				<ele>553.000000</ele>
			</trkpt>
			<trkpt lat="50.669961" lon="14.257997">
				<ele>550.000000</ele>
			</trkpt>
			<trkpt lat="50.669921" lon="14.258465">
				<ele>548.000000</ele>
			</trkpt>
			<trkpt lat="50.669904" lon="14.258824">
				<ele>547.000000</ele>
			</trkpt>
			<trkpt lat="50.669898" lon="14.259075">
				<ele>546.000000</ele>
			</trkpt>
			<trkpt lat="50.669916" lon="14.259345">
				<ele>545.000000</ele>
			</trkpt>
			<trkpt lat="50.669955" lon="14.259641">
				<ele>544.000000</ele>
			</trkpt>
			<trkpt lat="50.670001" lon="14.259956">
				<ele>543.000000</ele>
			</trkpt>
			<trkpt lat="50.670064" lon="14.260350">
				<ele>542.000000</ele>
			</trkpt>
			<trkpt lat="50.670098" lon="14.260683">
				<ele>542.000000</ele>
			</trkpt>
			<trkpt lat="50.670098" lon="14.261016">
				<ele>541.000000</ele>
			</trkpt>
			<trkpt lat="50.670064" lon="14.261482">
				<ele>540.000000</ele>
			</trkpt>
			<trkpt lat="50.670041" lon="14.261806">
				<ele>539.000000</ele>
			</trkpt>
			<trkpt lat="50.670041" lon="14.262094">
				<ele>538.000000</ele>
			</trkpt>
			<trkpt lat="50.670064" lon="14.262372">
				<ele>537.000000</ele>
			</trkpt>
			<trkpt lat="50.670109" lon="14.262687">
				<ele>536.000000</ele>
			</trkpt>
			<trkpt lat="50.670155" lon="14.262920">
				<ele>535.000000</ele>
			</trkpt>
			<trkpt lat="50.670200" lon="14.263163">
				<ele>535.000000</ele>
			</trkpt>
			<trkpt lat="50.670229" lon="14.263360">
				<ele>534.000000</ele>
			</trkpt>
			<trkpt lat="50.670246" lon="14.263532">
				<ele>534.000000</ele>
			</trkpt>
			<trkpt lat="50.670252" lon="14.263710">
				<ele>534.000000</ele>
			</trkpt>
			<trkpt lat="50.670240" lon="14.263882">
				<ele>533.000000</ele>
			</trkpt>
			<trkpt lat="50.670217" lon="14.264098">
				<ele>533.000000</ele>
			</trkpt>
			<trkpt lat="50.670183" lon="14.264276">
				<ele>532.000000</ele>
			</trkpt>
			<trkpt lat="50.670121" lon="14.264511">
				<ele>532.000000</ele>
			</trkpt>
			<trkpt lat="50.670075" lon="14.264708">
				<ele>532.000000</ele>
			</trkpt>
			<trkpt lat="50.670052" lon="14.264861">
				<ele>531.000000</ele>
			</trkpt>
			<trkpt lat="50.670024" lon="14.265031">
				<ele>531.000000</ele>
			</trkpt>
			<trkpt lat="50.670007" lon="14.265201">
				<ele>530.000000</ele>
			</trkpt>
			<trkpt lat="50.669967" lon="14.265660">
				<ele>530.000000</ele>
			</trkpt>
			<trkpt lat="50.669932" lon="14.265866">
				<ele>529.000000</ele>
			</trkpt>
			<trkpt lat="50.669875" lon="14.266100">
				<ele>529.000000</ele>
			</trkpt>
			<trkpt lat="50.669808" lon="14.266352">
				<ele>528.000000</ele>
			</trkpt>
			<trkpt lat="50.669699" lon="14.266693">
				<ele>527.000000</ele>
			</trkpt>
			<trkpt lat="50.669614" lon="14.266989">
				<ele>527.000000</ele>
			</trkpt>
			<trkpt lat="50.669551" lon="14.267224">
				<ele>526.000000</ele>
			</trkpt>
			<trkpt lat="50.669517" lon="14.267430">
				<ele>526.000000</ele>
			</trkpt>
			<trkpt lat="50.669472" lon="14.267744">
				<ele>525.000000</ele>
			</trkpt>
			<trkpt lat="50.669415" lon="14.268256">
				<ele>524.000000</ele>
			</trkpt>
			<trkpt lat="50.669397" lon="14.268436">
				<ele>524.000000</ele>
			</trkpt>
			<trkpt lat="50.669392" lon="14.268570">
				<ele>524.000000</ele>
			</trkpt>
			<trkpt lat="50.669397" lon="14.268706">
				<ele>524.000000</ele>
			</trkpt>
			<trkpt lat="50.669420" lon="14.268866">
				<ele>523.000000</ele>
			</trkpt>
			<trkpt lat="50.669437" lon="14.269046">
				<ele>523.000000</ele>
			</trkpt>
			<trkpt lat="50.669437" lon="14.269172">
				<ele>523.000000</ele>
			</trkpt>
			<trkpt lat="50.669431" lon="14.269289">
				<ele>523.000000</ele>
			</trkpt>
			<trkpt lat="50.669369" lon="14.269666">
				<ele>522.000000</ele>
			</trkpt>
			<trkpt lat="50.669346" lon="14.269828">
				<ele>522.000000</ele>
			</trkpt>
			<trkpt lat="50.669289" lon="14.270008">
				<ele>521.000000</ele>
			</trkpt>
			<trkpt lat="50.669107" lon="14.270664">
				<ele>520.000000</ele>
			</trkpt>
			<trkpt lat="50.668993" lon="14.271130">
				<ele>519.000000</ele>
			</trkpt>
			<trkpt lat="50.668885" lon="14.271606">
				<ele>519.000000</ele>
			</trkpt>
			<trkpt lat="50.668794" lon="14.272155">
				<ele>518.000000</ele>
			</trkpt>
			<trkpt lat="50.668731" lon="14.272496">
				<ele>517.000000</ele>
			</trkpt>
			<trkpt lat="50.668652" lon="14.272765">
				<ele>517.000000</ele>
			</trkpt>
			<trkpt lat="50.668555" lon="14.273027">
				<ele>517.000000</ele>
			</trkpt>
			<trkpt lat="50.668401" lon="14.273377">
				<ele>516.000000</ele>
			</trkpt>
			<trkpt lat="50.668304" lon="14.273610">
				<ele>516.000000</ele>
			</trkpt>
			<trkpt lat="50.668224" lon="14.273835">
				<ele>515.000000</ele>
			</trkpt>
			<trkpt lat="50.668167" lon="14.274059">
				<ele>515.000000</ele>
			</trkpt>
			<trkpt lat="50.668071" lon="14.274419">
				<ele>514.000000</ele>
			</trkpt>
			<trkpt lat="50.667946" lon="14.274859">
				<ele>514.000000</ele>
			</trkpt>
			<trkpt lat="50.667815" lon="14.275272">
				<ele>513.000000</ele>
			</trkpt>
			<trkpt lat="50.667655" lon="14.275685">
				<ele>513.000000</ele>
			</trkpt>
			<trkpt lat="50.667439" lon="14.276170">
				<ele>512.000000</ele>
			</trkpt>
			<trkpt lat="50.667068" lon="14.277006">
				<ele>511.000000</ele>
			</trkpt>
			<trkpt lat="50.666659" lon="14.277877">
				<ele>510.000000</ele>
			</trkpt>
			<trkpt lat="50.666419" lon="14.278416">
				<ele>509.000000</ele>
			</trkpt>
			<trkpt lat="50.666226" lon="14.278893">
				<ele>509.000000</ele>
			</trkpt>
			<trkpt lat="50.666118" lon="14.279216">
				<ele>509.000000</ele>
			</trkpt>
			<trkpt lat="50.666032" lon="14.279539">
				<ele>508.000000</ele>
			</trkpt>
			<trkpt lat="50.665964" lon="14.279872">
				<ele>508.000000</ele>
			</trkpt>
			<trkpt lat="50.665856" lon="14.280482">
				<ele>507.000000</ele>
			</trkpt>
			<trkpt lat="50.665543" lon="14.282198">
				<ele>506.000000</ele>
			</trkpt>
			<trkpt lat="50.665395" lon="14.283051">
				<ele>505.000000</ele>
			</trkpt>
			<trkpt lat="50.665321" lon="14.283491">
				<ele>505.000000</ele>
			</trkpt>
			<trkpt lat="50.665212" lon="14.283931">
				<ele>505.000000</ele>
			</trkpt>
			<trkpt lat="50.664933" lon="14.284911">
				<ele>504.000000</ele>
			</trkpt>
			<trkpt lat="50.664825" lon="14.285325">
				<ele>503.000000</ele>
			</trkpt>
			<trkpt lat="50.664706" lon="14.285801">
				<ele>503.000000</ele>
			</trkpt>
			<trkpt lat="50.664649" lon="14.286034">
				<ele>503.000000</ele>
			</trkpt>
			<trkpt lat="50.664586" lon="14.286231">
				<ele>503.000000</ele>
			</trkpt>
			<trkpt lat="50.664518" lon="14.286430">
				<ele>503.000000</ele>
			</trkpt>
			<trkpt lat="50.664404" lon="14.286717">
				<ele>502.000000</ele>
			</trkpt>
			<trkpt lat="50.664290" lon="14.286986">
				<ele>502.000000</ele>
			</trkpt>
			<trkpt lat="50.664188" lon="14.287256">
				<ele>502.000000</ele>
			</trkpt>
			<trkpt lat="50.664074" lon="14.287623">
				<ele>502.000000</ele>
			</trkpt>
			<trkpt lat="50.663994" lon="14.287965">
				<ele>501.000000</ele>
			</trkpt>
			<trkpt lat="50.663954" lon="14.288217">
				<ele>501.000000</ele>
			</trkpt>
			<trkpt lat="50.663926" lon="14.288451">
				<ele>501.000000</ele>
			</trkpt>
			<trkpt lat="50.663875" lon="14.288971">
				<ele>501.000000</ele>
			</trkpt>
			<trkpt lat="50.663846" lon="14.289321">
				<ele>501.000000</ele>
			</trkpt>
			<trkpt lat="50.663818" lon="14.289636">
				<ele>500.000000</ele>
			</trkpt>
			<trkpt lat="50.663789" lon="14.290489">
				<ele>500.000000</ele>
			</trkpt>
			<trkpt lat="50.663772" lon="14.290921">
				<ele>499.000000</ele>
			</trkpt>
			<trkpt lat="50.663726" lon="14.291280">
				<ele>499.000000</ele>
			</trkpt>
			<trkpt lat="50.663658" lon="14.291648">
				<ele>499.000000</ele>
			</trkpt>
			<trkpt lat="50.663544" lon="14.292061">
				<ele>498.000000</ele>
			</trkpt>
			<trkpt lat="50.663379" lon="14.292646">
				<ele>498.000000</ele>
			</trkpt>
			<trkpt lat="50.663271" lon="14.293059">
				<ele>497.000000</ele>
			</trkpt>
			<trkpt lat="50.663191" lon="14.293309">
				<ele>497.000000</ele>
			</trkpt>
			<trkpt lat="50.663123" lon="14.293508">
				<ele>497.000000</ele>
			</trkpt>
			<trkpt lat="50.663043" lon="14.293705">
				<ele>497.000000</ele>
			</trkpt>
			<trkpt lat="50.662872" lon="14.294064">
				<ele>496.000000</ele>
			</trkpt>
			<trkpt lat="50.662183" lon="14.295736">
				<ele>495.000000</ele>
			</trkpt>
			<trkpt lat="50.662058" lon="14.296032">
				<ele>495.000000</ele>
			</trkpt>
			<trkpt lat="50.661962" lon="14.296202">
				<ele>495.000000</ele>
			</trkpt>
			<trkpt lat="50.661825" lon="14.296428">
				<ele>495.000000</ele>
			</trkpt>
			<trkpt lat="50.661426" lon="14.297056">
				<ele>495.000000</ele>
			</trkpt>
			<trkpt lat="50.661471" lon="14.297083">
				<ele>495.000000</ele>
			</trkpt>
			<trkpt lat="50.661534" lon="14.297110">
				<ele>495.000000</ele>
			</trkpt>
			<trkpt lat="50.661870" lon="14.297236">
				<ele>496.000000</ele>
			</trkpt>
			<trkpt lat="50.662257" lon="14.297361">
				<ele>497.000000</ele>
			</trkpt>
			<trkpt lat="50.662234" lon="14.298009">
				<ele>498.000000</ele>
			</trkpt>
			<trkpt lat="50.662206" lon="14.298475">
				<ele>499.000000</ele>
			</trkpt>
			<trkpt lat="50.662132" lon="14.299697">
				<ele>500.000000</ele>
			</trkpt>
			<trkpt lat="50.662115" lon="14.299770">
				<ele>500.000000</ele>
			</trkpt>
			<trkpt lat="50.662092" lon="14.299831">
				<ele>500.000000</ele>
			</trkpt>
			<trkpt lat="50.662035" lon="14.299877">
				<ele>500.000000</ele>
			</trkpt>
			<trkpt lat="50.661819" lon="14.299994">
				<ele>500.000000</ele>
			</trkpt>
			<trkpt lat="50.661784" lon="14.300020">
				<ele>500.000000</ele>
			</trkpt>
			<trkpt lat="50.661756" lon="14.300066">
				<ele>500.000000</ele>
			</trkpt>
			<trkpt lat="50.661739" lon="14.300110">
				<ele>500.000000</ele>
			</trkpt>
			<trkpt lat="50.661722" lon="14.300183">
				<ele>500.000000</ele>
			</trkpt>
			<trkpt lat="50.661682" lon="14.300496">
				<ele>500.000000</ele>
			</trkpt>
			<trkpt lat="50.661654" lon="14.300820">
				<ele>499.000000</ele>
			</trkpt>
			<trkpt lat="50.661631" lon="14.301162">
				<ele>497.000000</ele>
			</trkpt>
			<trkpt lat="50.661512" lon="14.301206">
				<ele>495.000000</ele>
			</trkpt>
			<trkpt lat="50.661494" lon="14.301970">
				<ele>495.000000</ele>
			</trkpt>
			<trkpt lat="50.661494" lon="14.302104">
				<ele>495.000000</ele>
			</trkpt>
			<trkpt lat="50.661483" lon="14.302302">
				<ele>495.000000</ele>
			</trkpt>
			<trkpt lat="50.661477" lon="14.302634">
				<ele>495.000000</ele>
			</trkpt>
			<trkpt lat="50.661181" lon="14.302590">
				<ele>495.000000</ele>
			</trkpt>
			<trkpt lat="50.661147" lon="14.302634">
				<ele>495.000000</ele>
			</trkpt>
			<trkpt lat="50.661107" lon="14.302697">
				<ele>495.000000</ele>
			</trkpt>
			<trkpt lat="50.661090" lon="14.302770">
				<ele>494.000000</ele>
			</trkpt>
			<trkpt lat="50.661056" lon="14.302904">
				<ele>494.000000</ele>
			</trkpt>
			<trkpt lat="50.661005" lon="14.303146">
				<ele>494.000000</ele>
			</trkpt>
			<trkpt lat="50.660942" lon="14.303542">
				<ele>493.000000</ele>
			</trkpt>
			<trkpt lat="50.660919" lon="14.303731">
				<ele>492.000000</ele>
			</trkpt>
			<trkpt lat="50.660891" lon="14.304152">
				<ele>491.000000</ele>
			</trkpt>
			<trkpt lat="50.660902" lon="14.304297">
				<ele>491.000000</ele>
			</trkpt>
			<trkpt lat="50.660913" lon="14.304467">
				<ele>490.000000</ele>
			</trkpt>
			<trkpt lat="50.660970" lon="14.304871">
				<ele>490.000000</ele>
			</trkpt>
			<trkpt lat="50.661090" lon="14.305464">
				<ele>488.000000</ele>
			</trkpt>
			<trkpt lat="50.661101" lon="14.305636">
				<ele>488.000000</ele>
			</trkpt>
			<trkpt lat="50.661090" lon="14.305796">
				<ele>487.000000</ele>
			</trkpt>
			<trkpt lat="50.661050" lon="14.305967">
				<ele>487.000000</ele>
			</trkpt>
			<trkpt lat="50.660970" lon="14.306219">
				<ele>486.000000</ele>
			</trkpt>
			<trkpt lat="50.660930" lon="14.306291">
				<ele>486.000000</ele>
			</trkpt>
			<trkpt lat="50.660874" lon="14.306479">
				<ele>486.000000</ele>
			</trkpt>
			<trkpt lat="50.660828" lon="14.306649">
				<ele>485.000000</ele>
			</trkpt>
			<trkpt lat="50.660742" lon="14.307154">
				<ele>484.000000</ele>
			</trkpt>
			<trkpt lat="50.660651" lon="14.307611">
				<ele>483.000000</ele>
			</trkpt>
			<trkpt lat="50.660617" lon="14.307764">
				<ele>482.000000</ele>
			</trkpt>
			<trkpt lat="50.660566" lon="14.307899">
				<ele>482.000000</ele>
			</trkpt>
			<trkpt lat="50.660504" lon="14.307997">
				<ele>482.000000</ele>
			</trkpt>
			<trkpt lat="50.660361" lon="14.308196">
				<ele>481.000000</ele>
			</trkpt>
			<trkpt lat="50.660321" lon="14.308249">
				<ele>481.000000</ele>
			</trkpt>
			<trkpt lat="50.660270" lon="14.308366">
				<ele>481.000000</ele>
			</trkpt>
			<trkpt lat="50.660224" lon="14.308492">
				<ele>480.000000</ele>
			</trkpt>
			<trkpt lat="50.660201" lon="14.308653">
				<ele>480.000000</ele>
			</trkpt>
			<trkpt lat="50.660185" lon="14.308852">
				<ele>480.000000</ele>
			</trkpt>
			<trkpt lat="50.660173" lon="14.308986">
				<ele>479.000000</ele>
			</trkpt>
			<trkpt lat="50.660150" lon="14.309452">
				<ele>478.000000</ele>
			</trkpt>
			<trkpt lat="50.660111" lon="14.309894">
				<ele>478.000000</ele>
			</trkpt>
			<trkpt lat="50.660082" lon="14.310135">
				<ele>477.000000</ele>
			</trkpt>
			<trkpt lat="50.660077" lon="14.310253">
				<ele>477.000000</ele>
			</trkpt>
			<trkpt lat="50.660077" lon="14.310351">
				<ele>477.000000</ele>
			</trkpt>
			<trkpt lat="50.660088" lon="14.310459">
				<ele>477.000000</ele>
			</trkpt>
			<trkpt lat="50.660111" lon="14.310603">
				<ele>476.000000</ele>
			</trkpt>
			<trkpt lat="50.660162" lon="14.310827">
				<ele>476.000000</ele>
			</trkpt>
			<trkpt lat="50.660372" lon="14.311915">
				<ele>474.000000</ele>
			</trkpt>
			<trkpt lat="50.660390" lon="14.312058">
				<ele>474.000000</ele>
			</trkpt>
			<trkpt lat="50.660401" lon="14.312211">
				<ele>474.000000</ele>
			</trkpt>
			<trkpt lat="50.660384" lon="14.312354">
				<ele>474.000000</ele>
			</trkpt>
			<trkpt lat="50.660356" lon="14.312507">
				<ele>473.000000</ele>
			</trkpt>
			<trkpt lat="50.660287" lon="14.312768">
				<ele>473.000000</ele>
			</trkpt>
			<trkpt lat="50.660253" lon="14.312965">
				<ele>473.000000</ele>
			</trkpt>
			<trkpt lat="50.660224" lon="14.313144">
				<ele>472.000000</ele>
			</trkpt>
			<trkpt lat="50.660213" lon="14.313360">
				<ele>472.000000</ele>
			</trkpt>
			<trkpt lat="50.660213" lon="14.313504">
				<ele>472.000000</ele>
			</trkpt>
			<trkpt lat="50.660230" lon="14.313702">
				<ele>472.000000</ele>
			</trkpt>
			<trkpt lat="50.660276" lon="14.314196">
				<ele>471.000000</ele>
			</trkpt>
			<trkpt lat="50.660315" lon="14.314591">
				<ele>471.000000</ele>
			</trkpt>
			<trkpt lat="50.660338" lon="14.314987">
				<ele>470.000000</ele>
			</trkpt>
			<trkpt lat="50.660356" lon="14.315498">
				<ele>469.000000</ele>
			</trkpt>
			<trkpt lat="50.660367" lon="14.315633">
				<ele>469.000000</ele>
			</trkpt>
			<trkpt lat="50.660372" lon="14.316119">
				<ele>469.000000</ele>
			</trkpt>
			<trkpt lat="50.660338" lon="14.316729">
				<ele>468.000000</ele>
			</trkpt>
			<trkpt lat="50.660338" lon="14.316909">
				<ele>468.000000</ele>
			</trkpt>
			<trkpt lat="50.660356" lon="14.317106">
				<ele>467.000000</ele>
			</trkpt>
			<trkpt lat="50.660452" lon="14.317771">
				<ele>466.000000</ele>
			</trkpt>
			<trkpt lat="50.660463" lon="14.317968">
				<ele>466.000000</ele>
			</trkpt>
			<trkpt lat="50.660452" lon="14.318140">
				<ele>466.000000</ele>
			</trkpt>
			<trkpt lat="50.660429" lon="14.318310">
				<ele>466.000000</ele>
			</trkpt>
			<trkpt lat="50.660367" lon="14.318481">
				<ele>466.000000</ele>
			</trkpt>
			<trkpt lat="50.660333" lon="14.318561">
				<ele>465.000000</ele>
			</trkpt>
			<trkpt lat="50.660287" lon="14.318624">
				<ele>465.000000</ele>
			</trkpt>
			<trkpt lat="50.660224" lon="14.318670">
				<ele>465.000000</ele>
			</trkpt>
			<trkpt lat="50.660105" lon="14.318741">
				<ele>465.000000</ele>
			</trkpt>
			<trkpt lat="50.660071" lon="14.318786">
				<ele>465.000000</ele>
			</trkpt>
			<trkpt lat="50.660042" lon="14.318813">
				<ele>465.000000</ele>
			</trkpt>
			<trkpt lat="50.660025" lon="14.318849">
				<ele>464.000000</ele>
			</trkpt>
			<trkpt lat="50.660008" lon="14.318912">
				<ele>464.000000</ele>
			</trkpt>
			<trkpt lat="50.659985" lon="14.319010">
				<ele>464.000000</ele>
			</trkpt>
			<trkpt lat="50.659985" lon="14.319190">
				<ele>464.000000</ele>
			</trkpt>
			<trkpt lat="50.659974" lon="14.321050">
				<ele>460.000000</ele>
			</trkpt>
			<trkpt lat="50.659979" lon="14.321257">
				<ele>460.000000</ele>
			</trkpt>
			<trkpt lat="50.659985" lon="14.321446">
				<ele>460.000000</ele>
			</trkpt>
			<trkpt lat="50.660014" lon="14.321616">
				<ele>460.000000</ele>
			</trkpt>
			<trkpt lat="50.660065" lon="14.321867">
				<ele>460.000000</ele>
			</trkpt>
			<trkpt lat="50.660082" lon="14.322020">
				<ele>460.000000</ele>
			</trkpt>
			<trkpt lat="50.660093" lon="14.322163">
				<ele>460.000000</ele>
			</trkpt>
			<trkpt lat="50.660082" lon="14.322289">
				<ele>460.000000</ele>
			</trkpt>
			<trkpt lat="50.660077" lon="14.322362">
				<ele>460.000000</ele>
			</trkpt>
			<trkpt lat="50.660054" lon="14.322415">
				<ele>460.000000</ele>
			</trkpt>
			<trkpt lat="50.659974" lon="14.322613">
				<ele>460.000000</ele>
			</trkpt>
			<trkpt lat="50.659934" lon="14.322721">
				<ele>460.000000</ele>
			</trkpt>
			<trkpt lat="50.659894" lon="14.322829">
				<ele>460.000000</ele>
			</trkpt>
			<trkpt lat="50.659871" lon="14.322928">
				<ele>460.000000</ele>
			</trkpt>
			<trkpt lat="50.659860" lon="14.323027">
				<ele>460.000000</ele>
			</trkpt>
			<trkpt lat="50.659854" lon="14.323188">
				<ele>460.000000</ele>
			</trkpt>
			<trkpt lat="50.659831" lon="14.323494">
				<ele>460.000000</ele>
			</trkpt>
			<trkpt lat="50.659774" lon="14.323808">
				<ele>459.000000</ele>
			</trkpt>
			<trkpt lat="50.659684" lon="14.324347">
				<ele>459.000000</ele>
			</trkpt>
			<trkpt lat="50.659592" lon="14.325012">
				<ele>458.000000</ele>
			</trkpt>
			<trkpt lat="50.659570" lon="14.325245">
				<ele>458.000000</ele>
			</trkpt>
			<trkpt lat="50.659524" lon="14.325479">
				<ele>457.000000</ele>
			</trkpt>
			<trkpt lat="50.659490" lon="14.325677">
				<ele>457.000000</ele>
			</trkpt>
			<trkpt lat="50.659291" lon="14.326404">
				<ele>456.000000</ele>
			</trkpt>
			<trkpt lat="50.659000" lon="14.327428">
				<ele>455.000000</ele>
			</trkpt>
			<trkpt lat="50.658926" lon="14.327679">
				<ele>455.000000</ele>
			</trkpt>
			<trkpt lat="50.658875" lon="14.327922">
				<ele>454.000000</ele>
			</trkpt>
			<trkpt lat="50.658795" lon="14.328578">
				<ele>454.000000</ele>
			</trkpt>
			<trkpt lat="50.658693" lon="14.329144">
				<ele>453.000000</ele>
			</trkpt>
			<trkpt lat="50.658482" lon="14.330222">
				<ele>452.000000</ele>
			</trkpt>
			<trkpt lat="50.658203" lon="14.331417">
				<ele>450.000000</ele>
			</trkpt>
			<trkpt lat="50.658106" lon="14.331910">
				<ele>450.000000</ele>
			</trkpt>
			<trkpt lat="50.658089" lon="14.332000">
				<ele>450.000000</ele>
			</trkpt>
			<trkpt lat="50.658089" lon="14.332100">
				<ele>449.000000</ele>
			</trkpt>
			<trkpt lat="50.658106" lon="14.332333">
				<ele>449.000000</ele>
			</trkpt>
			<trkpt lat="50.658231" lon="14.333123">
				<ele>448.000000</ele>
			</trkpt>
			<trkpt lat="50.658288" lon="14.333581">
				<ele>448.000000</ele>
			</trkpt>
			<trkpt lat="50.658305" lon="14.333958">
				<ele>447.000000</ele>
			</trkpt>
			<trkpt lat="50.658316" lon="14.334273">
				<ele>447.000000</ele>
			</trkpt>
			<trkpt lat="50.658328" lon="14.334543">
				<ele>447.000000</ele>
			</trkpt>
			<trkpt lat="50.658357" lon="14.334821">
				<ele>446.000000</ele>
			</trkpt>
			<trkpt lat="50.658357" lon="14.335090">
				<ele>446.000000</ele>
			</trkpt>
			<trkpt lat="50.658368" lon="14.335405">
				<ele>446.000000</ele>
			</trkpt>
			<trkpt lat="50.658391" lon="14.335675">
				<ele>445.000000</ele>
			</trkpt>
			<trkpt lat="50.658408" lon="14.335828">
				<ele>445.000000</ele>
			</trkpt>
			<trkpt lat="50.658408" lon="14.335953">
				<ele>445.000000</ele>
			</trkpt>
			<trkpt lat="50.658408" lon="14.336097">
				<ele>445.000000</ele>
			</trkpt>
			<trkpt lat="50.658402" lon="14.336241">
				<ele>445.000000</ele>
			</trkpt>
			<trkpt lat="50.658373" lon="14.336438">
				<ele>445.000000</ele>
			</trkpt>
			<trkpt lat="50.658311" lon="14.336771">
				<ele>445.000000</ele>
			</trkpt>
			<trkpt lat="50.658294" lon="14.336905">
				<ele>445.000000</ele>
			</trkpt>
			<trkpt lat="50.658277" lon="14.337058">
				<ele>445.000000</ele>
			</trkpt>
			<trkpt lat="50.658271" lon="14.337174">
				<ele>445.000000</ele>
			</trkpt>
			<trkpt lat="50.658282" lon="14.337300">
				<ele>445.000000</ele>
			</trkpt>
			<trkpt lat="50.658311" lon="14.337552">
				<ele>445.000000</ele>
			</trkpt>
			<trkpt lat="50.658391" lon="14.337966">
				<ele>445.000000</ele>
			</trkpt>
			<trkpt lat="50.658414" lon="14.338092">
				<ele>445.000000</ele>
			</trkpt>
			<trkpt lat="50.658430" lon="14.338199">
				<ele>445.000000</ele>
			</trkpt>
			<trkpt lat="50.658430" lon="14.338316">
				<ele>445.000000</ele>
			</trkpt>
			<trkpt lat="50.658419" lon="14.338432">
				<ele>445.000000</ele>
			</trkpt>
			<trkpt lat="50.658396" lon="14.338639">
				<ele>445.000000</ele>
			</trkpt>
			<trkpt lat="50.658316" lon="14.338935">
				<ele>445.000000</ele>
			</trkpt>
			<trkpt lat="50.658288" lon="14.339052">
				<ele>445.000000</ele>
			</trkpt>
			<trkpt lat="50.658288" lon="14.339169">
				<ele>445.000000</ele>
			</trkpt>
			<trkpt lat="50.658339" lon="14.339321">
				<ele>445.000000</ele>
			</trkpt>
			<trkpt lat="50.658402" lon="14.339430">
				<ele>445.000000</ele>
			</trkpt>
			<trkpt lat="50.658482" lon="14.339520">
				<ele>445.000000</ele>
			</trkpt>
			<trkpt lat="50.658618" lon="14.339600">
				<ele>445.000000</ele>
			</trkpt>
			<trkpt lat="50.658670" lon="14.339645">
				<ele>445.000000</ele>
			</trkpt>
			<trkpt lat="50.658715" lon="14.339700">
				<ele>445.000000</ele>
			</trkpt>
			<trkpt lat="50.658772" lon="14.339780">
				<ele>445.000000</ele>
			</trkpt>
			<trkpt lat="50.658807" lon="14.339870">
				<ele>445.000000</ele>
			</trkpt>
			<trkpt lat="50.658880" lon="14.340176">
				<ele>445.000000</ele>
			</trkpt>
			<trkpt lat="50.658966" lon="14.340526">
				<ele>446.000000</ele>
			</trkpt>
			<trkpt lat="50.659120" lon="14.341109">
				<ele>448.000000</ele>
			</trkpt>
			<trkpt lat="50.659211" lon="14.341388">
				<ele>449.000000</ele>
			</trkpt>
			<trkpt lat="50.659285" lon="14.341568">
				<ele>450.000000</ele>
			</trkpt>
			<trkpt lat="50.659319" lon="14.341639">
				<ele>450.000000</ele>
			</trkpt>
			<trkpt lat="50.659359" lon="14.341684">
				<ele>451.000000</ele>
			</trkpt>
			<trkpt lat="50.659387" lon="14.342430">
				<ele>451.000000</ele>
			</trkpt>
			<trkpt lat="50.659438" lon="14.342916">
				<ele>450.000000</ele>
			</trkpt>
			<trkpt lat="50.659438" lon="14.343023">
				<ele>450.000000</ele>
			</trkpt>
			<trkpt lat="50.659427" lon="14.343122">
				<ele>450.000000</ele>
			</trkpt>
			<trkpt lat="50.659393" lon="14.343185">
				<ele>450.000000</ele>
			</trkpt>
			<trkpt lat="50.659359" lon="14.343193">
				<ele>450.000000</ele>
			</trkpt>
			<trkpt lat="50.659250" lon="14.343166">
				<ele>450.000000</ele>
			</trkpt>
			<trkpt lat="50.659159" lon="14.343130">
				<ele>449.000000</ele>
			</trkpt>
			<trkpt lat="50.659057" lon="14.343076">
				<ele>448.000000</ele>
			</trkpt>
			<trkpt lat="50.658943" lon="14.342987">
				<ele>447.000000</ele>
			</trkpt>
			<trkpt lat="50.658709" lon="14.342799">
				<ele>444.000000</ele>
			</trkpt>
			<trkpt lat="50.658590" lon="14.342726">
				<ele>443.000000</ele>
			</trkpt>
			<trkpt lat="50.658471" lon="14.342700">
				<ele>441.000000</ele>
			</trkpt>
			<trkpt lat="50.658408" lon="14.342700">
				<ele>441.000000</ele>
			</trkpt>
			<trkpt lat="50.658345" lon="14.342717">
				<ele>440.000000</ele>
			</trkpt>
			<trkpt lat="50.658282" lon="14.342744">
				<ele>440.000000</ele>
			</trkpt>
			<trkpt lat="50.658237" lon="14.342771">
				<ele>439.000000</ele>
			</trkpt>
			<trkpt lat="50.658197" lon="14.342816">
				<ele>439.000000</ele>
			</trkpt>
			<trkpt lat="50.658151" lon="14.342889">
				<ele>439.000000</ele>
			</trkpt>
			<trkpt lat="50.658117" lon="14.342942">
				<ele>439.000000</ele>
			</trkpt>
			<trkpt lat="50.658089" lon="14.343032">
				<ele>439.000000</ele>
			</trkpt>
			<trkpt lat="50.658072" lon="14.343113">
				<ele>438.000000</ele>
			</trkpt>
			<trkpt lat="50.658055" lon="14.343212">
				<ele>438.000000</ele>
			</trkpt>
			<trkpt lat="50.658037" lon="14.343373">
				<ele>438.000000</ele>
			</trkpt>
			<trkpt lat="50.658037" lon="14.343472">
				<ele>437.000000</ele>
			</trkpt>
			<trkpt lat="50.658037" lon="14.343579">
				<ele>437.000000</ele>
			</trkpt>
			<trkpt lat="50.658049" lon="14.343669">
				<ele>437.000000</ele>
			</trkpt>
			<trkpt lat="50.658072" lon="14.343742">
				<ele>437.000000</ele>
			</trkpt>
			<trkpt lat="50.658100" lon="14.343822">
				<ele>436.000000</ele>
			</trkpt>
			<trkpt lat="50.658140" lon="14.343895">
				<ele>436.000000</ele>
			</trkpt>
			<trkpt lat="50.658163" lon="14.343992">
				<ele>436.000000</ele>
			</trkpt>
			<trkpt lat="50.658186" lon="14.344092">
				<ele>435.000000</ele>
			</trkpt>
			<trkpt lat="50.658186" lon="14.344172">
				<ele>435.000000</ele>
			</trkpt>
			<trkpt lat="50.658186" lon="14.344271">
				<ele>435.000000</ele>
			</trkpt>
			<trkpt lat="50.658169" lon="14.344361">
				<ele>435.000000</ele>
			</trkpt>
			<trkpt lat="50.658151" lon="14.344442">
				<ele>435.000000</ele>
			</trkpt>
			<trkpt lat="50.658112" lon="14.344532">
				<ele>435.000000</ele>
			</trkpt>
			<trkpt lat="50.657946" lon="14.344784">
				<ele>434.000000</ele>
			</trkpt>
			<trkpt lat="50.657872" lon="14.344918">
				<ele>434.000000</ele>
			</trkpt>
			<trkpt lat="50.657827" lon="14.345017">
				<ele>434.000000</ele>
			</trkpt>
			<trkpt lat="50.657810" lon="14.345063">
				<ele>433.000000</ele>
			</trkpt>
			<trkpt lat="50.657730" lon="14.345000">
				<ele>435.000000</ele>
			</trkpt>
			<trkpt lat="50.657685" lon="14.345107">
				<ele>433.000000</ele>
			</trkpt>
			<trkpt lat="50.657519" lon="14.345403">
				<ele>430.000000</ele>
			</trkpt>
			<trkpt lat="50.657377" lon="14.345673">
				<ele>430.000000</ele>
			</trkpt>
			<trkpt lat="50.657331" lon="14.345772">
				<ele>430.000000</ele>
			</trkpt>
			<trkpt lat="50.657286" lon="14.345826">
				<ele>430.000000</ele>
			</trkpt>
			<trkpt lat="50.657229" lon="14.345870">
				<ele>430.000000</ele>
			</trkpt>
			<trkpt lat="50.657189" lon="14.345942">
				<ele>430.000000</ele>
			</trkpt>
			<trkpt lat="50.657149" lon="14.346032">
				<ele>430.000000</ele>
			</trkpt>
			<trkpt lat="50.657115" lon="14.346158">
				<ele>430.000000</ele>
			</trkpt>
			<trkpt lat="50.657092" lon="14.346212">
				<ele>430.000000</ele>
			</trkpt>
			<trkpt lat="50.657046" lon="14.346283">
				<ele>430.000000</ele>
			</trkpt>
			<trkpt lat="50.656990" lon="14.346346">
				<ele>430.000000</ele>
			</trkpt>
			<trkpt lat="50.656927" lon="14.346401">
				<ele>430.000000</ele>
			</trkpt>
			<trkpt lat="50.656876" lon="14.346428">
				<ele>430.000000</ele>
			</trkpt>
			<trkpt lat="50.656847" lon="14.346491">
				<ele>430.000000</ele>
			</trkpt>
			<trkpt lat="50.656739" lon="14.346518">
				<ele>430.000000</ele>
			</trkpt>
			<trkpt lat="50.656659" lon="14.346545">
				<ele>430.000000</ele>
			</trkpt>
			<trkpt lat="50.656586" lon="14.346365">
				<ele>430.000000</ele>
			</trkpt>
			<trkpt lat="50.656568" lon="14.346346">
				<ele>430.000000</ele>
			</trkpt>
			<trkpt lat="50.656568" lon="14.346346">
				<ele>430.000000</ele>
			</trkpt>
			<trkpt lat="50.656586" lon="14.346365">
				<ele>430.000000</ele>
			</trkpt>
			<trkpt lat="50.656659" lon="14.346545">
				<ele>430.000000</ele>
			</trkpt>
			<trkpt lat="50.656739" lon="14.346518">
				<ele>430.000000</ele>
			</trkpt>
			<trkpt lat="50.656847" lon="14.346491">
				<ele>430.000000</ele>
			</trkpt>
			<trkpt lat="50.656876" lon="14.346428">
				<ele>430.000000</ele>
			</trkpt>
			<trkpt lat="50.656927" lon="14.346401">
				<ele>430.000000</ele>
			</trkpt>
			<trkpt lat="50.656990" lon="14.346346">
				<ele>430.000000</ele>
			</trkpt>
			<trkpt lat="50.657046" lon="14.346283">
				<ele>430.000000</ele>
			</trkpt>
			<trkpt lat="50.657092" lon="14.346212">
				<ele>430.000000</ele>
			</trkpt>
			<trkpt lat="50.657115" lon="14.346158">
				<ele>430.000000</ele>
			</trkpt>
			<trkpt lat="50.657149" lon="14.346032">
				<ele>430.000000</ele>
			</trkpt>
			<trkpt lat="50.657189" lon="14.345942">
				<ele>430.000000</ele>
			</trkpt>
			<trkpt lat="50.657229" lon="14.345870">
				<ele>430.000000</ele>
			</trkpt>
			<trkpt lat="50.657286" lon="14.345826">
				<ele>430.000000</ele>
			</trkpt>
			<trkpt lat="50.657331" lon="14.345772">
				<ele>430.000000</ele>
			</trkpt>
			<trkpt lat="50.657377" lon="14.345673">
				<ele>430.000000</ele>
			</trkpt>
			<trkpt lat="50.657519" lon="14.345403">
				<ele>430.000000</ele>
			</trkpt>
			<trkpt lat="50.657685" lon="14.345107">
				<ele>433.000000</ele>
			</trkpt>
			<trkpt lat="50.657730" lon="14.345000">
				<ele>435.000000</ele>
			</trkpt>
			<trkpt lat="50.657810" lon="14.345063">
				<ele>434.000000</ele>
			</trkpt>
			<trkpt lat="50.657827" lon="14.345017">
				<ele>434.000000</ele>
			</trkpt>
			<trkpt lat="50.657872" lon="14.344918">
				<ele>434.000000</ele>
			</trkpt>
			<trkpt lat="50.657946" lon="14.344784">
				<ele>434.000000</ele>
			</trkpt>
			<trkpt lat="50.658112" lon="14.344532">
				<ele>435.000000</ele>
			</trkpt>
			<trkpt lat="50.658151" lon="14.344442">
				<ele>435.000000</ele>
			</trkpt>
			<trkpt lat="50.658169" lon="14.344361">
				<ele>435.000000</ele>
			</trkpt>
			<trkpt lat="50.658186" lon="14.344271">
				<ele>435.000000</ele>
			</trkpt>
			<trkpt lat="50.658186" lon="14.344172">
				<ele>435.000000</ele>
			</trkpt>
			<trkpt lat="50.658186" lon="14.344092">
				<ele>435.000000</ele>
			</trkpt>
			<trkpt lat="50.658163" lon="14.343992">
				<ele>436.000000</ele>
			</trkpt>
			<trkpt lat="50.658140" lon="14.343895">
				<ele>436.000000</ele>
			</trkpt>
			<trkpt lat="50.658100" lon="14.343822">
				<ele>436.000000</ele>
			</trkpt>
			<trkpt lat="50.658072" lon="14.343742">
				<ele>437.000000</ele>
			</trkpt>
			<trkpt lat="50.658049" lon="14.343669">
				<ele>437.000000</ele>
			</trkpt>
			<trkpt lat="50.658037" lon="14.343579">
				<ele>437.000000</ele>
			</trkpt>
			<trkpt lat="50.658037" lon="14.343472">
				<ele>437.000000</ele>
			</trkpt>
			<trkpt lat="50.658037" lon="14.343373">
				<ele>438.000000</ele>
			</trkpt>
			<trkpt lat="50.658055" lon="14.343212">
				<ele>438.000000</ele>
			</trkpt>
			<trkpt lat="50.658072" lon="14.343113">
				<ele>438.000000</ele>
			</trkpt>
			<trkpt lat="50.658089" lon="14.343032">
				<ele>439.000000</ele>
			</trkpt>
			<trkpt lat="50.658117" lon="14.342942">
				<ele>439.000000</ele>
			</trkpt>
			<trkpt lat="50.658151" lon="14.342889">
				<ele>439.000000</ele>
			</trkpt>
			<trkpt lat="50.658197" lon="14.342816">
				<ele>439.000000</ele>
			</trkpt>
			<trkpt lat="50.658237" lon="14.342771">
				<ele>439.000000</ele>
			</trkpt>
			<trkpt lat="50.658282" lon="14.342744">
				<ele>440.000000</ele>
			</trkpt>
			<trkpt lat="50.658345" lon="14.342717">
				<ele>440.000000</ele>
			</trkpt>
			<trkpt lat="50.658408" lon="14.342700">
				<ele>441.000000</ele>
			</trkpt>
			<trkpt lat="50.658471" lon="14.342700">
				<ele>441.000000</ele>
			</trkpt>
			<trkpt lat="50.658590" lon="14.342726">
				<ele>443.000000</ele>
			</trkpt>
			<trkpt lat="50.658709" lon="14.342799">
				<ele>444.000000</ele>
			</trkpt>
			<trkpt lat="50.658943" lon="14.342987">
				<ele>447.000000</ele>
			</trkpt>
			<trkpt lat="50.659057" lon="14.343076">
				<ele>448.000000</ele>
			</trkpt>
			<trkpt lat="50.659159" lon="14.343130">
				<ele>449.000000</ele>
			</trkpt>
			<trkpt lat="50.659250" lon="14.343166">
				<ele>450.000000</ele>
			</trkpt>
			<trkpt lat="50.659359" lon="14.343193">
				<ele>450.000000</ele>
			</trkpt>
			<trkpt lat="50.659393" lon="14.343185">
				<ele>450.000000</ele>
			</trkpt>
			<trkpt lat="50.659427" lon="14.343122">
				<ele>450.000000</ele>
			</trkpt>
			<trkpt lat="50.659438" lon="14.343023">
				<ele>450.000000</ele>
			</trkpt>
			<trkpt lat="50.659438" lon="14.342916">
				<ele>450.000000</ele>
			</trkpt>
			<trkpt lat="50.659387" lon="14.342430">
				<ele>451.000000</ele>
			</trkpt>
			<trkpt lat="50.659359" lon="14.341684">
				<ele>451.000000</ele>
			</trkpt>
			<trkpt lat="50.659427" lon="14.341738">
				<ele>451.000000</ele>
			</trkpt>
			<trkpt lat="50.659501" lon="14.341765">
				<ele>452.000000</ele>
			</trkpt>
			<trkpt lat="50.659581" lon="14.341784">
				<ele>453.000000</ele>
			</trkpt>
			<trkpt lat="50.659672" lon="14.341774">
				<ele>454.000000</ele>
			</trkpt>
			<trkpt lat="50.659752" lon="14.341774">
				<ele>454.000000</ele>
			</trkpt>
			<trkpt lat="50.659826" lon="14.341792">
				<ele>455.000000</ele>
			</trkpt>
			<trkpt lat="50.659900" lon="14.341819">
				<ele>456.000000</ele>
			</trkpt>
			<trkpt lat="50.659951" lon="14.341855">
				<ele>456.000000</ele>
			</trkpt>
			<trkpt lat="50.660014" lon="14.341918">
				<ele>457.000000</ele>
			</trkpt>
			<trkpt lat="50.660077" lon="14.341998">
				<ele>458.000000</ele>
			</trkpt>
			<trkpt lat="50.660134" lon="14.342097">
				<ele>459.000000</ele>
			</trkpt>
			<trkpt lat="50.660196" lon="14.342205">
				<ele>459.000000</ele>
			</trkpt>
			<trkpt lat="50.660486" lon="14.342790">
				<ele>463.000000</ele>
			</trkpt>
			<trkpt lat="50.660606" lon="14.343050">
				<ele>465.000000</ele>
			</trkpt>
			<trkpt lat="50.660685" lon="14.343275">
				<ele>465.000000</ele>
			</trkpt>
			<trkpt lat="50.660760" lon="14.343543">
				<ele>467.000000</ele>
			</trkpt>
			<trkpt lat="50.660862" lon="14.343939">
				<ele>469.000000</ele>
			</trkpt>
			<trkpt lat="50.660953" lon="14.344281">
				<ele>471.000000</ele>
			</trkpt>
			<trkpt lat="50.660999" lon="14.344407">
				<ele>472.000000</ele>
			</trkpt>
			<trkpt lat="50.661062" lon="14.344514">
				<ele>473.000000</ele>
			</trkpt>
			<trkpt lat="50.661210" lon="14.344730">
				<ele>475.000000</ele>
			</trkpt>
			<trkpt lat="50.661528" lon="14.345214">
				<ele>480.000000</ele>
			</trkpt>
			<trkpt lat="50.661711" lon="14.345503">
				<ele>483.000000</ele>
			</trkpt>
			<trkpt lat="50.661825" lon="14.345682">
				<ele>484.000000</ele>
			</trkpt>
			<trkpt lat="50.661916" lon="14.345862">
				<ele>486.000000</ele>
			</trkpt>
			<trkpt lat="50.661990" lon="14.346086">
				<ele>487.000000</ele>
			</trkpt>
			<trkpt lat="50.662081" lon="14.346445">
				<ele>489.000000</ele>
			</trkpt>
			<trkpt lat="50.662120" lon="14.346553">
				<ele>490.000000</ele>
			</trkpt>
			<trkpt lat="50.662155" lon="14.346652">
				<ele>491.000000</ele>
			</trkpt>
			<trkpt lat="50.662303" lon="14.346921">
				<ele>492.000000</ele>
			</trkpt>
			<trkpt lat="50.662810" lon="14.347963">
				<ele>499.000000</ele>
			</trkpt>
			<trkpt lat="50.663128" lon="14.348637">
				<ele>503.000000</ele>
			</trkpt>
			<trkpt lat="50.663447" lon="14.349356">
				<ele>507.000000</ele>
			</trkpt>
			<trkpt lat="50.663766" lon="14.350128">
				<ele>510.000000</ele>
			</trkpt>
			<trkpt lat="50.663903" lon="14.350363">
				<ele>511.000000</ele>
			</trkpt>
			<trkpt lat="50.664011" lon="14.350514">
				<ele>512.000000</ele>
			</trkpt>
			<trkpt lat="50.664131" lon="14.350677">
				<ele>513.000000</ele>
			</trkpt>
			<trkpt lat="50.664284" lon="14.350829">
				<ele>514.000000</ele>
			</trkpt>
			<trkpt lat="50.664979" lon="14.351512">
				<ele>517.000000</ele>
			</trkpt>
			<trkpt lat="50.665253" lon="14.351745">
				<ele>519.000000</ele>
			</trkpt>
			<trkpt lat="50.665537" lon="14.351952">
				<ele>520.000000</ele>
			</trkpt>
			<trkpt lat="50.665839" lon="14.352122">
				<ele>522.000000</ele>
			</trkpt>
			<trkpt lat="50.666209" lon="14.352302">
				<ele>525.000000</ele>
			</trkpt>
			<trkpt lat="50.666476" lon="14.352411">
				<ele>525.000000</ele>
			</trkpt>
			<trkpt lat="50.667182" lon="14.352751">
				<ele>525.000000</ele>
			</trkpt>
			<trkpt lat="50.667337" lon="14.352833">
				<ele>525.000000</ele>
			</trkpt>
			<trkpt lat="50.667479" lon="14.352923">
				<ele>525.000000</ele>
			</trkpt>
			<trkpt lat="50.667616" lon="14.353013">
				<ele>525.000000</ele>
			</trkpt>
			<trkpt lat="50.667740" lon="14.353129">
				<ele>525.000000</ele>
			</trkpt>
			<trkpt lat="50.667929" lon="14.353309">
				<ele>525.000000</ele>
			</trkpt>
			<trkpt lat="50.668231" lon="14.353640">
				<ele>524.000000</ele>
			</trkpt>
			<trkpt lat="50.668452" lon="14.353929">
				<ele>524.000000</ele>
			</trkpt>
			<trkpt lat="50.668612" lon="14.354135">
				<ele>523.000000</ele>
			</trkpt>
			<trkpt lat="50.668743" lon="14.354378">
				<ele>523.000000</ele>
			</trkpt>
			<trkpt lat="50.668891" lon="14.354665">
				<ele>523.000000</ele>
			</trkpt>
			<trkpt lat="50.669409" lon="14.355877">
				<ele>521.000000</ele>
			</trkpt>
			<trkpt lat="50.669653" lon="14.356399">
				<ele>521.000000</ele>
			</trkpt>
			<trkpt lat="50.669859" lon="14.356803">
				<ele>520.000000</ele>
			</trkpt>
			<trkpt lat="50.670092" lon="14.357216">
				<ele>519.000000</ele>
			</trkpt>
			<trkpt lat="50.670348" lon="14.357638">
				<ele>519.000000</ele>
			</trkpt>
			<trkpt lat="50.670508" lon="14.357890">
				<ele>518.000000</ele>
			</trkpt>
			<trkpt lat="50.670644" lon="14.358124">
				<ele>518.000000</ele>
			</trkpt>
			<trkpt lat="50.670752" lon="14.358366">
				<ele>517.000000</ele>
			</trkpt>
			<trkpt lat="50.670844" lon="14.358590">
				<ele>517.000000</ele>
			</trkpt>
			<trkpt lat="50.670912" lon="14.358816">
				<ele>516.000000</ele>
			</trkpt>
			<trkpt lat="50.670958" lon="14.359085">
				<ele>516.000000</ele>
			</trkpt>
			<trkpt lat="50.670974" lon="14.359256">
				<ele>516.000000</ele>
			</trkpt>
			<trkpt lat="50.671077" lon="14.359462">
				<ele>517.000000</ele>
			</trkpt>
			<trkpt lat="50.671139" lon="14.359561">
				<ele>518.000000</ele>
			</trkpt>
			<trkpt lat="50.671219" lon="14.359678">
				<ele>519.000000</ele>
			</trkpt>
			<trkpt lat="50.671310" lon="14.359741">
				<ele>520.000000</ele>
			</trkpt>
			<trkpt lat="50.671418" lon="14.359785">
				<ele>521.000000</ele>
			</trkpt>
			<trkpt lat="50.671544" lon="14.359795">
				<ele>522.000000</ele>
			</trkpt>
			<trkpt lat="50.671777" lon="14.359795">
				<ele>523.000000</ele>
			</trkpt>
			<trkpt lat="50.671925" lon="14.359822">
				<ele>524.000000</ele>
			</trkpt>
			<trkpt lat="50.672056" lon="14.359858">
				<ele>525.000000</ele>
			</trkpt>
			<trkpt lat="50.672181" lon="14.359921">
				<ele>526.000000</ele>
			</trkpt>
			<trkpt lat="50.672330" lon="14.360001">
				<ele>527.000000</ele>
			</trkpt>
			<trkpt lat="50.672466" lon="14.360082">
				<ele>528.000000</ele>
			</trkpt>
			<trkpt lat="50.672597" lon="14.360154">
				<ele>529.000000</ele>
			</trkpt>
			<trkpt lat="50.672745" lon="14.360181">
				<ele>530.000000</ele>
			</trkpt>
			<trkpt lat="50.672950" lon="14.360217">
				<ele>531.000000</ele>
			</trkpt>
			<trkpt lat="50.673132" lon="14.360244">
				<ele>532.000000</ele>
			</trkpt>
			<trkpt lat="50.673263" lon="14.360298">
				<ele>533.000000</ele>
			</trkpt>
			<trkpt lat="50.673400" lon="14.360369">
				<ele>534.000000</ele>
			</trkpt>
			<trkpt lat="50.673599" lon="14.360504">
				<ele>535.000000</ele>
			</trkpt>
			<trkpt lat="50.673787" lon="14.360648">
				<ele>536.000000</ele>
			</trkpt>
			<trkpt lat="50.674111" lon="14.360864">
				<ele>539.000000</ele>
			</trkpt>
			<trkpt lat="50.674259" lon="14.360953">
				<ele>540.000000</ele>
			</trkpt>
			<trkpt lat="50.674413" lon="14.361034">
				<ele>541.000000</ele>
			</trkpt>
			<trkpt lat="50.674584" lon="14.361088">
				<ele>543.000000</ele>
			</trkpt>
			<trkpt lat="50.674698" lon="14.361143">
				<ele>544.000000</ele>
			</trkpt>
			<trkpt lat="50.674800" lon="14.361196">
				<ele>545.000000</ele>
			</trkpt>
			<trkpt lat="50.674891" lon="14.361294">
				<ele>546.000000</ele>
			</trkpt>
			<trkpt lat="50.675005" lon="14.361439">
				<ele>547.000000</ele>
			</trkpt>
			<trkpt lat="50.675204" lon="14.361653">
				<ele>549.000000</ele>
			</trkpt>
			<trkpt lat="50.675358" lon="14.361816">
				<ele>550.000000</ele>
			</trkpt>
			<trkpt lat="50.675512" lon="14.361942">
				<ele>552.000000</ele>
			</trkpt>
			<trkpt lat="50.675705" lon="14.362058">
				<ele>554.000000</ele>
			</trkpt>
			<trkpt lat="50.675837" lon="14.362130">
				<ele>555.000000</ele>
			</trkpt>
			<trkpt lat="50.675990" lon="14.362185">
				<ele>557.000000</ele>
			</trkpt>
			<trkpt lat="50.676047" lon="14.362202">
				<ele>557.000000</ele>
			</trkpt>
			<trkpt lat="50.676093" lon="14.362229">
				<ele>558.000000</ele>
			</trkpt>
			<trkpt lat="50.676138" lon="14.362282">
				<ele>558.000000</ele>
			</trkpt>
			<trkpt lat="50.676183" lon="14.362355">
				<ele>559.000000</ele>
			</trkpt>
			<trkpt lat="50.676263" lon="14.362453">
				<ele>560.000000</ele>
			</trkpt>
			<trkpt lat="50.676343" lon="14.362516">
				<ele>561.000000</ele>
			</trkpt>
			<trkpt lat="50.676445" lon="14.362561">
				<ele>562.000000</ele>
			</trkpt>
			<trkpt lat="50.676571" lon="14.362588">
				<ele>563.000000</ele>
			</trkpt>
			<trkpt lat="50.677038" lon="14.362651">
				<ele>567.000000</ele>
			</trkpt>
			<trkpt lat="50.677242" lon="14.362678">
				<ele>569.000000</ele>
			</trkpt>
			<trkpt lat="50.677328" lon="14.362632">
				<ele>570.000000</ele>
			</trkpt>
			<trkpt lat="50.677379" lon="14.362561">
				<ele>570.000000</ele>
			</trkpt>
			<trkpt lat="50.677424" lon="14.362489">
				<ele>570.000000</ele>
			</trkpt>
			<trkpt lat="50.677550" lon="14.362211">
				<ele>571.000000</ele>
			</trkpt>
			<trkpt lat="50.677612" lon="14.362095">
				<ele>571.000000</ele>
			</trkpt>
			<trkpt lat="50.677681" lon="14.361995">
				<ele>572.000000</ele>
			</trkpt>
			<trkpt lat="50.677817" lon="14.361825">
				<ele>572.000000</ele>
			</trkpt>
			<trkpt lat="50.677880" lon="14.361735">
				<ele>573.000000</ele>
			</trkpt>
			<trkpt lat="50.677982" lon="14.361564">
				<ele>573.000000</ele>
			</trkpt>
			<trkpt lat="50.678119" lon="14.361321">
				<ele>574.000000</ele>
			</trkpt>
			<trkpt lat="50.678392" lon="14.360783">
				<ele>575.000000</ele>
			</trkpt>
			<trkpt lat="50.678893" lon="14.359758">
				<ele>575.000000</ele>
			</trkpt>
			<trkpt lat="50.679195" lon="14.359183">
				<ele>575.000000</ele>
			</trkpt>
			<trkpt lat="50.679320" lon="14.358969">
				<ele>574.000000</ele>
			</trkpt>
			<trkpt lat="50.679588" lon="14.358573">
				<ele>572.000000</ele>
			</trkpt>
			<trkpt lat="50.679702" lon="14.358384">
				<ele>572.000000</ele>
			</trkpt>
			<trkpt lat="50.679781" lon="14.358214">
				<ele>571.000000</ele>
			</trkpt>
			<trkpt lat="50.679861" lon="14.357988">
				<ele>569.000000</ele>
			</trkpt>
			<trkpt lat="50.679935" lon="14.357782">
				<ele>569.000000</ele>
			</trkpt>
			<trkpt lat="50.680015" lon="14.357648">
				<ele>568.000000</ele>
			</trkpt>
			<trkpt lat="50.680095" lon="14.357558">
				<ele>568.000000</ele>
			</trkpt>
			<trkpt lat="50.680254" lon="14.357432">
				<ele>567.000000</ele>
			</trkpt>
			<trkpt lat="50.680333" lon="14.357361">
				<ele>566.000000</ele>
			</trkpt>
			<trkpt lat="50.680504" lon="14.357153">
				<ele>565.000000</ele>
			</trkpt>
			<trkpt lat="50.680862" lon="14.356722">
				<ele>564.000000</ele>
			</trkpt>
			<trkpt lat="50.681113" lon="14.356470">
				<ele>563.000000</ele>
			</trkpt>
			<trkpt lat="50.681318" lon="14.356282">
				<ele>562.000000</ele>
			</trkpt>
			<trkpt lat="50.681392" lon="14.356229">
				<ele>562.000000</ele>
			</trkpt>
			<trkpt lat="50.681392" lon="14.356229">
				<ele>562.000000</ele>
			</trkpt>
			<trkpt lat="50.681483" lon="14.356156">
				<ele>561.000000</ele>
			</trkpt>
			<trkpt lat="50.681642" lon="14.356049">
				<ele>561.000000</ele>
			</trkpt>
			<trkpt lat="50.681847" lon="14.355923">
				<ele>560.000000</ele>
			</trkpt>
			<trkpt lat="50.681955" lon="14.355860">
				<ele>560.000000</ele>
			</trkpt>
			<trkpt lat="50.682115" lon="14.355814">
				<ele>560.000000</ele>
			</trkpt>
			<trkpt lat="50.682547" lon="14.355627">
				<ele>559.000000</ele>
			</trkpt>
			<trkpt lat="50.682667" lon="14.355581">
				<ele>559.000000</ele>
			</trkpt>
			<trkpt lat="50.682798" lon="14.355554">
				<ele>559.000000</ele>
			</trkpt>
			<trkpt lat="50.682889" lon="14.355554">
				<ele>559.000000</ele>
			</trkpt>
			<trkpt lat="50.682980" lon="14.355564">
				<ele>559.000000</ele>
			</trkpt>
			<trkpt lat="50.683231" lon="14.355663">
				<ele>559.000000</ele>
			</trkpt>
			<trkpt lat="50.683333" lon="14.355671">
				<ele>559.000000</ele>
			</trkpt>
			<trkpt lat="50.683430" lon="14.355663">
				<ele>559.000000</ele>
			</trkpt>
			<trkpt lat="50.683526" lon="14.355617">
				<ele>559.000000</ele>
			</trkpt>
			<trkpt lat="50.683618" lon="14.355527">
				<ele>558.000000</ele>
			</trkpt>
			<trkpt lat="50.683697" lon="14.355428">
				<ele>558.000000</ele>
			</trkpt>
			<trkpt lat="50.683760" lon="14.355311">
				<ele>558.000000</ele>
			</trkpt>
			<trkpt lat="50.683931" lon="14.355015">
				<ele>558.000000</ele>
			</trkpt>
			<trkpt lat="50.684016" lon="14.354889">
				<ele>558.000000</ele>
			</trkpt>
			<trkpt lat="50.684078" lon="14.354827">
				<ele>558.000000</ele>
			</trkpt>
			<trkpt lat="50.684124" lon="14.354782">
				<ele>558.000000</ele>
			</trkpt>
			<trkpt lat="50.684198" lon="14.354755">
				<ele>558.000000</ele>
			</trkpt>
			<trkpt lat="50.684249" lon="14.354737">
				<ele>558.000000</ele>
			</trkpt>
			<trkpt lat="50.684443" lon="14.354755">
				<ele>559.000000</ele>
			</trkpt>
			<trkpt lat="50.684602" lon="14.354764">
				<ele>559.000000</ele>
			</trkpt>
			<trkpt lat="50.684756" lon="14.354808">
				<ele>560.000000</ele>
			</trkpt>
			<trkpt lat="50.684927" lon="14.354845">
				<ele>560.000000</ele>
			</trkpt>
			<trkpt lat="50.685234" lon="14.354979">
				<ele>561.000000</ele>
			</trkpt>
			<trkpt lat="50.685837" lon="14.355285">
				<ele>563.000000</ele>
			</trkpt>
			<trkpt lat="50.685928" lon="14.355338">
				<ele>563.000000</ele>
			</trkpt>
			<trkpt lat="50.686025" lon="14.355428">
				<ele>563.000000</ele>
			</trkpt>
			<trkpt lat="50.686020" lon="14.355590">
				<ele>561.000000</ele>
			</trkpt>
			<trkpt lat="50.686002" lon="14.355707">
				<ele>560.000000</ele>
			</trkpt>
			<trkpt lat="50.685968" lon="14.355824">
				<ele>559.000000</ele>
			</trkpt>
			<trkpt lat="50.685922" lon="14.355923">
				<ele>558.000000</ele>
			</trkpt>
			<trkpt lat="50.685496" lon="14.356650">
				<ele>549.000000</ele>
			</trkpt>
			<trkpt lat="50.684659" lon="14.358034">
				<ele>534.000000</ele>
			</trkpt>
			<trkpt lat="50.684227" lon="14.358761">
				<ele>528.000000</ele>
			</trkpt>
			<trkpt lat="50.684039" lon="14.359058">
				<ele>526.000000</ele>
			</trkpt>
			<trkpt lat="50.683874" lon="14.359300">
				<ele>525.000000</ele>
			</trkpt>
			<trkpt lat="50.683691" lon="14.359506">
				<ele>525.000000</ele>
			</trkpt>
			<trkpt lat="50.683458" lon="14.359722">
				<ele>525.000000</ele>
			</trkpt>
			<trkpt lat="50.683396" lon="14.359776">
				<ele>525.000000</ele>
			</trkpt>
			<trkpt lat="50.683344" lon="14.359848">
				<ele>525.000000</ele>
			</trkpt>
			<trkpt lat="50.683254" lon="14.359992">
				<ele>525.000000</ele>
			</trkpt>
			<trkpt lat="50.683185" lon="14.360181">
				<ele>525.000000</ele>
			</trkpt>
			<trkpt lat="50.683094" lon="14.360487">
				<ele>524.000000</ele>
			</trkpt>
			<trkpt lat="50.682975" lon="14.360927">
				<ele>523.000000</ele>
			</trkpt>
			<trkpt lat="50.682866" lon="14.361240">
				<ele>522.000000</ele>
			</trkpt>
			<trkpt lat="50.682741" lon="14.361529">
				<ele>521.000000</ele>
			</trkpt>
			<trkpt lat="50.682582" lon="14.361843">
				<ele>519.000000</ele>
			</trkpt>
			<trkpt lat="50.682422" lon="14.362130">
				<ele>517.000000</ele>
			</trkpt>
			<trkpt lat="50.682138" lon="14.362579">
				<ele>514.000000</ele>
			</trkpt>
			<trkpt lat="50.682064" lon="14.362714">
				<ele>513.000000</ele>
			</trkpt>
			<trkpt lat="50.682018" lon="14.362840">
				<ele>512.000000</ele>
			</trkpt>
			<trkpt lat="50.681984" lon="14.362965">
				<ele>512.000000</ele>
			</trkpt>
			<trkpt lat="50.681944" lon="14.363164">
				<ele>517.000000</ele>
			</trkpt>
			<trkpt lat="50.682069" lon="14.363181">
				<ele>515.000000</ele>
			</trkpt>
			<trkpt lat="50.682177" lon="14.363181">
				<ele>513.000000</ele>
			</trkpt>
			<trkpt lat="50.682286" lon="14.363137">
				<ele>511.000000</ele>
			</trkpt>
			<trkpt lat="50.682411" lon="14.363091">
				<ele>508.000000</ele>
			</trkpt>
			<trkpt lat="50.682462" lon="14.363074">
				<ele>507.000000</ele>
			</trkpt>
			<trkpt lat="50.682508" lon="14.363091">
				<ele>506.000000</ele>
			</trkpt>
			<trkpt lat="50.682553" lon="14.363145">
				<ele>505.000000</ele>
			</trkpt>
			<trkpt lat="50.682598" lon="14.363227">
				<ele>504.000000</ele>
			</trkpt>
			<trkpt lat="50.682707" lon="14.363451">
				<ele>500.000000</ele>
			</trkpt>
			<trkpt lat="50.682769" lon="14.363594">
				<ele>499.000000</ele>
			</trkpt>
			<trkpt lat="50.682798" lon="14.363648">
				<ele>498.000000</ele>
			</trkpt>
			<trkpt lat="50.682810" lon="14.363738">
				<ele>497.000000</ele>
			</trkpt>
			<trkpt lat="50.682798" lon="14.363837">
				<ele>496.000000</ele>
			</trkpt>
			<trkpt lat="50.682775" lon="14.363917">
				<ele>495.000000</ele>
			</trkpt>
			<trkpt lat="50.682718" lon="14.364106">
				<ele>494.000000</ele>
			</trkpt>
			<trkpt lat="50.682696" lon="14.364277">
				<ele>493.000000</ele>
			</trkpt>
			<trkpt lat="50.682678" lon="14.364430">
				<ele>492.000000</ele>
			</trkpt>
			<trkpt lat="50.682661" lon="14.364869">
				<ele>489.000000</ele>
			</trkpt>
			<trkpt lat="50.682610" lon="14.365651">
				<ele>483.000000</ele>
			</trkpt>
			<trkpt lat="50.682604" lon="14.365877">
				<ele>481.000000</ele>
			</trkpt>
			<trkpt lat="50.682616" lon="14.366091">
				<ele>479.000000</ele>
			</trkpt>
			<trkpt lat="50.682633" lon="14.366290">
				<ele>477.000000</ele>
			</trkpt>
			<trkpt lat="50.682678" lon="14.366496">
				<ele>474.000000</ele>
			</trkpt>
			<trkpt lat="50.682724" lon="14.366667">
				<ele>471.000000</ele>
			</trkpt>
			<trkpt lat="50.682798" lon="14.366909">
				<ele>468.000000</ele>
			</trkpt>
			<trkpt lat="50.682929" lon="14.367259">
				<ele>462.000000</ele>
			</trkpt>
			<trkpt lat="50.683083" lon="14.367628">
				<ele>456.000000</ele>
			</trkpt>
			<trkpt lat="50.683225" lon="14.367961">
				<ele>450.000000</ele>
			</trkpt>
			<trkpt lat="50.683378" lon="14.368257">
				<ele>445.000000</ele>
			</trkpt>
			<trkpt lat="50.683544" lon="14.368535">
				<ele>439.000000</ele>
			</trkpt>
			<trkpt lat="50.683714" lon="14.368823">
				<ele>436.000000</ele>
			</trkpt>
			<trkpt lat="50.683936" lon="14.369154">
				<ele>431.000000</ele>
			</trkpt>
			<trkpt lat="50.684272" lon="14.369630">
				<ele>425.000000</ele>
			</trkpt>
			<trkpt lat="50.684352" lon="14.369748">
				<ele>424.000000</ele>
			</trkpt>
			<trkpt lat="50.684432" lon="14.369846">
				<ele>423.000000</ele>
			</trkpt>
			<trkpt lat="50.684784" lon="14.370179">
				<ele>418.000000</ele>
			</trkpt>
			<trkpt lat="50.685000" lon="14.370412">
				<ele>414.000000</ele>
			</trkpt>
			<trkpt lat="50.685109" lon="14.370538">
				<ele>412.000000</ele>
			</trkpt>
			<trkpt lat="50.685212" lon="14.370709">
				<ele>410.000000</ele>
			</trkpt>
			<trkpt lat="50.685302" lon="14.370888">
				<ele>408.000000</ele>
			</trkpt>
			<trkpt lat="50.685473" lon="14.371230">
				<ele>404.000000</ele>
			</trkpt>
			<trkpt lat="50.685604" lon="14.371527">
				<ele>401.000000</ele>
			</trkpt>
			<trkpt lat="50.685712" lon="14.371823">
				<ele>399.000000</ele>
			</trkpt>
			<trkpt lat="50.685849" lon="14.372227">
				<ele>396.000000</ele>
			</trkpt>
			<trkpt lat="50.686002" lon="14.372667">
				<ele>393.000000</ele>
			</trkpt>
			<trkpt lat="50.686088" lon="14.372865">
				<ele>391.000000</ele>
			</trkpt>
			<trkpt lat="50.686167" lon="14.373045">
				<ele>390.000000</ele>
			</trkpt>
			<trkpt lat="50.686412" lon="14.373521">
				<ele>386.000000</ele>
			</trkpt>
			<trkpt lat="50.687186" lon="14.374940">
				<ele>376.000000</ele>
			</trkpt>
			<trkpt lat="50.687585" lon="14.375731">
				<ele>371.000000</ele>
			</trkpt>
			<trkpt lat="50.687750" lon="14.376072">
				<ele>368.000000</ele>
			</trkpt>
			<trkpt lat="50.687823" lon="14.376269">
				<ele>367.000000</ele>
			</trkpt>
			<trkpt lat="50.687858" lon="14.376377">
				<ele>366.000000</ele>
			</trkpt>
			<trkpt lat="50.687875" lon="14.376494">
				<ele>366.000000</ele>
			</trkpt>
			<trkpt lat="50.687886" lon="14.376593">
				<ele>365.000000</ele>
			</trkpt>
			<trkpt lat="50.687886" lon="14.376718">
				<ele>365.000000</ele>
			</trkpt>
			<trkpt lat="50.687898" lon="14.377167">
				<ele>362.000000</ele>
			</trkpt>
			<trkpt lat="50.687892" lon="14.377410">
				<ele>361.000000</ele>
			</trkpt>
			<trkpt lat="50.687892" lon="14.377554">
				<ele>360.000000</ele>
			</trkpt>
			<trkpt lat="50.687903" lon="14.377680">
				<ele>359.000000</ele>
			</trkpt>
			<trkpt lat="50.687932" lon="14.377806">
				<ele>359.000000</ele>
			</trkpt>
			<trkpt lat="50.687983" lon="14.377932">
				<ele>358.000000</ele>
			</trkpt>
			<trkpt lat="50.688159" lon="14.378345">
				<ele>355.000000</ele>
			</trkpt>
			<trkpt lat="50.688222" lon="14.378525">
				<ele>354.000000</ele>
			</trkpt>
			<trkpt lat="50.688267" lon="14.378668">
				<ele>352.000000</ele>
			</trkpt>
			<trkpt lat="50.688301" lon="14.378794">
				<ele>351.000000</ele>
			</trkpt>
			<trkpt lat="50.688324" lon="14.378911">
				<ele>351.000000</ele>
			</trkpt>
			<trkpt lat="50.688330" lon="14.379037">
				<ele>350.000000</ele>
			</trkpt>
			<trkpt lat="50.688330" lon="14.379144">
				<ele>349.000000</ele>
			</trkpt>
			<trkpt lat="50.688313" lon="14.379306">
				<ele>347.000000</ele>
			</trkpt>
			<trkpt lat="50.688290" lon="14.379477">
				<ele>346.000000</ele>
			</trkpt>
			<trkpt lat="50.688228" lon="14.379817">
				<ele>344.000000</ele>
			</trkpt>
			<trkpt lat="50.688222" lon="14.379997">
				<ele>344.000000</ele>
			</trkpt>
			<trkpt lat="50.688210" lon="14.380339">
				<ele>343.000000</ele>
			</trkpt>
			<trkpt lat="50.688188" lon="14.380590">
				<ele>342.000000</ele>
			</trkpt>
			<trkpt lat="50.688171" lon="14.380788">
				<ele>341.000000</ele>
			</trkpt>
			<trkpt lat="50.688159" lon="14.381022">
				<ele>341.000000</ele>
			</trkpt>
			<trkpt lat="50.688171" lon="14.381345">
				<ele>340.000000</ele>
			</trkpt>
			<trkpt lat="50.688194" lon="14.381515">
				<ele>339.000000</ele>
			</trkpt>
			<trkpt lat="50.688228" lon="14.381651">
				<ele>338.000000</ele>
			</trkpt>
			<trkpt lat="50.688273" lon="14.381821">
				<ele>336.000000</ele>
			</trkpt>
			<trkpt lat="50.688347" lon="14.381991">
				<ele>335.000000</ele>
			</trkpt>
			<trkpt lat="50.688637" lon="14.382639">
				<ele>330.000000</ele>
			</trkpt>
			<trkpt lat="50.688848" lon="14.383150">
				<ele>331.000000</ele>
			</trkpt>
			<trkpt lat="50.688939" lon="14.383402">
				<ele>333.000000</ele>
			</trkpt>
			<trkpt lat="50.689109" lon="14.383896">
				<ele>336.000000</ele>
			</trkpt>
			<trkpt lat="50.689223" lon="14.384130">
				<ele>337.000000</ele>
			</trkpt>
			<trkpt lat="50.689287" lon="14.384255">
				<ele>337.000000</ele>
			</trkpt>
			<trkpt lat="50.689366" lon="14.384372">
				<ele>338.000000</ele>
			</trkpt>
			<trkpt lat="50.689468" lon="14.384480">
				<ele>339.000000</ele>
			</trkpt>
			<trkpt lat="50.689559" lon="14.384551">
				<ele>340.000000</ele>
			</trkpt>
			<trkpt lat="50.689690" lon="14.384668">
				<ele>340.000000</ele>
			</trkpt>
			<trkpt lat="50.689764" lon="14.384731">
				<ele>340.000000</ele>
			</trkpt>
			<trkpt lat="50.689821" lon="14.384804">
				<ele>340.000000</ele>
			</trkpt>
			<trkpt lat="50.689935" lon="14.385001">
				<ele>339.000000</ele>
			</trkpt>
			<trkpt lat="50.690191" lon="14.385504">
				<ele>337.000000</ele>
			</trkpt>
			<trkpt lat="50.690282" lon="14.385702">
				<ele>336.000000</ele>
			</trkpt>
			<trkpt lat="50.690373" lon="14.385926">
				<ele>335.000000</ele>
			</trkpt>
			<trkpt lat="50.690493" lon="14.386214">
				<ele>333.000000</ele>
			</trkpt>
			<trkpt lat="50.690567" lon="14.386349">
				<ele>332.000000</ele>
			</trkpt>
			<trkpt lat="50.690635" lon="14.386483">
				<ele>331.000000</ele>
			</trkpt>
			<trkpt lat="50.690726" lon="14.386609">
				<ele>330.000000</ele>
			</trkpt>
			<trkpt lat="50.690834" lon="14.386735">
				<ele>329.000000</ele>
			</trkpt>
			<trkpt lat="50.691295" lon="14.387238">
				<ele>325.000000</ele>
			</trkpt>
			<trkpt lat="50.691432" lon="14.387417">
				<ele>324.000000</ele>
			</trkpt>
			<trkpt lat="50.691568" lon="14.387615">
				<ele>322.000000</ele>
			</trkpt>
			<trkpt lat="50.691671" lon="14.387822">
				<ele>321.000000</ele>
			</trkpt>
			<trkpt lat="50.691745" lon="14.388037">
				<ele>320.000000</ele>
			</trkpt>
			<trkpt lat="50.691790" lon="14.388262">
				<ele>320.000000</ele>
			</trkpt>
			<trkpt lat="50.691825" lon="14.388505">
				<ele>319.000000</ele>
			</trkpt>
			<trkpt lat="50.691847" lon="14.388810">
				<ele>318.000000</ele>
			</trkpt>
			<trkpt lat="50.691859" lon="14.389241">
				<ele>317.000000</ele>
			</trkpt>
			<trkpt lat="50.691847" lon="14.389618">
				<ele>316.000000</ele>
			</trkpt>
			<trkpt lat="50.691836" lon="14.389941">
				<ele>315.000000</ele>
			</trkpt>
			<trkpt lat="50.691807" lon="14.390257">
				<ele>314.000000</ele>
			</trkpt>
			<trkpt lat="50.691722" lon="14.390993">
				<ele>312.000000</ele>
			</trkpt>
			<trkpt lat="50.691716" lon="14.391136">
				<ele>312.000000</ele>
			</trkpt>
			<trkpt lat="50.691722" lon="14.391307">
				<ele>312.000000</ele>
			</trkpt>
			<trkpt lat="50.691750" lon="14.391425">
				<ele>311.000000</ele>
			</trkpt>
			<trkpt lat="50.691796" lon="14.391559">
				<ele>311.000000</ele>
			</trkpt>
			<trkpt lat="50.691853" lon="14.391675">
				<ele>310.000000</ele>
			</trkpt>
			<trkpt lat="50.691926" lon="14.391802">
				<ele>310.000000</ele>
			</trkpt>
			<trkpt lat="50.692024" lon="14.391928">
				<ele>310.000000</ele>
			</trkpt>
			<trkpt lat="50.692177" lon="14.392107">
				<ele>309.000000</ele>
			</trkpt>
			<trkpt lat="50.692513" lon="14.392502">
				<ele>307.000000</ele>
			</trkpt>
			<trkpt lat="50.692633" lon="14.392673">
				<ele>307.000000</ele>
			</trkpt>
			<trkpt lat="50.692747" lon="14.392834">
				<ele>306.000000</ele>
			</trkpt>
			<trkpt lat="50.692832" lon="14.392978">
				<ele>306.000000</ele>
			</trkpt>
			<trkpt lat="50.692923" lon="14.393149">
				<ele>305.000000</ele>
			</trkpt>
			<trkpt lat="50.692968" lon="14.393247">
				<ele>305.000000</ele>
			</trkpt>
			<trkpt lat="50.693002" lon="14.393356">
				<ele>304.000000</ele>
			</trkpt>
			<trkpt lat="50.693019" lon="14.393499">
				<ele>304.000000</ele>
			</trkpt>
			<trkpt lat="50.693059" lon="14.393922">
				<ele>302.000000</ele>
			</trkpt>
			<trkpt lat="50.693105" lon="14.394289">
				<ele>300.000000</ele>
			</trkpt>
			<trkpt lat="50.693133" lon="14.394586">
				<ele>299.000000</ele>
			</trkpt>
			<trkpt lat="50.693156" lon="14.394838">
				<ele>298.000000</ele>
			</trkpt>
			<trkpt lat="50.693156" lon="14.395107">
				<ele>296.000000</ele>
			</trkpt>
			<trkpt lat="50.693127" lon="14.395421">
				<ele>295.000000</ele>
			</trkpt>
			<trkpt lat="50.693122" lon="14.395817">
				<ele>293.000000</ele>
			</trkpt>
			<trkpt lat="50.693133" lon="14.396113">
				<ele>292.000000</ele>
			</trkpt>
			<trkpt lat="50.693173" lon="14.396410">
				<ele>291.000000</ele>
			</trkpt>
			<trkpt lat="50.693253" lon="14.396752">
				<ele>288.000000</ele>
			</trkpt>
			<trkpt lat="50.693298" lon="14.396975">
				<ele>286.000000</ele>
			</trkpt>
			<trkpt lat="50.693321" lon="14.397173">
				<ele>284.000000</ele>
			</trkpt>
			<trkpt lat="50.693310" lon="14.397362">
				<ele>283.000000</ele>
			</trkpt>
			<trkpt lat="50.693276" lon="14.397587">
				<ele>282.000000</ele>
			</trkpt>
			<trkpt lat="50.693241" lon="14.397739">
				<ele>281.000000</ele>
			</trkpt>
			<trkpt lat="50.693230" lon="14.397901">
				<ele>280.000000</ele>
			</trkpt>
			<trkpt lat="50.693241" lon="14.398044">
				<ele>280.000000</ele>
			</trkpt>
			<trkpt lat="50.693281" lon="14.398224">
				<ele>279.000000</ele>
			</trkpt>
			<trkpt lat="50.693492" lon="14.399312">
				<ele>276.000000</ele>
			</trkpt>
			<trkpt lat="50.693583" lon="14.399689">
				<ele>275.000000</ele>
			</trkpt>
			<trkpt lat="50.693668" lon="14.399976">
				<ele>274.000000</ele>
			</trkpt>
			<trkpt lat="50.693765" lon="14.400245">
				<ele>273.000000</ele>
			</trkpt>
			<trkpt lat="50.693901" lon="14.400524">
				<ele>272.000000</ele>
			</trkpt>
			<trkpt lat="50.693947" lon="14.400623">
				<ele>272.000000</ele>
			</trkpt>
			<trkpt lat="50.693987" lon="14.400721">
				<ele>271.000000</ele>
			</trkpt>
			<trkpt lat="50.694112" lon="14.401144">
				<ele>270.000000</ele>
			</trkpt>
			<trkpt lat="50.694493" lon="14.401350">
				<ele>270.000000</ele>
			</trkpt>
			<trkpt lat="50.694624" lon="14.401432">
				<ele>270.000000</ele>
			</trkpt>
			<trkpt lat="50.694743" lon="14.401530">
				<ele>270.000000</ele>
			</trkpt>
			<trkpt lat="50.695096" lon="14.401872">
				<ele>270.000000</ele>
			</trkpt>
			<trkpt lat="50.695250" lon="14.401997">
				<ele>270.000000</ele>
			</trkpt>
			<trkpt lat="50.695546" lon="14.402231">
				<ele>270.000000</ele>
			</trkpt>
			<trkpt lat="50.695665" lon="14.402329">
				<ele>270.000000</ele>
			</trkpt>
			<trkpt lat="50.696069" lon="14.402681">
				<ele>270.000000</ele>
			</trkpt>
			<trkpt lat="50.696400" lon="14.402941">
				<ele>270.000000</ele>
			</trkpt>
			<trkpt lat="50.696707" lon="14.403183">
				<ele>270.000000</ele>
			</trkpt>
			<trkpt lat="50.697003" lon="14.403390">
				<ele>270.000000</ele>
			</trkpt>
			<trkpt lat="50.697293" lon="14.403578">
				<ele>267.000000</ele>
			</trkpt>
			<trkpt lat="50.697634" lon="14.403803">
				<ele>264.000000</ele>
			</trkpt>
			<trkpt lat="50.697930" lon="14.403973">
				<ele>262.000000</ele>
			</trkpt>
			<trkpt lat="50.698300" lon="14.404162">
				<ele>260.000000</ele>
			</trkpt>
			<trkpt lat="50.698362" lon="14.404207">
				<ele>260.000000</ele>
			</trkpt>
			<trkpt lat="50.699239" lon="14.404620">
				<ele>258.000000</ele>
			</trkpt>
			<trkpt lat="50.699643" lon="14.404755">
				<ele>255.000000</ele>
			</trkpt>
			<trkpt lat="50.700047" lon="14.404952">
				<ele>253.000000</ele>
			</trkpt>
			<trkpt lat="50.700194" lon="14.405006">
				<ele>252.000000</ele>
			</trkpt>
			<trkpt lat="50.700308" lon="14.405015">
				<ele>251.000000</ele>
			</trkpt>
			<trkpt lat="50.700445" lon="14.404998">
				<ele>251.000000</ele>
			</trkpt>
			<trkpt lat="50.700581" lon="14.404926">
				<ele>250.000000</ele>
			</trkpt>
			<trkpt lat="50.700860" lon="14.404782">
				<ele>249.000000</ele>
			</trkpt>
			<trkpt lat="50.701065" lon="14.404710">
				<ele>248.000000</ele>
			</trkpt>
			<trkpt lat="50.701219" lon="14.404665">
				<ele>247.000000</ele>
			</trkpt>
			<trkpt lat="50.701350" lon="14.404566">
				<ele>247.000000</ele>
			</trkpt>
			<trkpt lat="50.701458" lon="14.404468">
				<ele>246.000000</ele>
			</trkpt>
			<trkpt lat="50.701657" lon="14.404252">
				<ele>245.000000</ele>
			</trkpt>
			<trkpt lat="50.701765" lon="14.404136">
				<ele>245.000000</ele>
			</trkpt>
			<trkpt lat="50.701862" lon="14.404063">
				<ele>245.000000</ele>
			</trkpt>
			<trkpt lat="50.701959" lon="14.404019">
				<ele>244.000000</ele>
			</trkpt>
			<trkpt lat="50.702095" lon="14.404019">
				<ele>244.000000</ele>
			</trkpt>
			<trkpt lat="50.702215" lon="14.404019">
				<ele>244.000000</ele>
			</trkpt>
			<trkpt lat="50.702357" lon="14.404027">
				<ele>244.000000</ele>
			</trkpt>
			<trkpt lat="50.702602" lon="14.404054">
				<ele>243.000000</ele>
			</trkpt>
			<trkpt lat="50.702698" lon="14.404036">
				<ele>243.000000</ele>
			</trkpt>
			<trkpt lat="50.702789" lon="14.403992">
				<ele>243.000000</ele>
			</trkpt>
			<trkpt lat="50.702875" lon="14.403920">
				<ele>243.000000</ele>
			</trkpt>
			<trkpt lat="50.703011" lon="14.403767">
				<ele>242.000000</ele>
			</trkpt>
			<trkpt lat="50.703148" lon="14.403847">
				<ele>241.000000</ele>
			</trkpt>
			<trkpt lat="50.703301" lon="14.403920">
				<ele>240.000000</ele>
			</trkpt>
			<trkpt lat="50.703472" lon="14.403956">
				<ele>240.000000</ele>
			</trkpt>
			<trkpt lat="50.703677" lon="14.403983">
				<ele>240.000000</ele>
			</trkpt>
			<trkpt lat="50.703905" lon="14.404010">
				<ele>240.000000</ele>
			</trkpt>
			<trkpt lat="50.704029" lon="14.404046">
				<ele>240.000000</ele>
			</trkpt>
			<trkpt lat="50.704092" lon="14.404063">
				<ele>240.000000</ele>
			</trkpt>
			<trkpt lat="50.704234" lon="14.404117">
				<ele>240.000000</ele>
			</trkpt>
			<trkpt lat="50.704468" lon="14.404189">
				<ele>240.000000</ele>
			</trkpt>
			<trkpt lat="50.704615" lon="14.404252">
				<ele>240.000000</ele>
			</trkpt>
			<trkpt lat="50.704712" lon="14.404323">
				<ele>240.000000</ele>
			</trkpt>
			<trkpt lat="50.704974" lon="14.404593">
				<ele>240.000000</ele>
			</trkpt>
			<trkpt lat="50.705105" lon="14.404728">
				<ele>240.000000</ele>
			</trkpt>
			<trkpt lat="50.705139" lon="14.404773">
				<ele>240.000000</ele>
			</trkpt>
			<trkpt lat="50.705167" lon="14.404845">
				<ele>240.000000</ele>
			</trkpt>
			<trkpt lat="50.705236" lon="14.404773">
				<ele>240.000000</ele>
			</trkpt>
			<trkpt lat="50.705315" lon="14.404639">
				<ele>240.000000</ele>
			</trkpt>
			<trkpt lat="50.705389" lon="14.404495">
				<ele>240.000000</ele>
			</trkpt>
			<trkpt lat="50.705515" lon="14.404189">
				<ele>240.000000</ele>
			</trkpt>
			<trkpt lat="50.705673" lon="14.403847">
				<ele>240.000000</ele>
			</trkpt>
			<trkpt lat="50.705737" lon="14.403731">
				<ele>240.000000</ele>
			</trkpt>
			<trkpt lat="50.705810" lon="14.403641">
				<ele>240.000000</ele>
			</trkpt>
			<trkpt lat="50.705879" lon="14.403570">
				<ele>240.000000</ele>
			</trkpt>
			<trkpt lat="50.705952" lon="14.403516">
				<ele>240.000000</ele>
			</trkpt>
			<trkpt lat="50.705952" lon="14.403893">
				<ele>244.000000</ele>
			</trkpt>
			<trkpt lat="50.706089" lon="14.403910">
				<ele>247.000000</ele>
			</trkpt>
			<trkpt lat="50.706527" lon="14.403677">
				<ele>257.000000</ele>
			</trkpt>
			<trkpt lat="50.706555" lon="14.403830">
				<ele>260.000000</ele>
			</trkpt>
			<trkpt lat="50.707022" lon="14.403570">
				<ele>267.000000</ele>
			</trkpt>
			<trkpt lat="50.707119" lon="14.403543">
				<ele>268.000000</ele>
			</trkpt>
			<trkpt lat="50.707318" lon="14.403497">
				<ele>270.000000</ele>
			</trkpt>
			<trkpt lat="50.707500" lon="14.403453">
				<ele>272.000000</ele>
			</trkpt>
			<trkpt lat="50.707688" lon="14.403426">
				<ele>274.000000</ele>
			</trkpt>
			<trkpt lat="50.707756" lon="14.403417">
				<ele>275.000000</ele>
			</trkpt>
			<trkpt lat="50.707841" lon="14.403444">
				<ele>275.000000</ele>
			</trkpt>
			<trkpt lat="50.707920" lon="14.403480">
				<ele>275.000000</ele>
			</trkpt>
			<trkpt lat="50.708063" lon="14.403497">
				<ele>275.000000</ele>
			</trkpt>
			<trkpt lat="50.708848" lon="14.404360">
				<ele>275.000000</ele>
			</trkpt>
			<trkpt lat="50.708547" lon="14.405025">
				<ele>275.000000</ele>
			</trkpt>
			<trkpt lat="50.708421" lon="14.405285">
				<ele>275.000000</ele>
			</trkpt>
			<trkpt lat="50.708291" lon="14.405482">
				<ele>275.000000</ele>
			</trkpt>
			<trkpt lat="50.708239" lon="14.405752">
				<ele>275.000000</ele>
			</trkpt>
			<trkpt lat="50.708205" lon="14.405968">
				<ele>276.000000</ele>
			</trkpt>
			<trkpt lat="50.708177" lon="14.406120">
				<ele>276.000000</ele>
			</trkpt>
			<trkpt lat="50.708165" lon="14.406220">
				<ele>277.000000</ele>
			</trkpt>
			<trkpt lat="50.708177" lon="14.406344">
				<ele>277.000000</ele>
			</trkpt>
			<trkpt lat="50.708205" lon="14.406471">
				<ele>278.000000</ele>
			</trkpt>
			<trkpt lat="50.708359" lon="14.406597">
				<ele>280.000000</ele>
			</trkpt>
			<trkpt lat="50.708592" lon="14.406812">
				<ele>283.000000</ele>
			</trkpt>
			<trkpt lat="50.710003" lon="14.408070">
				<ele>304.000000</ele>
			</trkpt>
			<trkpt lat="50.711175" lon="14.409139">
				<ele>325.000000</ele>
			</trkpt>
			<trkpt lat="50.711311" lon="14.409283">
				<ele>327.000000</ele>
			</trkpt>
			<trkpt lat="50.711413" lon="14.409436">
				<ele>329.000000</ele>
			</trkpt>
			<trkpt lat="50.711493" lon="14.409633">
				<ele>331.000000</ele>
			</trkpt>
			<trkpt lat="50.711567" lon="14.409830">
				<ele>333.000000</ele>
			</trkpt>
			<trkpt lat="50.711686" lon="14.410279">
				<ele>338.000000</ele>
			</trkpt>
			<trkpt lat="50.711686" lon="14.410279">
				<ele>338.000000</ele>
			</trkpt>
			<trkpt lat="50.711749" lon="14.410505">
				<ele>341.000000</ele>
			</trkpt>
			<trkpt lat="50.711840" lon="14.410801">
				<ele>345.000000</ele>
			</trkpt>
			<trkpt lat="50.711977" lon="14.411168">
				<ele>349.000000</ele>
			</trkpt>
			<trkpt lat="50.712125" lon="14.411484">
				<ele>353.000000</ele>
			</trkpt>
			<trkpt lat="50.712278" lon="14.411744">
				<ele>357.000000</ele>
			</trkpt>
			<trkpt lat="50.712352" lon="14.411843">
				<ele>358.000000</ele>
			</trkpt>
			<trkpt lat="50.712443" lon="14.411960">
				<ele>359.000000</ele>
			</trkpt>
			<trkpt lat="50.712614" lon="14.412130">
				<ele>362.000000</ele>
			</trkpt>
			<trkpt lat="50.712966" lon="14.412436">
				<ele>366.000000</ele>
			</trkpt>
			<trkpt lat="50.713200" lon="14.412633">
				<ele>368.000000</ele>
			</trkpt>
			<trkpt lat="50.713370" lon="14.412750">
				<ele>370.000000</ele>
			</trkpt>
			<trkpt lat="50.713649" lon="14.412939">
				<ele>373.000000</ele>
			</trkpt>
			<trkpt lat="50.713860" lon="14.413029">
				<ele>375.000000</ele>
			</trkpt>
			<trkpt lat="50.713984" lon="14.413101">
				<ele>376.000000</ele>
			</trkpt>
			<trkpt lat="50.714104" lon="14.413172">
				<ele>377.000000</ele>
			</trkpt>
			<trkpt lat="50.714281" lon="14.413298">
				<ele>379.000000</ele>
			</trkpt>
			<trkpt lat="50.714519" lon="14.413252">
				<ele>381.000000</ele>
			</trkpt>
			<trkpt lat="50.714786" lon="14.413191">
				<ele>384.000000</ele>
			</trkpt>
			<trkpt lat="50.715020" lon="14.413128">
				<ele>385.000000</ele>
			</trkpt>
			<trkpt lat="50.715162" lon="14.413101">
				<ele>386.000000</ele>
			</trkpt>
			<trkpt lat="50.715469" lon="14.412956">
				<ele>388.000000</ele>
			</trkpt>
			<trkpt lat="50.715622" lon="14.412894">
				<ele>389.000000</ele>
			</trkpt>
			<trkpt lat="50.715674" lon="14.412894">
				<ele>389.000000</ele>
			</trkpt>
			<trkpt lat="50.715720" lon="14.412894">
				<ele>390.000000</ele>
			</trkpt>
			<trkpt lat="50.715753" lon="14.412912">
				<ele>390.000000</ele>
			</trkpt>
			<trkpt lat="50.715782" lon="14.412948">
				<ele>393.000000</ele>
			</trkpt>
			<trkpt lat="50.715822" lon="14.413181">
				<ele>394.000000</ele>
			</trkpt>
			<trkpt lat="50.715850" lon="14.413514">
				<ele>395.000000</ele>
			</trkpt>
			<trkpt lat="50.715879" lon="14.414268">
				<ele>400.000000</ele>
			</trkpt>
			<trkpt lat="50.715890" lon="14.414413">
				<ele>401.000000</ele>
			</trkpt>
			<trkpt lat="50.715907" lon="14.414520">
				<ele>402.000000</ele>
			</trkpt>
			<trkpt lat="50.715924" lon="14.414592">
				<ele>403.000000</ele>
			</trkpt>
			<trkpt lat="50.715952" lon="14.414646">
				<ele>403.000000</ele>
			</trkpt>
			<trkpt lat="50.716117" lon="14.414915">
				<ele>406.000000</ele>
			</trkpt>
			<trkpt lat="50.716197" lon="14.415013">
				<ele>406.000000</ele>
			</trkpt>
			<trkpt lat="50.716254" lon="14.415068">
				<ele>407.000000</ele>
			</trkpt>
			<trkpt lat="50.716675" lon="14.415265">
				<ele>410.000000</ele>
			</trkpt>
			<trkpt lat="50.716777" lon="14.415373">
				<ele>410.000000</ele>
			</trkpt>
			<trkpt lat="50.716840" lon="14.415463">
				<ele>411.000000</ele>
			</trkpt>
			<trkpt lat="50.717039" lon="14.415885">
				<ele>416.000000</ele>
			</trkpt>
			<trkpt lat="50.717318" lon="14.416415">
				<ele>419.000000</ele>
			</trkpt>
			<trkpt lat="50.717403" lon="14.416613">
				<ele>421.000000</ele>
			</trkpt>
			<trkpt lat="50.717528" lon="14.417000">
				<ele>425.000000</ele>
			</trkpt>
			<trkpt lat="50.717767" lon="14.417799">
				<ele>432.000000</ele>
			</trkpt>
			<trkpt lat="50.718017" lon="14.418571">
				<ele>443.000000</ele>
			</trkpt>
			<trkpt lat="50.718097" lon="14.418858">
				<ele>447.000000</ele>
			</trkpt>
			<trkpt lat="50.718228" lon="14.419397">
				<ele>455.000000</ele>
			</trkpt>
			<trkpt lat="50.718301" lon="14.419676">
				<ele>457.000000</ele>
			</trkpt>
			<trkpt lat="50.718301" lon="14.419694">
				<ele>457.000000</ele>
			</trkpt>
			<trkpt lat="50.718239" lon="14.419874">
				<ele>458.000000</ele>
			</trkpt>
			<trkpt lat="50.718199" lon="14.420036">
				<ele>459.000000</ele>
			</trkpt>
			<trkpt lat="50.718193" lon="14.420189">
				<ele>459.000000</ele>
			</trkpt>
			<trkpt lat="50.718205" lon="14.420340">
				<ele>460.000000</ele>
			</trkpt>
			<trkpt lat="50.718234" lon="14.420512">
				<ele>460.000000</ele>
			</trkpt>
			<trkpt lat="50.718239" lon="14.420638">
				<ele>460.000000</ele>
			</trkpt>
			<trkpt lat="50.718239" lon="14.420736">
				<ele>460.000000</ele>
			</trkpt>
			<trkpt lat="50.718216" lon="14.420853">
				<ele>460.000000</ele>
			</trkpt>
			<trkpt lat="50.718182" lon="14.421024">
				<ele>460.000000</ele>
			</trkpt>
			<trkpt lat="50.718182" lon="14.421095">
				<ele>460.000000</ele>
			</trkpt>
			<trkpt lat="50.718182" lon="14.421176">
				<ele>460.000000</ele>
			</trkpt>
			<trkpt lat="50.718250" lon="14.421239">
				<ele>461.000000</ele>
			</trkpt>
			<trkpt lat="50.718688" lon="14.421742">
				<ele>467.000000</ele>
			</trkpt>
			<trkpt lat="50.718842" lon="14.421940">
				<ele>470.000000</ele>
			</trkpt>
			<trkpt lat="50.718956" lon="14.422101">
				<ele>471.000000</ele>
			</trkpt>
			<trkpt lat="50.719359" lon="14.422766">
				<ele>475.000000</ele>
			</trkpt>
			<trkpt lat="50.719467" lon="14.422963">
				<ele>475.000000</ele>
			</trkpt>
			<trkpt lat="50.719541" lon="14.423143">
				<ele>475.000000</ele>
			</trkpt>
			<trkpt lat="50.719593" lon="14.423342">
				<ele>475.000000</ele>
			</trkpt>
			<trkpt lat="50.719661" lon="14.423638">
				<ele>475.000000</ele>
			</trkpt>
			<trkpt lat="50.719724" lon="14.423934">
				<ele>475.000000</ele>
			</trkpt>
			<trkpt lat="50.719815" lon="14.424248">
				<ele>475.000000</ele>
			</trkpt>
			<trkpt lat="50.719860" lon="14.424392">
				<ele>475.000000</ele>
			</trkpt>
			<trkpt lat="50.719905" lon="14.424500">
				<ele>475.000000</ele>
			</trkpt>
			<trkpt lat="50.719962" lon="14.424617">
				<ele>475.000000</ele>
			</trkpt>
			<trkpt lat="50.720025" lon="14.424724">
				<ele>475.000000</ele>
			</trkpt>
			<trkpt lat="50.720161" lon="14.424913">
				<ele>475.000000</ele>
			</trkpt>
			<trkpt lat="50.720361" lon="14.425120">
				<ele>475.000000</ele>
			</trkpt>
			<trkpt lat="50.720491" lon="14.425227">
				<ele>472.000000</ele>
			</trkpt>
			<trkpt lat="50.720599" lon="14.425300">
				<ele>470.000000</ele>
			</trkpt>
			<trkpt lat="50.720668" lon="14.425317">
				<ele>469.000000</ele>
			</trkpt>
			<trkpt lat="50.720730" lon="14.425300">
				<ele>468.000000</ele>
			</trkpt>
			<trkpt lat="50.720781" lon="14.425273">
				<ele>467.000000</ele>
			</trkpt>
			<trkpt lat="50.720906" lon="14.425174">
				<ele>465.000000</ele>
			</trkpt>
			<trkpt lat="50.720980" lon="14.425137">
				<ele>464.000000</ele>
			</trkpt>
			<trkpt lat="50.721060" lon="14.425156">
				<ele>462.000000</ele>
			</trkpt>
			<trkpt lat="50.721134" lon="14.425164">
				<ele>461.000000</ele>
			</trkpt>
			<trkpt lat="50.721197" lon="14.425210">
				<ele>460.000000</ele>
			</trkpt>
			<trkpt lat="50.721276" lon="14.425282">
				<ele>458.000000</ele>
			</trkpt>
			<trkpt lat="50.721395" lon="14.425389">
				<ele>454.000000</ele>
			</trkpt>
			<trkpt lat="50.721629" lon="14.425686">
				<ele>450.000000</ele>
			</trkpt>
			<trkpt lat="50.721811" lon="14.425883">
				<ele>447.000000</ele>
			</trkpt>
			<trkpt lat="50.721998" lon="14.426116">
				<ele>445.000000</ele>
			</trkpt>
			<trkpt lat="50.722152" lon="14.426315">
				<ele>443.000000</ele>
			</trkpt>
			<trkpt lat="50.722197" lon="14.426405">
				<ele>442.000000</ele>
			</trkpt>
			<trkpt lat="50.722237" lon="14.426485">
				<ele>442.000000</ele>
			</trkpt>
			<trkpt lat="50.722266" lon="14.426655">
				<ele>441.000000</ele>
			</trkpt>
			<trkpt lat="50.722317" lon="14.426835">
				<ele>439.000000</ele>
			</trkpt>
			<trkpt lat="50.722374" lon="14.427034">
				<ele>438.000000</ele>
			</trkpt>
			<trkpt lat="50.722391" lon="14.427195">
				<ele>437.000000</ele>
			</trkpt>
			<trkpt lat="50.722402" lon="14.427357">
				<ele>436.000000</ele>
			</trkpt>
			<trkpt lat="50.722385" lon="14.427590">
				<ele>434.000000</ele>
			</trkpt>
			<trkpt lat="50.722374" lon="14.427734">
				<ele>433.000000</ele>
			</trkpt>
			<trkpt lat="50.722385" lon="14.427842">
				<ele>432.000000</ele>
			</trkpt>
			<trkpt lat="50.722402" lon="14.427959">
				<ele>431.000000</ele>
			</trkpt>
			<trkpt lat="50.722431" lon="14.428084">
				<ele>430.000000</ele>
			</trkpt>
			<trkpt lat="50.722470" lon="14.428183">
				<ele>429.000000</ele>
			</trkpt>
			<trkpt lat="50.722522" lon="14.428290">
				<ele>427.000000</ele>
			</trkpt>
			<trkpt lat="50.722579" lon="14.428380">
				<ele>426.000000</ele>
			</trkpt>
			<trkpt lat="50.722658" lon="14.428462">
				<ele>424.000000</ele>
			</trkpt>
			<trkpt lat="50.722777" lon="14.428588">
				<ele>422.000000</ele>
			</trkpt>
			<trkpt lat="50.722868" lon="14.428659">
				<ele>420.000000</ele>
			</trkpt>
			<trkpt lat="50.722965" lon="14.428705">
				<ele>418.000000</ele>
			</trkpt>
			<trkpt lat="50.723102" lon="14.428732">
				<ele>417.000000</ele>
			</trkpt>
			<trkpt lat="50.723182" lon="14.428722">
				<ele>415.000000</ele>
			</trkpt>
			<trkpt lat="50.723255" lon="14.428713">
				<ele>414.000000</ele>
			</trkpt>
			<trkpt lat="50.723471" lon="14.428605">
				<ele>411.000000</ele>
			</trkpt>
			<trkpt lat="50.723551" lon="14.428579">
				<ele>410.000000</ele>
			</trkpt>
			<trkpt lat="50.723642" lon="14.428579">
				<ele>408.000000</ele>
			</trkpt>
			<trkpt lat="50.723721" lon="14.428588">
				<ele>407.000000</ele>
			</trkpt>
			<trkpt lat="50.723829" lon="14.428632">
				<ele>404.000000</ele>
			</trkpt>
			<trkpt lat="50.723943" lon="14.428705">
				<ele>402.000000</ele>
			</trkpt>
			<trkpt lat="50.724370" lon="14.429009">
				<ele>395.000000</ele>
			</trkpt>
			<trkpt lat="50.724432" lon="14.429154">
				<ele>394.000000</ele>
			</trkpt>
			<trkpt lat="50.724472" lon="14.429261">
				<ele>393.000000</ele>
			</trkpt>
			<trkpt lat="50.724501" lon="14.429378">
				<ele>392.000000</ele>
			</trkpt>
			<trkpt lat="50.724518" lon="14.429504">
				<ele>391.000000</ele>
			</trkpt>
			<trkpt lat="50.724552" lon="14.429818">
				<ele>388.000000</ele>
			</trkpt>
			<trkpt lat="50.724563" lon="14.430294">
				<ele>385.000000</ele>
			</trkpt>
			<trkpt lat="50.724563" lon="14.430411">
				<ele>384.000000</ele>
			</trkpt>
			<trkpt lat="50.724546" lon="14.430582">
				<ele>383.000000</ele>
			</trkpt>
			<trkpt lat="50.724529" lon="14.430680">
				<ele>382.000000</ele>
			</trkpt>
			<trkpt lat="50.724512" lon="14.430734">
				<ele>382.000000</ele>
			</trkpt>
			<trkpt lat="50.724489" lon="14.430806">
				<ele>382.000000</ele>
			</trkpt>
			<trkpt lat="50.724427" lon="14.430896">
				<ele>381.000000</ele>
			</trkpt>
			<trkpt lat="50.724216" lon="14.431175">
				<ele>379.000000</ele>
			</trkpt>
			<trkpt lat="50.724136" lon="14.431309">
				<ele>379.000000</ele>
			</trkpt>
			<trkpt lat="50.724114" lon="14.431390">
				<ele>379.000000</ele>
			</trkpt>
			<trkpt lat="50.724097" lon="14.431462">
				<ele>378.000000</ele>
			</trkpt>
			<trkpt lat="50.724069" lon="14.431632">
				<ele>378.000000</ele>
			</trkpt>
			<trkpt lat="50.724069" lon="14.431848">
				<ele>378.000000</ele>
			</trkpt>
			<trkpt lat="50.724085" lon="14.432045">
				<ele>377.000000</ele>
			</trkpt>
			<trkpt lat="50.724108" lon="14.432198">
				<ele>377.000000</ele>
			</trkpt>
			<trkpt lat="50.724125" lon="14.432324">
				<ele>376.000000</ele>
			</trkpt>
			<trkpt lat="50.724159" lon="14.432468">
				<ele>376.000000</ele>
			</trkpt>
			<trkpt lat="50.724290" lon="14.432890">
				<ele>375.000000</ele>
			</trkpt>
			<trkpt lat="50.724364" lon="14.433187">
				<ele>374.000000</ele>
			</trkpt>
			<trkpt lat="50.724421" lon="14.433474">
				<ele>372.000000</ele>
			</trkpt>
			<trkpt lat="50.724450" lon="14.433753">
				<ele>371.000000</ele>
			</trkpt>
			<trkpt lat="50.724478" lon="14.433950">
				<ele>370.000000</ele>
			</trkpt>
			<trkpt lat="50.724558" lon="14.434345">
				<ele>365.000000</ele>
			</trkpt>
			<trkpt lat="50.724660" lon="14.434399">
				<ele>365.000000</ele>
			</trkpt>
			<trkpt lat="50.724711" lon="14.434418">
				<ele>365.000000</ele>
			</trkpt>
			<trkpt lat="50.724757" lon="14.434418">
				<ele>365.000000</ele>
			</trkpt>
			<trkpt lat="50.724865" lon="14.434372">
				<ele>365.000000</ele>
			</trkpt>
			<trkpt lat="50.725024" lon="14.434274">
				<ele>365.000000</ele>
			</trkpt>
			<trkpt lat="50.725257" lon="14.434112">
				<ele>365.000000</ele>
			</trkpt>
			<trkpt lat="50.725411" lon="14.434022">
				<ele>365.000000</ele>
			</trkpt>
			<trkpt lat="50.725553" lon="14.433978">
				<ele>365.000000</ele>
			</trkpt>
			<trkpt lat="50.725734" lon="14.433950">
				<ele>365.000000</ele>
			</trkpt>
			<trkpt lat="50.726064" lon="14.433932">
				<ele>364.000000</ele>
			</trkpt>
			<trkpt lat="50.726752" lon="14.433995">
				<ele>360.000000</ele>
			</trkpt>
			<trkpt lat="50.726883" lon="14.434005">
				<ele>359.000000</ele>
			</trkpt>
			<trkpt lat="50.726969" lon="14.434022">
				<ele>359.000000</ele>
			</trkpt>
			<trkpt lat="50.727037" lon="14.434068">
				<ele>359.000000</ele>
			</trkpt>
			<trkpt lat="50.727094" lon="14.434103">
				<ele>358.000000</ele>
			</trkpt>
			<trkpt lat="50.727128" lon="14.434175">
				<ele>358.000000</ele>
			</trkpt>
			<trkpt lat="50.727156" lon="14.434256">
				<ele>358.000000</ele>
			</trkpt>
			<trkpt lat="50.727167" lon="14.434399">
				<ele>358.000000</ele>
			</trkpt>
			<trkpt lat="50.727179" lon="14.434588">
				<ele>357.000000</ele>
			</trkpt>
			<trkpt lat="50.727190" lon="14.435504">
				<ele>355.000000</ele>
			</trkpt>
			<trkpt lat="50.727213" lon="14.436097">
				<ele>355.000000</ele>
			</trkpt>
			<trkpt lat="50.727230" lon="14.436286">
				<ele>354.000000</ele>
			</trkpt>
			<trkpt lat="50.727265" lon="14.436439">
				<ele>354.000000</ele>
			</trkpt>
			<trkpt lat="50.727321" lon="14.436565">
				<ele>354.000000</ele>
			</trkpt>
			<trkpt lat="50.727395" lon="14.436682">
				<ele>354.000000</ele>
			</trkpt>
			<trkpt lat="50.727463" lon="14.436779">
				<ele>354.000000</ele>
			</trkpt>
			<trkpt lat="50.727572" lon="14.436879">
				<ele>353.000000</ele>
			</trkpt>
			<trkpt lat="50.727702" lon="14.436942">
				<ele>353.000000</ele>
			</trkpt>
			<trkpt lat="50.727827" lon="14.437005">
				<ele>353.000000</ele>
			</trkpt>
			<trkpt lat="50.728010" lon="14.437068">
				<ele>353.000000</ele>
			</trkpt>
			<trkpt lat="50.728203" lon="14.437148">
				<ele>352.000000</ele>
			</trkpt>
			<trkpt lat="50.728356" lon="14.437221">
				<ele>352.000000</ele>
			</trkpt>
			<trkpt lat="50.728527" lon="14.437328">
				<ele>352.000000</ele>
			</trkpt>
			<trkpt lat="50.728692" lon="14.437445">
				<ele>351.000000</ele>
			</trkpt>
			<trkpt lat="50.728856" lon="14.437580">
				<ele>351.000000</ele>
			</trkpt>
			<trkpt lat="50.729363" lon="14.438020">
				<ele>350.000000</ele>
			</trkpt>
			<trkpt lat="50.729317" lon="14.438271">
				<ele>350.000000</ele>
			</trkpt>
			<trkpt lat="50.729226" lon="14.438657">
				<ele>350.000000</ele>
			</trkpt>
			<trkpt lat="50.729050" lon="14.439349">
				<ele>350.000000</ele>
			</trkpt>
			<trkpt lat="50.728788" lon="14.440400">
				<ele>350.000000</ele>
			</trkpt>
			<trkpt lat="50.728731" lon="14.440634">
				<ele>350.000000</ele>
			</trkpt>
			<trkpt lat="50.728692" lon="14.440858">
				<ele>350.000000</ele>
			</trkpt>
			<trkpt lat="50.728675" lon="14.441083">
				<ele>350.000000</ele>
			</trkpt>
			<trkpt lat="50.728663" lon="14.441343">
				<ele>350.000000</ele>
			</trkpt>
			<trkpt lat="50.728675" lon="14.441595">
				<ele>350.000000</ele>
			</trkpt>
			<trkpt lat="50.728703" lon="14.441882">
				<ele>350.000000</ele>
			</trkpt>
			<trkpt lat="50.728806" lon="14.442674">
				<ele>350.000000</ele>
			</trkpt>
			<trkpt lat="50.728834" lon="14.442898">
				<ele>350.000000</ele>
			</trkpt>
			<trkpt lat="50.728879" lon="14.443150">
				<ele>350.000000</ele>
			</trkpt>
			<trkpt lat="50.729027" lon="14.443733">
				<ele>350.000000</ele>
			</trkpt>
			<trkpt lat="50.729072" lon="14.443886">
				<ele>350.000000</ele>
			</trkpt>
			<trkpt lat="50.729113" lon="14.444012">
				<ele>350.000000</ele>
			</trkpt>
			<trkpt lat="50.729164" lon="14.444129">
				<ele>350.000000</ele>
			</trkpt>
			<trkpt lat="50.729209" lon="14.444209">
				<ele>350.000000</ele>
			</trkpt>
			<trkpt lat="50.729266" lon="14.444263">
				<ele>350.000000</ele>
			</trkpt>
			<trkpt lat="50.729329" lon="14.444326">
				<ele>350.000000</ele>
			</trkpt>
			<trkpt lat="50.729397" lon="14.444353">
				<ele>350.000000</ele>
			</trkpt>
			<trkpt lat="50.729487" lon="14.444362">
				<ele>350.000000</ele>
			</trkpt>
			<trkpt lat="50.729374" lon="14.444433">
				<ele>350.000000</ele>
			</trkpt>
			<trkpt lat="50.729232" lon="14.444496">
				<ele>350.000000</ele>
			</trkpt>
			<trkpt lat="50.728675" lon="14.444658">
				<ele>350.000000</ele>
			</trkpt>
			<trkpt lat="50.727998" lon="14.444793">
				<ele>350.000000</ele>
			</trkpt>
			<trkpt lat="50.727691" lon="14.444856">
				<ele>350.000000</ele>
			</trkpt>
			<trkpt lat="50.727373" lon="14.444882">
				<ele>350.000000</ele>
			</trkpt>
			<trkpt lat="50.726963" lon="14.444874">
				<ele>350.000000</ele>
			</trkpt>
			<trkpt lat="50.726770" lon="14.444901">
				<ele>350.000000</ele>
			</trkpt>
			<trkpt lat="50.726713" lon="14.444964">
				<ele>350.000000</ele>
			</trkpt>
			<trkpt lat="50.726667" lon="14.445035">
				<ele>350.000000</ele>
			</trkpt>
			<trkpt lat="50.726644" lon="14.445116">
				<ele>350.000000</ele>
			</trkpt>
			<trkpt lat="50.726633" lon="14.445234">
				<ele>350.000000</ele>
			</trkpt>
			<trkpt lat="50.726644" lon="14.445655">
				<ele>350.000000</ele>
			</trkpt>
			<trkpt lat="50.726685" lon="14.446517">
				<ele>350.000000</ele>
			</trkpt>
			<trkpt lat="50.726685" lon="14.446760">
				<ele>350.000000</ele>
			</trkpt>
			<trkpt lat="50.726679" lon="14.447048">
				<ele>349.000000</ele>
			</trkpt>
			<trkpt lat="50.726656" lon="14.447595">
				<ele>347.000000</ele>
			</trkpt>
			<trkpt lat="50.726571" lon="14.448934">
				<ele>345.000000</ele>
			</trkpt>
			<trkpt lat="50.726565" lon="14.449330">
				<ele>345.000000</ele>
			</trkpt>
			<trkpt lat="50.726548" lon="14.449456">
				<ele>345.000000</ele>
			</trkpt>
			<trkpt lat="50.726491" lon="14.449572">
				<ele>345.000000</ele>
			</trkpt>
			<trkpt lat="50.726610" lon="14.449976">
				<ele>345.000000</ele>
			</trkpt>
			<trkpt lat="50.726696" lon="14.450318">
				<ele>345.000000</ele>
			</trkpt>
			<trkpt lat="50.726770" lon="14.450685">
				<ele>345.000000</ele>
			</trkpt>
			<trkpt lat="50.726872" lon="14.451261">
				<ele>345.000000</ele>
			</trkpt>
			<trkpt lat="50.726980" lon="14.451872">
				<ele>344.000000</ele>
			</trkpt>
			<trkpt lat="50.727037" lon="14.452258">
				<ele>342.000000</ele>
			</trkpt>
			<trkpt lat="50.727037" lon="14.452393">
				<ele>341.000000</ele>
			</trkpt>
			<trkpt lat="50.727037" lon="14.452662">
				<ele>340.000000</ele>
			</trkpt>
			<trkpt lat="50.727048" lon="14.452798">
				<ele>339.000000</ele>
			</trkpt>
			<trkpt lat="50.727111" lon="14.453004">
				<ele>337.000000</ele>
			</trkpt>
			<trkpt lat="50.727265" lon="14.453354">
				<ele>333.000000</ele>
			</trkpt>
			<trkpt lat="50.727310" lon="14.453488">
				<ele>331.000000</ele>
			</trkpt>
			<trkpt lat="50.727350" lon="14.453641">
				<ele>330.000000</ele>
			</trkpt>
			<trkpt lat="50.727378" lon="14.453811">
				<ele>329.000000</ele>
			</trkpt>
			<trkpt lat="50.727384" lon="14.453983">
				<ele>327.000000</ele>
			</trkpt>
			<trkpt lat="50.727378" lon="14.454163">
				<ele>326.000000</ele>
			</trkpt>
			<trkpt lat="50.727327" lon="14.454729">
				<ele>322.000000</ele>
			</trkpt>
			<trkpt lat="50.727298" lon="14.454972">
				<ele>321.000000</ele>
			</trkpt>
			<trkpt lat="50.727230" lon="14.455429">
				<ele>318.000000</ele>
			</trkpt>
			<trkpt lat="50.727196" lon="14.455672">
				<ele>317.000000</ele>
			</trkpt>
			<trkpt lat="50.727128" lon="14.456408">
				<ele>313.000000</ele>
			</trkpt>
			<trkpt lat="50.727077" lon="14.457082">
				<ele>309.000000</ele>
			</trkpt>
			<trkpt lat="50.727048" lon="14.457414">
				<ele>307.000000</ele>
			</trkpt>
			<trkpt lat="50.727054" lon="14.457683">
				<ele>305.000000</ele>
			</trkpt>
			<trkpt lat="50.727059" lon="14.457909">
				<ele>305.000000</ele>
			</trkpt>
			<trkpt lat="50.727116" lon="14.458285">
				<ele>303.000000</ele>
			</trkpt>
			<trkpt lat="50.727139" lon="14.458501">
				<ele>303.000000</ele>
			</trkpt>
			<trkpt lat="50.727139" lon="14.458698">
				<ele>302.000000</ele>
			</trkpt>
			<trkpt lat="50.727111" lon="14.459040">
				<ele>301.000000</ele>
			</trkpt>
			<trkpt lat="50.727105" lon="14.459230">
				<ele>301.000000</ele>
			</trkpt>
			<trkpt lat="50.727134" lon="14.459337">
				<ele>300.000000</ele>
			</trkpt>
			<trkpt lat="50.727167" lon="14.459427">
				<ele>300.000000</ele>
			</trkpt>
			<trkpt lat="50.727321" lon="14.459633">
				<ele>300.000000</ele>
			</trkpt>
			<trkpt lat="50.727384" lon="14.459714">
				<ele>300.000000</ele>
			</trkpt>
			<trkpt lat="50.727287" lon="14.459849">
				<ele>299.000000</ele>
			</trkpt>
			<trkpt lat="50.727213" lon="14.459974">
				<ele>299.000000</ele>
			</trkpt>
			<trkpt lat="50.727128" lon="14.460163">
				<ele>299.000000</ele>
			</trkpt>
			<trkpt lat="50.727020" lon="14.460433">
				<ele>298.000000</ele>
			</trkpt>
			<trkpt lat="50.726866" lon="14.460775">
				<ele>297.000000</ele>
			</trkpt>
			<trkpt lat="50.726685" lon="14.461161">
				<ele>297.000000</ele>
			</trkpt>
			<trkpt lat="50.726565" lon="14.461385">
				<ele>296.000000</ele>
			</trkpt>
			<trkpt lat="50.726536" lon="14.461438">
				<ele>296.000000</ele>
			</trkpt>
			<trkpt lat="50.726485" lon="14.461627">
				<ele>296.000000</ele>
			</trkpt>
			<trkpt lat="50.726463" lon="14.461825">
				<ele>296.000000</ele>
			</trkpt>
			<trkpt lat="50.726468" lon="14.462023">
				<ele>295.000000</ele>
			</trkpt>
			<trkpt lat="50.726514" lon="14.462337">
				<ele>295.000000</ele>
			</trkpt>
			<trkpt lat="50.726644" lon="14.462903">
				<ele>294.000000</ele>
			</trkpt>
			<trkpt lat="50.726644" lon="14.463073">
				<ele>294.000000</ele>
			</trkpt>
			<trkpt lat="50.726628" lon="14.463280">
				<ele>294.000000</ele>
			</trkpt>
			<trkpt lat="50.726582" lon="14.463522">
				<ele>293.000000</ele>
			</trkpt>
			<trkpt lat="50.726514" lon="14.463811">
				<ele>293.000000</ele>
			</trkpt>
			<trkpt lat="50.726332" lon="14.464664">
				<ele>292.000000</ele>
			</trkpt>
			<trkpt lat="50.726252" lon="14.465041">
				<ele>291.000000</ele>
			</trkpt>
			<trkpt lat="50.726195" lon="14.465446">
				<ele>290.000000</ele>
			</trkpt>
			<trkpt lat="50.726161" lon="14.465822">
				<ele>290.000000</ele>
			</trkpt>
			<trkpt lat="50.726139" lon="14.466109">
				<ele>290.000000</ele>
			</trkpt>
			<trkpt lat="50.726030" lon="14.466730">
				<ele>290.000000</ele>
			</trkpt>
			<trkpt lat="50.725996" lon="14.467017">
				<ele>290.000000</ele>
			</trkpt>
			<trkpt lat="50.725979" lon="14.467233">
				<ele>290.000000</ele>
			</trkpt>
			<trkpt lat="50.725974" lon="14.467457">
				<ele>290.000000</ele>
			</trkpt>
			<trkpt lat="50.725974" lon="14.467763">
				<ele>290.000000</ele>
			</trkpt>
			<trkpt lat="50.725968" lon="14.468490">
				<ele>290.000000</ele>
			</trkpt>
			<trkpt lat="50.725951" lon="14.468742">
				<ele>290.000000</ele>
			</trkpt>
			<trkpt lat="50.725934" lon="14.468985">
				<ele>290.000000</ele>
			</trkpt>
			<trkpt lat="50.725883" lon="14.469299">
				<ele>290.000000</ele>
			</trkpt>
			<trkpt lat="50.725814" lon="14.469568">
				<ele>290.000000</ele>
			</trkpt>
			<trkpt lat="50.725734" lon="14.469793">
				<ele>290.000000</ele>
			</trkpt>
			<trkpt lat="50.725632" lon="14.469981">
				<ele>290.000000</ele>
			</trkpt>
			<trkpt lat="50.725734" lon="14.470054">
				<ele>285.000000</ele>
			</trkpt>
			<trkpt lat="50.725786" lon="14.470126">
				<ele>285.000000</ele>
			</trkpt>
			<trkpt lat="50.725826" lon="14.470188">
				<ele>285.000000</ele>
			</trkpt>
			<trkpt lat="50.725843" lon="14.470359">
				<ele>285.000000</ele>
			</trkpt>
			<trkpt lat="50.725843" lon="14.470520">
				<ele>285.000000</ele>
			</trkpt>
			<trkpt lat="50.725826" lon="14.470673">
				<ele>285.000000</ele>
			</trkpt>
			<trkpt lat="50.725780" lon="14.470925">
				<ele>285.000000</ele>
			</trkpt>
			<trkpt lat="50.725729" lon="14.471186">
				<ele>285.000000</ele>
			</trkpt>
			<trkpt lat="50.725661" lon="14.471455">
				<ele>285.000000</ele>
			</trkpt>
			<trkpt lat="50.725587" lon="14.471751">
				<ele>285.000000</ele>
			</trkpt>
			<trkpt lat="50.725536" lon="14.471967">
				<ele>285.000000</ele>
			</trkpt>
			<trkpt lat="50.725518" lon="14.472165">
				<ele>285.000000</ele>
			</trkpt>
			<trkpt lat="50.725530" lon="14.472362">
				<ele>285.000000</ele>
			</trkpt>
			<trkpt lat="50.725564" lon="14.472659">
				<ele>285.000000</ele>
			</trkpt>
			<trkpt lat="50.725592" lon="14.472910">
				<ele>285.000000</ele>
			</trkpt>
			<trkpt lat="50.725592" lon="14.473170">
				<ele>285.000000</ele>
			</trkpt>
			<trkpt lat="50.725592" lon="14.473369">
				<ele>285.000000</ele>
			</trkpt>
			<trkpt lat="50.725621" lon="14.473583">
				<ele>285.000000</ele>
			</trkpt>
			<trkpt lat="50.725649" lon="14.473836">
				<ele>285.000000</ele>
			</trkpt>
			<trkpt lat="50.725661" lon="14.474114">
				<ele>285.000000</ele>
			</trkpt>
			<trkpt lat="50.725689" lon="14.474581">
				<ele>285.000000</ele>
			</trkpt>
			<trkpt lat="50.725701" lon="14.475254">
				<ele>285.000000</ele>
			</trkpt>
			<trkpt lat="50.725706" lon="14.475488">
				<ele>285.000000</ele>
			</trkpt>
			<trkpt lat="50.725678" lon="14.475722">
				<ele>285.000000</ele>
			</trkpt>
			<trkpt lat="50.725626" lon="14.475964">
				<ele>285.000000</ele>
			</trkpt>
			<trkpt lat="50.725547" lon="14.476270">
				<ele>285.000000</ele>
			</trkpt>
			<trkpt lat="50.725468" lon="14.476629">
				<ele>285.000000</ele>
			</trkpt>
			<trkpt lat="50.725376" lon="14.477115">
				<ele>285.000000</ele>
			</trkpt>
			<trkpt lat="50.725325" lon="14.477438">
				<ele>285.000000</ele>
			</trkpt>
			<trkpt lat="50.725303" lon="14.477662">
				<ele>285.000000</ele>
			</trkpt>
			<trkpt lat="50.725285" lon="14.477860">
				<ele>285.000000</ele>
			</trkpt>
			<trkpt lat="50.725285" lon="14.478031">
				<ele>285.000000</ele>
			</trkpt>
			<trkpt lat="50.725314" lon="14.478354">
				<ele>285.000000</ele>
			</trkpt>
			<trkpt lat="50.725314" lon="14.478497">
				<ele>285.000000</ele>
			</trkpt>
			<trkpt lat="50.725297" lon="14.478669">
				<ele>285.000000</ele>
			</trkpt>
			<trkpt lat="50.725252" lon="14.478866">
				<ele>285.000000</ele>
			</trkpt>
			<trkpt lat="50.725200" lon="14.479082">
				<ele>285.000000</ele>
			</trkpt>
			<trkpt lat="50.725109" lon="14.479567">
				<ele>285.000000</ele>
			</trkpt>
			<trkpt lat="50.725087" lon="14.479711">
				<ele>285.000000</ele>
			</trkpt>
			<trkpt lat="50.725087" lon="14.479818">
				<ele>285.000000</ele>
			</trkpt>
			<trkpt lat="50.725087" lon="14.479935">
				<ele>285.000000</ele>
			</trkpt>
			<trkpt lat="50.725087" lon="14.480044">
				<ele>285.000000</ele>
			</trkpt>
			<trkpt lat="50.725069" lon="14.480133">
				<ele>285.000000</ele>
			</trkpt>
			<trkpt lat="50.725035" lon="14.480277">
				<ele>285.000000</ele>
			</trkpt>
			<trkpt lat="50.724961" lon="14.480554">
				<ele>286.000000</ele>
			</trkpt>
			<trkpt lat="50.724910" lon="14.480816">
				<ele>287.000000</ele>
			</trkpt>
			<trkpt lat="50.724876" lon="14.481057">
				<ele>289.000000</ele>
			</trkpt>
			<trkpt lat="50.724842" lon="14.481283">
				<ele>290.000000</ele>
			</trkpt>
			<trkpt lat="50.724796" lon="14.481310">
				<ele>289.000000</ele>
			</trkpt>
			<trkpt lat="50.724751" lon="14.481354">
				<ele>289.000000</ele>
			</trkpt>
			<trkpt lat="50.724723" lon="14.481426">
				<ele>289.000000</ele>
			</trkpt>
			<trkpt lat="50.724677" lon="14.481552">
				<ele>288.000000</ele>
			</trkpt>
			<trkpt lat="50.724768" lon="14.481570">
				<ele>289.000000</ele>
			</trkpt>
			<trkpt lat="50.724592" lon="14.481920">
				<ele>289.000000</ele>
			</trkpt>
			<trkpt lat="50.724421" lon="14.482334">
				<ele>288.000000</ele>
			</trkpt>
			<trkpt lat="50.724324" lon="14.482604">
				<ele>288.000000</ele>
			</trkpt>
			<trkpt lat="50.724244" lon="14.482891">
				<ele>288.000000</ele>
			</trkpt>
			<trkpt lat="50.724193" lon="14.483204">
				<ele>288.000000</ele>
			</trkpt>
			<trkpt lat="50.724148" lon="14.483510">
				<ele>288.000000</ele>
			</trkpt>
			<trkpt lat="50.723886" lon="14.485837">
				<ele>286.000000</ele>
			</trkpt>
			<trkpt lat="50.723801" lon="14.486709">
				<ele>286.000000</ele>
			</trkpt>
			<trkpt lat="50.723534" lon="14.489242">
				<ele>282.000000</ele>
			</trkpt>
			<trkpt lat="50.723380" lon="14.490661">
				<ele>279.000000</ele>
			</trkpt>
			<trkpt lat="50.723284" lon="14.491487">
				<ele>277.000000</ele>
			</trkpt>
			<trkpt lat="50.723153" lon="14.492521">
				<ele>275.000000</ele>
			</trkpt>
			<trkpt lat="50.723033" lon="14.493571">
				<ele>275.000000</ele>
			</trkpt>
			<trkpt lat="50.722732" lon="14.496581">
				<ele>274.000000</ele>
			</trkpt>
			<trkpt lat="50.722556" lon="14.498225">
				<ele>274.000000</ele>
			</trkpt>
			<trkpt lat="50.722385" lon="14.499697">
				<ele>274.000000</ele>
			</trkpt>
			<trkpt lat="50.722288" lon="14.500363">
				<ele>274.000000</ele>
			</trkpt>
			<trkpt lat="50.722174" lon="14.500965">
				<ele>274.000000</ele>
			</trkpt>
			<trkpt lat="50.722101" lon="14.501244">
				<ele>274.000000</ele>
			</trkpt>
			<trkpt lat="50.722038" lon="14.501513">
				<ele>274.000000</ele>
			</trkpt>
			<trkpt lat="50.721959" lon="14.501773">
				<ele>274.000000</ele>
			</trkpt>
			<trkpt lat="50.721879" lon="14.502016">
				<ele>274.000000</ele>
			</trkpt>
			<trkpt lat="50.721702" lon="14.502492">
				<ele>273.000000</ele>
			</trkpt>
			<trkpt lat="50.721606" lon="14.502726">
				<ele>273.000000</ele>
			</trkpt>
			<trkpt lat="50.721464" lon="14.503049">
				<ele>273.000000</ele>
			</trkpt>
			<trkpt lat="50.721168" lon="14.503605">
				<ele>273.000000</ele>
			</trkpt>
			<trkpt lat="50.720838" lon="14.504208">
				<ele>273.000000</ele>
			</trkpt>
			<trkpt lat="50.720684" lon="14.504460">
				<ele>273.000000</ele>
			</trkpt>
			<trkpt lat="50.720326" lon="14.505016">
				<ele>273.000000</ele>
			</trkpt>
			<trkpt lat="50.720184" lon="14.505250">
				<ele>273.000000</ele>
			</trkpt>
			<trkpt lat="50.720025" lon="14.505546">
				<ele>273.000000</ele>
			</trkpt>
			<trkpt lat="50.719894" lon="14.505861">
				<ele>273.000000</ele>
			</trkpt>
			<trkpt lat="50.719815" lon="14.506039">
				<ele>273.000000</ele>
			</trkpt>
			<trkpt lat="50.719724" lon="14.506211">
				<ele>273.000000</ele>
			</trkpt>
			<trkpt lat="50.719320" lon="14.506858">
				<ele>273.000000</ele>
			</trkpt>
			<trkpt lat="50.718848" lon="14.507657">
				<ele>272.000000</ele>
			</trkpt>
			<trkpt lat="50.717340" lon="14.510037">
				<ele>272.000000</ele>
			</trkpt>
			<trkpt lat="50.717863" lon="14.510739">
				<ele>270.000000</ele>
			</trkpt>
			<trkpt lat="50.717961" lon="14.510863">
				<ele>270.000000</ele>
			</trkpt>
			<trkpt lat="50.718046" lon="14.510989">
				<ele>270.000000</ele>
			</trkpt>
			<trkpt lat="50.718126" lon="14.511133">
				<ele>270.000000</ele>
			</trkpt>
			<trkpt lat="50.718188" lon="14.511278">
				<ele>270.000000</ele>
			</trkpt>
			<trkpt lat="50.718245" lon="14.511412">
				<ele>270.000000</ele>
			</trkpt>
			<trkpt lat="50.718296" lon="14.511582">
				<ele>270.000000</ele>
			</trkpt>
			<trkpt lat="50.718353" lon="14.511798">
				<ele>270.000000</ele>
			</trkpt>
			<trkpt lat="50.718427" lon="14.512148">
				<ele>270.000000</ele>
			</trkpt>
			<trkpt lat="50.718575" lon="14.513029">
				<ele>270.000000</ele>
			</trkpt>
			<trkpt lat="50.718654" lon="14.513595">
				<ele>270.000000</ele>
			</trkpt>
			<trkpt lat="50.718706" lon="14.513873">
				<ele>270.000000</ele>
			</trkpt>
			<trkpt lat="50.718751" lon="14.514045">
				<ele>270.000000</ele>
			</trkpt>
			<trkpt lat="50.718814" lon="14.514142">
				<ele>270.000000</ele>
			</trkpt>
			<trkpt lat="50.718876" lon="14.514224">
				<ele>270.000000</ele>
			</trkpt>
			<trkpt lat="50.719018" lon="14.514349">
				<ele>270.000000</ele>
			</trkpt>
			<trkpt lat="50.719166" lon="14.514448">
				<ele>270.000000</ele>
			</trkpt>
			<trkpt lat="50.719245" lon="14.514475">
				<ele>270.000000</ele>
			</trkpt>
			<trkpt lat="50.719325" lon="14.514494">
				<ele>270.000000</ele>
			</trkpt>
			<trkpt lat="50.719712" lon="14.514529">
				<ele>271.000000</ele>
			</trkpt>
			<trkpt lat="50.719991" lon="14.514511">
				<ele>273.000000</ele>
			</trkpt>
			<trkpt lat="50.720366" lon="14.514484">
				<ele>276.000000</ele>
			</trkpt>
			<trkpt lat="50.720861" lon="14.514421">
				<ele>277.000000</ele>
			</trkpt>
			<trkpt lat="50.721367" lon="14.514358">
				<ele>279.000000</ele>
			</trkpt>
			<trkpt lat="50.722635" lon="14.514134">
				<ele>283.000000</ele>
			</trkpt>
			<trkpt lat="50.724177" lon="14.513846">
				<ele>287.000000</ele>
			</trkpt>
			<trkpt lat="50.724654" lon="14.513775">
				<ele>287.000000</ele>
			</trkpt>
			<trkpt lat="50.725189" lon="14.513721">
				<ele>288.000000</ele>
			</trkpt>
			<trkpt lat="50.725331" lon="14.513703">
				<ele>289.000000</ele>
			</trkpt>
			<trkpt lat="50.725780" lon="14.513658">
				<ele>289.000000</ele>
			</trkpt>
			<trkpt lat="50.726366" lon="14.513613">
				<ele>290.000000</ele>
			</trkpt>
			<trkpt lat="50.726724" lon="14.513595">
				<ele>290.000000</ele>
			</trkpt>
			<trkpt lat="50.726894" lon="14.513603">
				<ele>290.000000</ele>
			</trkpt>
			<trkpt lat="50.727031" lon="14.513631">
				<ele>289.000000</ele>
			</trkpt>
			<trkpt lat="50.727162" lon="14.513658">
				<ele>288.000000</ele>
			</trkpt>
			<trkpt lat="50.727293" lon="14.513703">
				<ele>287.000000</ele>
			</trkpt>
			<trkpt lat="50.727418" lon="14.513766">
				<ele>287.000000</ele>
			</trkpt>
			<trkpt lat="50.727515" lon="14.513829">
				<ele>286.000000</ele>
			</trkpt>
			<trkpt lat="50.727617" lon="14.513892">
				<ele>285.000000</ele>
			</trkpt>
			<trkpt lat="50.727714" lon="14.513991">
				<ele>285.000000</ele>
			</trkpt>
			<trkpt lat="50.727793" lon="14.514079">
				<ele>285.000000</ele>
			</trkpt>
			<trkpt lat="50.727941" lon="14.514259">
				<ele>285.000000</ele>
			</trkpt>
			<trkpt lat="50.728032" lon="14.514431">
				<ele>285.000000</ele>
			</trkpt>
			<trkpt lat="50.728061" lon="14.514584">
				<ele>285.000000</ele>
			</trkpt>
			<trkpt lat="50.728061" lon="14.514754">
				<ele>285.000000</ele>
			</trkpt>
			<trkpt lat="50.728015" lon="14.515311">
				<ele>285.000000</ele>
			</trkpt>
			<trkpt lat="50.728010" lon="14.515589">
				<ele>286.000000</ele>
			</trkpt>
			<trkpt lat="50.728020" lon="14.515733">
				<ele>287.000000</ele>
			</trkpt>
			<trkpt lat="50.728038" lon="14.515832">
				<ele>287.000000</ele>
			</trkpt>
			<trkpt lat="50.728072" lon="14.515913">
				<ele>287.000000</ele>
			</trkpt>
			<trkpt lat="50.728118" lon="14.515985">
				<ele>287.000000</ele>
			</trkpt>
			<trkpt lat="50.728242" lon="14.516146">
				<ele>288.000000</ele>
			</trkpt>
			<trkpt lat="50.728242" lon="14.516146">
				<ele>288.000000</ele>
			</trkpt>
			<trkpt lat="50.728316" lon="14.516236">
				<ele>289.000000</ele>
			</trkpt>
			<trkpt lat="50.728436" lon="14.516406">
				<ele>289.000000</ele>
			</trkpt>
			<trkpt lat="50.728470" lon="14.516505">
				<ele>290.000000</ele>
			</trkpt>
			<trkpt lat="50.728544" lon="14.516721">
				<ele>290.000000</ele>
			</trkpt>
			<trkpt lat="50.728572" lon="14.516802">
				<ele>290.000000</ele>
			</trkpt>
			<trkpt lat="50.728623" lon="14.516892">
				<ele>290.000000</ele>
			</trkpt>
			<trkpt lat="50.728686" lon="14.516945">
				<ele>290.000000</ele>
			</trkpt>
			<trkpt lat="50.728788" lon="14.517027">
				<ele>290.000000</ele>
			</trkpt>
			<trkpt lat="50.728907" lon="14.517152">
				<ele>291.000000</ele>
			</trkpt>
			<trkpt lat="50.729015" lon="14.517251">
				<ele>291.000000</ele>
			</trkpt>
			<trkpt lat="50.729129" lon="14.517324">
				<ele>291.000000</ele>
			</trkpt>
			<trkpt lat="50.729249" lon="14.517368">
				<ele>291.000000</ele>
			</trkpt>
			<trkpt lat="50.729420" lon="14.517395">
				<ele>291.000000</ele>
			</trkpt>
			<trkpt lat="50.729465" lon="14.517385">
				<ele>291.000000</ele>
			</trkpt>
			<trkpt lat="50.729857" lon="14.517385">
				<ele>292.000000</ele>
			</trkpt>
			<trkpt lat="50.730010" lon="14.517385">
				<ele>292.000000</ele>
			</trkpt>
			<trkpt lat="50.730210" lon="14.517413">
				<ele>292.000000</ele>
			</trkpt>
			<trkpt lat="50.730437" lon="14.517467">
				<ele>292.000000</ele>
			</trkpt>
			<trkpt lat="50.730676" lon="14.517521">
				<ele>293.000000</ele>
			</trkpt>
			<trkpt lat="50.730892" lon="14.517530">
				<ele>293.000000</ele>
			</trkpt>
			<trkpt lat="50.731148" lon="14.517530">
				<ele>293.000000</ele>
			</trkpt>
			<trkpt lat="50.731342" lon="14.517557">
				<ele>293.000000</ele>
			</trkpt>
			<trkpt lat="50.731830" lon="14.517674">
				<ele>294.000000</ele>
			</trkpt>
			<trkpt lat="50.731922" lon="14.517691">
				<ele>294.000000</ele>
			</trkpt>
			<trkpt lat="50.732314" lon="14.517790">
				<ele>294.000000</ele>
			</trkpt>
			<trkpt lat="50.732553" lon="14.517808">
				<ele>295.000000</ele>
			</trkpt>
			<trkpt lat="50.732746" lon="14.517826">
				<ele>295.000000</ele>
			</trkpt>
			<trkpt lat="50.732831" lon="14.517808">
				<ele>295.000000</ele>
			</trkpt>
			<trkpt lat="50.732911" lon="14.517781">
				<ele>295.000000</ele>
			</trkpt>
			<trkpt lat="50.733047" lon="14.517718">
				<ele>295.000000</ele>
			</trkpt>
			<trkpt lat="50.733149" lon="14.517710">
				<ele>296.000000</ele>
			</trkpt>
			<trkpt lat="50.733252" lon="14.517710">
				<ele>296.000000</ele>
			</trkpt>
			<trkpt lat="50.733388" lon="14.517745">
				<ele>296.000000</ele>
			</trkpt>
			<trkpt lat="50.733456" lon="14.517771">
				<ele>296.000000</ele>
			</trkpt>
			<trkpt lat="50.733530" lon="14.517826">
				<ele>296.000000</ele>
			</trkpt>
			<trkpt lat="50.733610" lon="14.517889">
				<ele>297.000000</ele>
			</trkpt>
			<trkpt lat="50.733684" lon="14.517961">
				<ele>297.000000</ele>
			</trkpt>
			<trkpt lat="50.733849" lon="14.518167">
				<ele>297.000000</ele>
			</trkpt>
			<trkpt lat="50.733917" lon="14.518266">
				<ele>297.000000</ele>
			</trkpt>
			<trkpt lat="50.734053" lon="14.518419">
				<ele>298.000000</ele>
			</trkpt>
			<trkpt lat="50.734463" lon="14.518868">
				<ele>299.000000</ele>
			</trkpt>
			<trkpt lat="50.734553" lon="14.518993">
				<ele>299.000000</ele>
			</trkpt>
			<trkpt lat="50.734713" lon="14.519245">
				<ele>300.000000</ele>
			</trkpt>
			<trkpt lat="50.734957" lon="14.519605">
				<ele>300.000000</ele>
			</trkpt>
			<trkpt lat="50.735060" lon="14.519704">
				<ele>301.000000</ele>
			</trkpt>
			<trkpt lat="50.735174" lon="14.519829">
				<ele>301.000000</ele>
			</trkpt>
			<trkpt lat="50.735310" lon="14.519937">
				<ele>301.000000</ele>
			</trkpt>
			<trkpt lat="50.735429" lon="14.519991">
				<ele>301.000000</ele>
			</trkpt>
			<trkpt lat="50.735697" lon="14.520090">
				<ele>302.000000</ele>
			</trkpt>
			<trkpt lat="50.735970" lon="14.520224">
				<ele>303.000000</ele>
			</trkpt>
			<trkpt lat="50.736186" lon="14.520341">
				<ele>303.000000</ele>
			</trkpt>
			<trkpt lat="50.736322" lon="14.520413">
				<ele>303.000000</ele>
			</trkpt>
			<trkpt lat="50.736447" lon="14.520440">
				<ele>304.000000</ele>
			</trkpt>
			<trkpt lat="50.736601" lon="14.520467">
				<ele>304.000000</ele>
			</trkpt>
			<trkpt lat="50.737118" lon="14.520476">
				<ele>305.000000</ele>
			</trkpt>
			<trkpt lat="50.737226" lon="14.520458">
				<ele>305.000000</ele>
			</trkpt>
			<trkpt lat="50.737391" lon="14.520395">
				<ele>306.000000</ele>
			</trkpt>
			<trkpt lat="50.737482" lon="14.520368">
				<ele>306.000000</ele>
			</trkpt>
			<trkpt lat="50.737567" lon="14.520387">
				<ele>306.000000</ele>
			</trkpt>
			<trkpt lat="50.737658" lon="14.520440">
				<ele>306.000000</ele>
			</trkpt>
			<trkpt lat="50.737778" lon="14.520539">
				<ele>306.000000</ele>
			</trkpt>
			<trkpt lat="50.737857" lon="14.520620">
				<ele>307.000000</ele>
			</trkpt>
			<trkpt lat="50.737965" lon="14.520800">
				<ele>307.000000</ele>
			</trkpt>
			<trkpt lat="50.738130" lon="14.521060">
				<ele>307.000000</ele>
			</trkpt>
			<trkpt lat="50.738266" lon="14.521222">
				<ele>308.000000</ele>
			</trkpt>
			<trkpt lat="50.738539" lon="14.521590">
				<ele>308.000000</ele>
			</trkpt>
			<trkpt lat="50.738602" lon="14.521662">
				<ele>309.000000</ele>
			</trkpt>
			<trkpt lat="50.738664" lon="14.521733">
				<ele>309.000000</ele>
			</trkpt>
			<trkpt lat="50.738835" lon="14.521859">
				<ele>309.000000</ele>
			</trkpt>
			<trkpt lat="50.738989" lon="14.521958">
				<ele>310.000000</ele>
			</trkpt>
			<trkpt lat="50.739079" lon="14.522021">
				<ele>310.000000</ele>
			</trkpt>
			<trkpt lat="50.739159" lon="14.522092">
				<ele>310.000000</ele>
			</trkpt>
			<trkpt lat="50.739233" lon="14.522182">
				<ele>310.000000</ele>
			</trkpt>
			<trkpt lat="50.739296" lon="14.522282">
				<ele>310.000000</ele>
			</trkpt>
			<trkpt lat="50.739358" lon="14.522389">
				<ele>310.000000</ele>
			</trkpt>
			<trkpt lat="50.739420" lon="14.522542">
				<ele>311.000000</ele>
			</trkpt>
			<trkpt lat="50.739579" lon="14.522928">
				<ele>311.000000</ele>
			</trkpt>
			<trkpt lat="50.739710" lon="14.523224">
				<ele>311.000000</ele>
			</trkpt>
			<trkpt lat="50.739886" lon="14.523576">
				<ele>312.000000</ele>
			</trkpt>
			<trkpt lat="50.740057" lon="14.523899">
				<ele>312.000000</ele>
			</trkpt>
			<trkpt lat="50.740177" lon="14.524123">
				<ele>312.000000</ele>
			</trkpt>
			<trkpt lat="50.740301" lon="14.524411">
				<ele>313.000000</ele>
			</trkpt>
			<trkpt lat="50.740387" lon="14.524645">
				<ele>313.000000</ele>
			</trkpt>
			<trkpt lat="50.740450" lon="14.524932">
				<ele>313.000000</ele>
			</trkpt>
			<trkpt lat="50.740483" lon="14.525174">
				<ele>314.000000</ele>
			</trkpt>
			<trkpt lat="50.740540" lon="14.525713">
				<ele>314.000000</ele>
			</trkpt>
			<trkpt lat="50.740586" lon="14.525991">
				<ele>314.000000</ele>
			</trkpt>
			<trkpt lat="50.740660" lon="14.526316">
				<ele>315.000000</ele>
			</trkpt>
			<trkpt lat="50.740705" lon="14.526486">
				<ele>315.000000</ele>
			</trkpt>
			<trkpt lat="50.740767" lon="14.526656">
				<ele>315.000000</ele>
			</trkpt>
			<trkpt lat="50.740842" lon="14.526827">
				<ele>315.000000</ele>
			</trkpt>
			<trkpt lat="50.741035" lon="14.527222">
				<ele>316.000000</ele>
			</trkpt>
			<trkpt lat="50.741143" lon="14.527474">
				<ele>316.000000</ele>
			</trkpt>
			<trkpt lat="50.741262" lon="14.527824">
				<ele>317.000000</ele>
			</trkpt>
			<trkpt lat="50.741387" lon="14.528237">
				<ele>317.000000</ele>
			</trkpt>
			<trkpt lat="50.741490" lon="14.528587">
				<ele>317.000000</ele>
			</trkpt>
			<trkpt lat="50.741581" lon="14.528876">
				<ele>318.000000</ele>
			</trkpt>
			<trkpt lat="50.741655" lon="14.529073">
				<ele>318.000000</ele>
			</trkpt>
			<trkpt lat="50.741751" lon="14.529306">
				<ele>318.000000</ele>
			</trkpt>
			<trkpt lat="50.741842" lon="14.529495">
				<ele>318.000000</ele>
			</trkpt>
			<trkpt lat="50.741962" lon="14.529666">
				<ele>319.000000</ele>
			</trkpt>
			<trkpt lat="50.742104" lon="14.529828">
				<ele>319.000000</ele>
			</trkpt>
			<trkpt lat="50.742314" lon="14.530043">
				<ele>319.000000</ele>
			</trkpt>
			<trkpt lat="50.742581" lon="14.530222">
				<ele>320.000000</ele>
			</trkpt>
			<trkpt lat="50.742791" lon="14.530339">
				<ele>320.000000</ele>
			</trkpt>
			<trkpt lat="50.742899" lon="14.530375">
				<ele>320.000000</ele>
			</trkpt>
			<trkpt lat="50.743013" lon="14.530421">
				<ele>320.000000</ele>
			</trkpt>
			<trkpt lat="50.743133" lon="14.530448">
				<ele>321.000000</ele>
			</trkpt>
			<trkpt lat="50.743229" lon="14.530448">
				<ele>321.000000</ele>
			</trkpt>
			<trkpt lat="50.743337" lon="14.530429">
				<ele>321.000000</ele>
			</trkpt>
			<trkpt lat="50.743519" lon="14.530385">
				<ele>321.000000</ele>
			</trkpt>
			<trkpt lat="50.743741" lon="14.530295">
				<ele>321.000000</ele>
			</trkpt>
			<trkpt lat="50.743940" lon="14.530268">
				<ele>322.000000</ele>
			</trkpt>
			<trkpt lat="50.744122" lon="14.530249">
				<ele>322.000000</ele>
			</trkpt>
			<trkpt lat="50.744213" lon="14.530268">
				<ele>322.000000</ele>
			</trkpt>
			<trkpt lat="50.744303" lon="14.530277">
				<ele>322.000000</ele>
			</trkpt>
			<trkpt lat="50.744383" lon="14.530322">
				<ele>322.000000</ele>
			</trkpt>
			<trkpt lat="50.744497" lon="14.530375">
				<ele>323.000000</ele>
			</trkpt>
			<trkpt lat="50.744781" lon="14.530555">
				<ele>323.000000</ele>
			</trkpt>
			<trkpt lat="50.744940" lon="14.530635">
				<ele>323.000000</ele>
			</trkpt>
			<trkpt lat="50.745076" lon="14.530663">
				<ele>323.000000</ele>
			</trkpt>
			<trkpt lat="50.745190" lon="14.530663">
				<ele>324.000000</ele>
			</trkpt>
			<trkpt lat="50.745850" lon="14.530645">
				<ele>325.000000</ele>
			</trkpt>
			<trkpt lat="50.746037" lon="14.530645">
				<ele>325.000000</ele>
			</trkpt>
			<trkpt lat="50.746270" lon="14.530672">
				<ele>325.000000</ele>
			</trkpt>
			<trkpt lat="50.746435" lon="14.530698">
				<ele>325.000000</ele>
			</trkpt>
			<trkpt lat="50.746424" lon="14.530878">
				<ele>326.000000</ele>
			</trkpt>
			<trkpt lat="50.746446" lon="14.531050">
				<ele>327.000000</ele>
			</trkpt>
			<trkpt lat="50.746492" lon="14.531201">
				<ele>328.000000</ele>
			</trkpt>
			<trkpt lat="50.746560" lon="14.531400">
				<ele>329.000000</ele>
			</trkpt>
			<trkpt lat="50.746907" lon="14.531893">
				<ele>331.000000</ele>
			</trkpt>
			<trkpt lat="50.746986" lon="14.531993">
				<ele>332.000000</ele>
			</trkpt>
			<trkpt lat="50.747049" lon="14.532065">
				<ele>332.000000</ele>
			</trkpt>
			<trkpt lat="50.747112" lon="14.532109">
				<ele>332.000000</ele>
			</trkpt>
			<trkpt lat="50.747214" lon="14.532172">
				<ele>333.000000</ele>
			</trkpt>
			<trkpt lat="50.747442" lon="14.532271">
				<ele>334.000000</ele>
			</trkpt>
			<trkpt lat="50.747754" lon="14.532369">
				<ele>335.000000</ele>
			</trkpt>
			<trkpt lat="50.747816" lon="14.532396">
				<ele>336.000000</ele>
			</trkpt>
			<trkpt lat="50.747862" lon="14.532442">
				<ele>336.000000</ele>
			</trkpt>
			<trkpt lat="50.747908" lon="14.532478">
				<ele>337.000000</ele>
			</trkpt>
			<trkpt lat="50.747958" lon="14.532568">
				<ele>337.000000</ele>
			</trkpt>
			<trkpt lat="50.748015" lon="14.532675">
				<ele>337.000000</ele>
			</trkpt>
			<trkpt lat="50.748408" lon="14.533314">
				<ele>336.000000</ele>
			</trkpt>
			<trkpt lat="50.748493" lon="14.533484">
				<ele>336.000000</ele>
			</trkpt>
			<trkpt lat="50.748748" lon="14.533977">
				<ele>335.000000</ele>
			</trkpt>
			<trkpt lat="50.748828" lon="14.534086">
				<ele>335.000000</ele>
			</trkpt>
			<trkpt lat="50.748896" lon="14.534203">
				<ele>335.000000</ele>
			</trkpt>
			<trkpt lat="50.749113" lon="14.534436">
				<ele>335.000000</ele>
			</trkpt>
			<trkpt lat="50.749311" lon="14.534652">
				<ele>335.000000</ele>
			</trkpt>
			<trkpt lat="50.749516" lon="14.534930">
				<ele>335.000000</ele>
			</trkpt>
			<trkpt lat="50.749652" lon="14.535128">
				<ele>335.000000</ele>
			</trkpt>
			<trkpt lat="50.749772" lon="14.535352">
				<ele>335.000000</ele>
			</trkpt>
			<trkpt lat="50.749891" lon="14.535622">
				<ele>335.000000</ele>
			</trkpt>
			<trkpt lat="50.750027" lon="14.535972">
				<ele>335.000000</ele>
			</trkpt>
			<trkpt lat="50.750346" lon="14.536807">
				<ele>335.000000</ele>
			</trkpt>
			<trkpt lat="50.750442" lon="14.537023">
				<ele>335.000000</ele>
			</trkpt>
			<trkpt lat="50.750488" lon="14.537095">
				<ele>335.000000</ele>
			</trkpt>
			<trkpt lat="50.750522" lon="14.537149">
				<ele>335.000000</ele>
			</trkpt>
			<trkpt lat="50.750613" lon="14.537203">
				<ele>335.000000</ele>
			</trkpt>
			<trkpt lat="50.750704" lon="14.537275">
				<ele>336.000000</ele>
			</trkpt>
			<trkpt lat="50.750766" lon="14.537356">
				<ele>336.000000</ele>
			</trkpt>
			<trkpt lat="50.750812" lon="14.537427">
				<ele>336.000000</ele>
			</trkpt>
			<trkpt lat="50.750851" lon="14.537508">
				<ele>336.000000</ele>
			</trkpt>
			<trkpt lat="50.750857" lon="14.537598">
				<ele>336.000000</ele>
			</trkpt>
			<trkpt lat="50.750869" lon="14.537715">
				<ele>337.000000</ele>
			</trkpt>
			<trkpt lat="50.750869" lon="14.537849">
				<ele>337.000000</ele>
			</trkpt>
			<trkpt lat="50.750851" lon="14.538388">
				<ele>338.000000</ele>
			</trkpt>
			<trkpt lat="50.750851" lon="14.538648">
				<ele>338.000000</ele>
			</trkpt>
			<trkpt lat="50.750874" lon="14.538847">
				<ele>339.000000</ele>
			</trkpt>
			<trkpt lat="50.750920" lon="14.539000">
				<ele>339.000000</ele>
			</trkpt>
			<trkpt lat="50.750993" lon="14.539143">
				<ele>339.000000</ele>
			</trkpt>
			<trkpt lat="50.751090" lon="14.539098">
				<ele>339.000000</ele>
			</trkpt>
			<trkpt lat="50.751198" lon="14.539071">
				<ele>340.000000</ele>
			</trkpt>
			<trkpt lat="50.751294" lon="14.539071">
				<ele>340.000000</ele>
			</trkpt>
			<trkpt lat="50.751386" lon="14.539063">
				<ele>341.000000</ele>
			</trkpt>
			<trkpt lat="50.751477" lon="14.539080">
				<ele>341.000000</ele>
			</trkpt>
			<trkpt lat="50.751567" lon="14.539107">
				<ele>342.000000</ele>
			</trkpt>
			<trkpt lat="50.751659" lon="14.539161">
				<ele>343.000000</ele>
			</trkpt>
			<trkpt lat="50.751755" lon="14.539233">
				<ele>344.000000</ele>
			</trkpt>
			<trkpt lat="50.751880" lon="14.539331">
				<ele>345.000000</ele>
			</trkpt>
			<trkpt lat="50.752011" lon="14.539457">
				<ele>346.000000</ele>
			</trkpt>
			<trkpt lat="50.752125" lon="14.539601">
				<ele>346.000000</ele>
			</trkpt>
			<trkpt lat="50.752261" lon="14.539799">
				<ele>347.000000</ele>
			</trkpt>
			<trkpt lat="50.753023" lon="14.541038">
				<ele>352.000000</ele>
			</trkpt>
			<trkpt lat="50.753495" lon="14.541514">
				<ele>354.000000</ele>
			</trkpt>
			<trkpt lat="50.753580" lon="14.541614">
				<ele>354.000000</ele>
			</trkpt>
			<trkpt lat="50.754051" lon="14.542090">
				<ele>356.000000</ele>
			</trkpt>
			<trkpt lat="50.753739" lon="14.543042">
				<ele>349.000000</ele>
			</trkpt>
			<trkpt lat="50.753489" lon="14.543725">
				<ele>346.000000</ele>
			</trkpt>
			<trkpt lat="50.753438" lon="14.543895">
				<ele>346.000000</ele>
			</trkpt>
			<trkpt lat="50.753392" lon="14.544048">
				<ele>345.000000</ele>
			</trkpt>
			<trkpt lat="50.753369" lon="14.544237">
				<ele>345.000000</ele>
			</trkpt>
			<trkpt lat="50.753358" lon="14.544461">
				<ele>345.000000</ele>
			</trkpt>
			<trkpt lat="50.753352" lon="14.544956">
				<ele>345.000000</ele>
			</trkpt>
			<trkpt lat="50.753335" lon="14.545369">
				<ele>345.000000</ele>
			</trkpt>
			<trkpt lat="50.753284" lon="14.545862">
				<ele>345.000000</ele>
			</trkpt>
			<trkpt lat="50.753233" lon="14.546365">
				<ele>345.000000</ele>
			</trkpt>
			<trkpt lat="50.753278" lon="14.546419">
				<ele>346.000000</ele>
			</trkpt>
			<trkpt lat="50.753312" lon="14.546474">
				<ele>346.000000</ele>
			</trkpt>
			<trkpt lat="50.753415" lon="14.546698">
				<ele>346.000000</ele>
			</trkpt>
			<trkpt lat="50.753466" lon="14.546814">
				<ele>346.000000</ele>
			</trkpt>
			<trkpt lat="50.753523" lon="14.546931">
				<ele>346.000000</ele>
			</trkpt>
			<trkpt lat="50.753647" lon="14.547084">
				<ele>347.000000</ele>
			</trkpt>
			<trkpt lat="50.753773" lon="14.547193">
				<ele>347.000000</ele>
			</trkpt>
			<trkpt lat="50.754034" lon="14.547390">
				<ele>347.000000</ele>
			</trkpt>
			<trkpt lat="50.754142" lon="14.547470">
				<ele>348.000000</ele>
			</trkpt>
			<trkpt lat="50.754244" lon="14.547569">
				<ele>348.000000</ele>
			</trkpt>
			<trkpt lat="50.754335" lon="14.547686">
				<ele>348.000000</ele>
			</trkpt>
			<trkpt lat="50.754426" lon="14.547830">
				<ele>348.000000</ele>
			</trkpt>
			<trkpt lat="50.754506" lon="14.547929">
				<ele>349.000000</ele>
			</trkpt>
			<trkpt lat="50.754580" lon="14.547992">
				<ele>349.000000</ele>
			</trkpt>
			<trkpt lat="50.754648" lon="14.548055">
				<ele>349.000000</ele>
			</trkpt>
			<trkpt lat="50.754751" lon="14.548109">
				<ele>349.000000</ele>
			</trkpt>
			<trkpt lat="50.755017" lon="14.548235">
				<ele>350.000000</ele>
			</trkpt>
			<trkpt lat="50.755261" lon="14.548386">
				<ele>350.000000</ele>
			</trkpt>
			<trkpt lat="50.755495" lon="14.548539">
				<ele>352.000000</ele>
			</trkpt>
			<trkpt lat="50.755858" lon="14.548809">
				<ele>353.000000</ele>
			</trkpt>
			<trkpt lat="50.756057" lon="14.548962">
				<ele>354.000000</ele>
			</trkpt>
			<trkpt lat="50.756194" lon="14.549097">
				<ele>355.000000</ele>
			</trkpt>
			<trkpt lat="50.756103" lon="14.549330">
				<ele>355.000000</ele>
			</trkpt>
			<trkpt lat="50.755887" lon="14.549869">
				<ele>355.000000</ele>
			</trkpt>
			<trkpt lat="50.755785" lon="14.550210">
				<ele>356.000000</ele>
			</trkpt>
			<trkpt lat="50.755899" lon="14.550291">
				<ele>356.000000</ele>
			</trkpt>
			<trkpt lat="50.755984" lon="14.550336">
				<ele>356.000000</ele>
			</trkpt>
			<trkpt lat="50.756046" lon="14.550346">
				<ele>356.000000</ele>
			</trkpt>
			<trkpt lat="50.756126" lon="14.550346">
				<ele>356.000000</ele>
			</trkpt>
			<trkpt lat="50.756262" lon="14.550346">
				<ele>356.000000</ele>
			</trkpt>
			<trkpt lat="50.756375" lon="14.550372">
				<ele>355.000000</ele>
			</trkpt>
			<trkpt lat="50.756483" lon="14.550426">
				<ele>355.000000</ele>
			</trkpt>
			<trkpt lat="50.756609" lon="14.550552">
				<ele>355.000000</ele>
			</trkpt>
			<trkpt lat="50.756774" lon="14.550749">
				<ele>355.000000</ele>
			</trkpt>
			<trkpt lat="50.756864" lon="14.550893">
				<ele>355.000000</ele>
			</trkpt>
			<trkpt lat="50.756927" lon="14.550992">
				<ele>355.000000</ele>
			</trkpt>
			<trkpt lat="50.756989" lon="14.551118">
				<ele>355.000000</ele>
			</trkpt>
			<trkpt lat="50.757046" lon="14.551235">
				<ele>355.000000</ele>
			</trkpt>
			<trkpt lat="50.757075" lon="14.551333">
				<ele>355.000000</ele>
			</trkpt>
			<trkpt lat="50.757154" lon="14.551602">
				<ele>355.000000</ele>
			</trkpt>
			<trkpt lat="50.757228" lon="14.551908">
				<ele>355.000000</ele>
			</trkpt>
			<trkpt lat="50.757336" lon="14.552403">
				<ele>357.000000</ele>
			</trkpt>
			<trkpt lat="50.757382" lon="14.552573">
				<ele>359.000000</ele>
			</trkpt>
			<trkpt lat="50.757438" lon="14.552761">
				<ele>360.000000</ele>
			</trkpt>
			<trkpt lat="50.757654" lon="14.553363">
				<ele>360.000000</ele>
			</trkpt>
			<trkpt lat="50.757870" lon="14.553535">
				<ele>360.000000</ele>
			</trkpt>
			<trkpt lat="50.757938" lon="14.553588">
				<ele>360.000000</ele>
			</trkpt>
			<trkpt lat="50.758205" lon="14.553812">
				<ele>360.000000</ele>
			</trkpt>
			<trkpt lat="50.758353" lon="14.553938">
				<ele>360.000000</ele>
			</trkpt>
			<trkpt lat="50.758575" lon="14.554154">
				<ele>360.000000</ele>
			</trkpt>
			<trkpt lat="50.758723" lon="14.554504">
				<ele>360.000000</ele>
			</trkpt>
			<trkpt lat="50.758813" lon="14.554720">
				<ele>360.000000</ele>
			</trkpt>
			<trkpt lat="50.758921" lon="14.554927">
				<ele>360.000000</ele>
			</trkpt>
			<trkpt lat="50.759075" lon="14.555151">
				<ele>361.000000</ele>
			</trkpt>
			<trkpt lat="50.759047" lon="14.555439">
				<ele>361.000000</ele>
			</trkpt>
			<trkpt lat="50.759013" lon="14.555807">
				<ele>362.000000</ele>
			</trkpt>
			<trkpt lat="50.759268" lon="14.555942">
				<ele>362.000000</ele>
			</trkpt>
			<trkpt lat="50.759319" lon="14.555977">
				<ele>362.000000</ele>
			</trkpt>
			<trkpt lat="50.759535" lon="14.556103">
				<ele>363.000000</ele>
			</trkpt>
			<trkpt lat="50.759484" lon="14.556185">
				<ele>364.000000</ele>
			</trkpt>
			<trkpt lat="50.759450" lon="14.556301">
				<ele>363.000000</ele>
			</trkpt>
			<trkpt lat="50.759393" lon="14.556552">
				<ele>364.000000</ele>
			</trkpt>
			<trkpt lat="50.759342" lon="14.556777">
				<ele>364.000000</ele>
			</trkpt>
		</trkseg>
	</trk>
</gpx>

