<?xml version="1.0" encoding="utf-8"?>
<gpx xmlns="http://www.topografix.com/GPX/1/1" version="1.1" creator="https://mapy.com/">
	<trk>
		<name>Route from Horní Hanychov to Liberecká</name>
		<trkseg>
			<trkpt lat="50.738113" lon="15.012214">
				<ele>524.000000</ele>
			</trkpt>
			<trkpt lat="50.737999" lon="15.012107">
				<ele>524.000000</ele>
			</trkpt>
			<trkpt lat="50.738044" lon="15.011738">
				<ele>524.000000</ele>
			</trkpt>
			<trkpt lat="50.738107" lon="15.011665">
				<ele>524.000000</ele>
			</trkpt>
			<trkpt lat="50.738306" lon="15.011549">
				<ele>524.000000</ele>
			</trkpt>
			<trkpt lat="50.738294" lon="15.011082">
				<ele>526.000000</ele>
			</trkpt>
			<trkpt lat="50.738294" lon="15.010885">
				<ele>527.000000</ele>
			</trkpt>
			<trkpt lat="50.738306" lon="15.010732">
				<ele>527.000000</ele>
			</trkpt>
			<trkpt lat="50.738351" lon="15.010597">
				<ele>528.000000</ele>
			</trkpt>
			<trkpt lat="50.738402" lon="15.010462">
				<ele>529.000000</ele>
			</trkpt>
			<trkpt lat="50.739296" lon="15.009564">
				<ele>535.000000</ele>
			</trkpt>
			<trkpt lat="50.739375" lon="15.009483">
				<ele>536.000000</ele>
			</trkpt>
			<trkpt lat="50.739778" lon="15.009052">
				<ele>541.000000</ele>
			</trkpt>
			<trkpt lat="50.739875" lon="15.008998">
				<ele>542.000000</ele>
			</trkpt>
			<trkpt lat="50.739886" lon="15.008854">
				<ele>543.000000</ele>
			</trkpt>
			<trkpt lat="50.739870" lon="15.008728">
				<ele>544.000000</ele>
			</trkpt>
			<trkpt lat="50.739744" lon="15.008063">
				<ele>549.000000</ele>
			</trkpt>
			<trkpt lat="50.739699" lon="15.007910">
				<ele>551.000000</ele>
			</trkpt>
			<trkpt lat="50.740393" lon="15.007372">
				<ele>560.000000</ele>
			</trkpt>
			<trkpt lat="50.741120" lon="15.006761">
				<ele>567.000000</ele>
			</trkpt>
			<trkpt lat="50.741200" lon="15.006635">
				<ele>567.000000</ele>
			</trkpt>
			<trkpt lat="50.741336" lon="15.006572">
				<ele>568.000000</ele>
			</trkpt>
			<trkpt lat="50.741211" lon="15.006447">
				<ele>570.000000</ele>
			</trkpt>
			<trkpt lat="50.741109" lon="15.006339">
				<ele>571.000000</ele>
			</trkpt>
			<trkpt lat="50.741040" lon="15.006222">
				<ele>573.000000</ele>
			</trkpt>
			<trkpt lat="50.740972" lon="15.006078">
				<ele>575.000000</ele>
			</trkpt>
			<trkpt lat="50.740932" lon="15.005952">
				<ele>576.000000</ele>
			</trkpt>
			<trkpt lat="50.740887" lon="15.005826">
				<ele>578.000000</ele>
			</trkpt>
			<trkpt lat="50.740767" lon="15.005342">
				<ele>584.000000</ele>
			</trkpt>
			<trkpt lat="50.740694" lon="15.005090">
				<ele>587.000000</ele>
			</trkpt>
			<trkpt lat="50.740609" lon="15.004874">
				<ele>590.000000</ele>
			</trkpt>
			<trkpt lat="50.740438" lon="15.004560">
				<ele>595.000000</ele>
			</trkpt>
			<trkpt lat="50.740086" lon="15.003914">
				<ele>605.000000</ele>
			</trkpt>
			<trkpt lat="50.739835" lon="15.003554">
				<ele>613.000000</ele>
			</trkpt>
			<trkpt lat="50.739824" lon="15.003275">
				<ele>616.000000</ele>
			</trkpt>
			<trkpt lat="50.739841" lon="15.003086">
				<ele>618.000000</ele>
			</trkpt>
			<trkpt lat="50.739870" lon="15.002907">
				<ele>621.000000</ele>
			</trkpt>
			<trkpt lat="50.739921" lon="15.002683">
				<ele>623.000000</ele>
			</trkpt>
			<trkpt lat="50.739983" lon="15.002593">
				<ele>624.000000</ele>
			</trkpt>
			<trkpt lat="50.740069" lon="15.002512">
				<ele>625.000000</ele>
			</trkpt>
			<trkpt lat="50.740148" lon="15.002440">
				<ele>626.000000</ele>
			</trkpt>
			<trkpt lat="50.740256" lon="15.002350">
				<ele>627.000000</ele>
			</trkpt>
			<trkpt lat="50.740352" lon="15.002279">
				<ele>628.000000</ele>
			</trkpt>
			<trkpt lat="50.740460" lon="15.002180">
				<ele>629.000000</ele>
			</trkpt>
			<trkpt lat="50.740535" lon="15.002072">
				<ele>630.000000</ele>
			</trkpt>
			<trkpt lat="50.740597" lon="15.001928">
				<ele>631.000000</ele>
			</trkpt>
			<trkpt lat="50.740654" lon="15.001740">
				<ele>632.000000</ele>
			</trkpt>
			<trkpt lat="50.740733" lon="15.001317">
				<ele>635.000000</ele>
			</trkpt>
			<trkpt lat="50.740824" lon="15.000904">
				<ele>638.000000</ele>
			</trkpt>
			<trkpt lat="50.741274" lon="14.998451">
				<ele>670.000000</ele>
			</trkpt>
			<trkpt lat="50.741342" lon="14.998012">
				<ele>675.000000</ele>
			</trkpt>
			<trkpt lat="50.741370" lon="14.997715">
				<ele>677.000000</ele>
			</trkpt>
			<trkpt lat="50.741370" lon="14.997580">
				<ele>678.000000</ele>
			</trkpt>
			<trkpt lat="50.741370" lon="14.997436">
				<ele>680.000000</ele>
			</trkpt>
			<trkpt lat="50.741325" lon="14.997050">
				<ele>683.000000</ele>
			</trkpt>
			<trkpt lat="50.741297" lon="14.996952">
				<ele>684.000000</ele>
			</trkpt>
			<trkpt lat="50.741189" lon="14.996341">
				<ele>690.000000</ele>
			</trkpt>
			<trkpt lat="50.741120" lon="14.995999">
				<ele>690.000000</ele>
			</trkpt>
			<trkpt lat="50.741063" lon="14.995820">
				<ele>695.000000</ele>
			</trkpt>
			<trkpt lat="50.740972" lon="14.995496">
				<ele>699.000000</ele>
			</trkpt>
			<trkpt lat="50.740950" lon="14.995352">
				<ele>701.000000</ele>
			</trkpt>
			<trkpt lat="50.740921" lon="14.995209">
				<ele>703.000000</ele>
			</trkpt>
			<trkpt lat="50.740887" lon="14.994912">
				<ele>707.000000</ele>
			</trkpt>
			<trkpt lat="50.740842" lon="14.994660">
				<ele>710.000000</ele>
			</trkpt>
			<trkpt lat="50.740779" lon="14.994400">
				<ele>713.000000</ele>
			</trkpt>
			<trkpt lat="50.740694" lon="14.994077">
				<ele>716.000000</ele>
			</trkpt>
			<trkpt lat="50.740614" lon="14.993763">
				<ele>721.000000</ele>
			</trkpt>
			<trkpt lat="50.740552" lon="14.993564">
				<ele>724.000000</ele>
			</trkpt>
			<trkpt lat="50.740523" lon="14.993394">
				<ele>726.000000</ele>
			</trkpt>
			<trkpt lat="50.740501" lon="14.993241">
				<ele>727.000000</ele>
			</trkpt>
			<trkpt lat="50.740489" lon="14.993071">
				<ele>728.000000</ele>
			</trkpt>
			<trkpt lat="50.740478" lon="14.992478">
				<ele>733.000000</ele>
			</trkpt>
			<trkpt lat="50.740478" lon="14.992172">
				<ele>736.000000</ele>
			</trkpt>
			<trkpt lat="50.740501" lon="14.991912">
				<ele>738.000000</ele>
			</trkpt>
			<trkpt lat="50.740552" lon="14.991606">
				<ele>741.000000</ele>
			</trkpt>
			<trkpt lat="50.740625" lon="14.991167">
				<ele>744.000000</ele>
			</trkpt>
			<trkpt lat="50.740654" lon="14.990987">
				<ele>746.000000</ele>
			</trkpt>
			<trkpt lat="50.740660" lon="14.990834">
				<ele>747.000000</ele>
			</trkpt>
			<trkpt lat="50.740648" lon="14.990672">
				<ele>749.000000</ele>
			</trkpt>
			<trkpt lat="50.740643" lon="14.990520">
				<ele>751.000000</ele>
			</trkpt>
			<trkpt lat="50.740625" lon="14.990349">
				<ele>752.000000</ele>
			</trkpt>
			<trkpt lat="50.740597" lon="14.990196">
				<ele>754.000000</ele>
			</trkpt>
			<trkpt lat="50.740552" lon="14.990052">
				<ele>756.000000</ele>
			</trkpt>
			<trkpt lat="50.740506" lon="14.989926">
				<ele>758.000000</ele>
			</trkpt>
			<trkpt lat="50.740455" lon="14.989828">
				<ele>760.000000</ele>
			</trkpt>
			<trkpt lat="50.740370" lon="14.989729">
				<ele>762.000000</ele>
			</trkpt>
			<trkpt lat="50.740290" lon="14.989657">
				<ele>764.000000</ele>
			</trkpt>
			<trkpt lat="50.740194" lon="14.989595">
				<ele>766.000000</ele>
			</trkpt>
			<trkpt lat="50.740102" lon="14.989567">
				<ele>768.000000</ele>
			</trkpt>
			<trkpt lat="50.739983" lon="14.989559">
				<ele>770.000000</ele>
			</trkpt>
			<trkpt lat="50.739687" lon="14.989522">
				<ele>776.000000</ele>
			</trkpt>
			<trkpt lat="50.739591" lon="14.989496">
				<ele>778.000000</ele>
			</trkpt>
			<trkpt lat="50.739471" lon="14.989459">
				<ele>781.000000</ele>
			</trkpt>
			<trkpt lat="50.739273" lon="14.989343">
				<ele>785.000000</ele>
			</trkpt>
			<trkpt lat="50.739221" lon="14.989298">
				<ele>786.000000</ele>
			</trkpt>
			<trkpt lat="50.739165" lon="14.989262">
				<ele>788.000000</ele>
			</trkpt>
			<trkpt lat="50.739125" lon="14.989190">
				<ele>789.000000</ele>
			</trkpt>
			<trkpt lat="50.739085" lon="14.989127">
				<ele>790.000000</ele>
			</trkpt>
			<trkpt lat="50.739068" lon="14.989056">
				<ele>791.000000</ele>
			</trkpt>
			<trkpt lat="50.739051" lon="14.988974">
				<ele>792.000000</ele>
			</trkpt>
			<trkpt lat="50.738977" lon="14.988490">
				<ele>800.000000</ele>
			</trkpt>
			<trkpt lat="50.738971" lon="14.988354">
				<ele>802.000000</ele>
			</trkpt>
			<trkpt lat="50.738960" lon="14.988193">
				<ele>804.000000</ele>
			</trkpt>
			<trkpt lat="50.738971" lon="14.987825">
				<ele>807.000000</ele>
			</trkpt>
			<trkpt lat="50.738960" lon="14.987725">
				<ele>808.000000</ele>
			</trkpt>
			<trkpt lat="50.738932" lon="14.987627">
				<ele>809.000000</ele>
			</trkpt>
			<trkpt lat="50.738744" lon="14.987006">
				<ele>815.000000</ele>
			</trkpt>
			<trkpt lat="50.738630" lon="14.986567">
				<ele>819.000000</ele>
			</trkpt>
			<trkpt lat="50.738528" lon="14.986127">
				<ele>823.000000</ele>
			</trkpt>
			<trkpt lat="50.738477" lon="14.985938">
				<ele>825.000000</ele>
			</trkpt>
			<trkpt lat="50.738414" lon="14.985758">
				<ele>827.000000</ele>
			</trkpt>
			<trkpt lat="50.738312" lon="14.985570">
				<ele>830.000000</ele>
			</trkpt>
			<trkpt lat="50.738130" lon="14.985264">
				<ele>834.000000</ele>
			</trkpt>
			<trkpt lat="50.737755" lon="14.984698">
				<ele>843.000000</ele>
			</trkpt>
			<trkpt lat="50.737658" lon="14.984528">
				<ele>845.000000</ele>
			</trkpt>
			<trkpt lat="50.737550" lon="14.984312">
				<ele>848.000000</ele>
			</trkpt>
			<trkpt lat="50.737271" lon="14.983729">
				<ele>857.000000</ele>
			</trkpt>
			<trkpt lat="50.737118" lon="14.983459">
				<ele>862.000000</ele>
			</trkpt>
			<trkpt lat="50.736947" lon="14.983180">
				<ele>867.000000</ele>
			</trkpt>
			<trkpt lat="50.736748" lon="14.982920">
				<ele>873.000000</ele>
			</trkpt>
			<trkpt lat="50.736606" lon="14.982740">
				<ele>877.000000</ele>
			</trkpt>
			<trkpt lat="50.736487" lon="14.982588">
				<ele>880.000000</ele>
			</trkpt>
			<trkpt lat="50.736367" lon="14.982390">
				<ele>883.000000</ele>
			</trkpt>
			<trkpt lat="50.736243" lon="14.982156">
				<ele>886.000000</ele>
			</trkpt>
			<trkpt lat="50.736163" lon="14.981878">
				<ele>886.000000</ele>
			</trkpt>
			<trkpt lat="50.736083" lon="14.981645">
				<ele>887.000000</ele>
			</trkpt>
			<trkpt lat="50.735992" lon="14.981446">
				<ele>887.000000</ele>
			</trkpt>
			<trkpt lat="50.735850" lon="14.981213">
				<ele>887.000000</ele>
			</trkpt>
			<trkpt lat="50.735640" lon="14.980872">
				<ele>888.000000</ele>
			</trkpt>
			<trkpt lat="50.735452" lon="14.980584">
				<ele>889.000000</ele>
			</trkpt>
			<trkpt lat="50.735219" lon="14.980278">
				<ele>889.000000</ele>
			</trkpt>
			<trkpt lat="50.735077" lon="14.980072">
				<ele>890.000000</ele>
			</trkpt>
			<trkpt lat="50.734940" lon="14.979892">
				<ele>890.000000</ele>
			</trkpt>
			<trkpt lat="50.734582" lon="14.979498">
				<ele>890.000000</ele>
			</trkpt>
			<trkpt lat="50.734429" lon="14.979309">
				<ele>890.000000</ele>
			</trkpt>
			<trkpt lat="50.734366" lon="14.979209">
				<ele>890.000000</ele>
			</trkpt>
			<trkpt lat="50.734298" lon="14.979085">
				<ele>890.000000</ele>
			</trkpt>
			<trkpt lat="50.734110" lon="14.978743">
				<ele>888.000000</ele>
			</trkpt>
			<trkpt lat="50.733718" lon="14.978024">
				<ele>884.000000</ele>
			</trkpt>
			<trkpt lat="50.733507" lon="14.977611">
				<ele>882.000000</ele>
			</trkpt>
			<trkpt lat="50.733383" lon="14.977332">
				<ele>881.000000</ele>
			</trkpt>
			<trkpt lat="50.733320" lon="14.977198">
				<ele>880.000000</ele>
			</trkpt>
			<trkpt lat="50.733007" lon="14.976506">
				<ele>871.000000</ele>
			</trkpt>
			<trkpt lat="50.732876" lon="14.976192">
				<ele>867.000000</ele>
			</trkpt>
			<trkpt lat="50.732683" lon="14.975626">
				<ele>859.000000</ele>
			</trkpt>
			<trkpt lat="50.732223" lon="14.974412">
				<ele>846.000000</ele>
			</trkpt>
			<trkpt lat="50.731836" lon="14.973460">
				<ele>835.000000</ele>
			</trkpt>
			<trkpt lat="50.732239" lon="14.973119">
				<ele>835.000000</ele>
			</trkpt>
			<trkpt lat="50.732484" lon="14.972940">
				<ele>833.000000</ele>
			</trkpt>
			<trkpt lat="50.732905" lon="14.972697">
				<ele>823.000000</ele>
			</trkpt>
			<trkpt lat="50.733104" lon="14.972553">
				<ele>818.000000</ele>
			</trkpt>
			<trkpt lat="50.733388" lon="14.972337">
				<ele>810.000000</ele>
			</trkpt>
			<trkpt lat="50.733479" lon="14.972284">
				<ele>810.000000</ele>
			</trkpt>
			<trkpt lat="50.733553" lon="14.972257">
				<ele>810.000000</ele>
			</trkpt>
			<trkpt lat="50.733633" lon="14.972238">
				<ele>810.000000</ele>
			</trkpt>
			<trkpt lat="50.733713" lon="14.972238">
				<ele>809.000000</ele>
			</trkpt>
			<trkpt lat="50.733786" lon="14.972266">
				<ele>809.000000</ele>
			</trkpt>
			<trkpt lat="50.733865" lon="14.972311">
				<ele>809.000000</ele>
			</trkpt>
			<trkpt lat="50.734048" lon="14.972481">
				<ele>809.000000</ele>
			</trkpt>
			<trkpt lat="50.734099" lon="14.972508">
				<ele>809.000000</ele>
			</trkpt>
			<trkpt lat="50.734156" lon="14.972527">
				<ele>809.000000</ele>
			</trkpt>
			<trkpt lat="50.734252" lon="14.972535">
				<ele>808.000000</ele>
			</trkpt>
			<trkpt lat="50.734326" lon="14.972563">
				<ele>808.000000</ele>
			</trkpt>
			<trkpt lat="50.734372" lon="14.972607">
				<ele>808.000000</ele>
			</trkpt>
			<trkpt lat="50.734423" lon="14.972697">
				<ele>808.000000</ele>
			</trkpt>
			<trkpt lat="50.734525" lon="14.972877">
				<ele>808.000000</ele>
			</trkpt>
			<trkpt lat="50.734594" lon="14.972230">
				<ele>804.000000</ele>
			</trkpt>
			<trkpt lat="50.734617" lon="14.971969">
				<ele>802.000000</ele>
			</trkpt>
			<trkpt lat="50.734605" lon="14.971825">
				<ele>801.000000</ele>
			</trkpt>
			<trkpt lat="50.734594" lon="14.971691">
				<ele>800.000000</ele>
			</trkpt>
			<trkpt lat="50.734571" lon="14.971548">
				<ele>799.000000</ele>
			</trkpt>
			<trkpt lat="50.734542" lon="14.971422">
				<ele>798.000000</ele>
			</trkpt>
			<trkpt lat="50.734468" lon="14.971161">
				<ele>796.000000</ele>
			</trkpt>
			<trkpt lat="50.734406" lon="14.971008">
				<ele>795.000000</ele>
			</trkpt>
			<trkpt lat="50.734372" lon="14.970955">
				<ele>794.000000</ele>
			</trkpt>
			<trkpt lat="50.734332" lon="14.970909">
				<ele>794.000000</ele>
			</trkpt>
			<trkpt lat="50.734281" lon="14.970865">
				<ele>793.000000</ele>
			</trkpt>
			<trkpt lat="50.734230" lon="14.970856">
				<ele>792.000000</ele>
			</trkpt>
			<trkpt lat="50.734048" lon="14.970793">
				<ele>790.000000</ele>
			</trkpt>
			<trkpt lat="50.733929" lon="14.970739">
				<ele>787.000000</ele>
			</trkpt>
			<trkpt lat="50.733837" lon="14.970685">
				<ele>784.000000</ele>
			</trkpt>
			<trkpt lat="50.733758" lon="14.970613">
				<ele>782.000000</ele>
			</trkpt>
			<trkpt lat="50.733690" lon="14.970523">
				<ele>781.000000</ele>
			</trkpt>
			<trkpt lat="50.733633" lon="14.970443">
				<ele>779.000000</ele>
			</trkpt>
			<trkpt lat="50.733587" lon="14.970316">
				<ele>776.000000</ele>
			</trkpt>
			<trkpt lat="50.733559" lon="14.970173">
				<ele>774.000000</ele>
			</trkpt>
			<trkpt lat="50.733519" lon="14.969733">
				<ele>765.000000</ele>
			</trkpt>
			<trkpt lat="50.733462" lon="14.969481">
				<ele>761.000000</ele>
			</trkpt>
			<trkpt lat="50.733337" lon="14.968852">
				<ele>747.000000</ele>
			</trkpt>
			<trkpt lat="50.733303" lon="14.968745">
				<ele>745.000000</ele>
			</trkpt>
			<trkpt lat="50.733263" lon="14.968628">
				<ele>743.000000</ele>
			</trkpt>
			<trkpt lat="50.733218" lon="14.968546">
				<ele>741.000000</ele>
			</trkpt>
			<trkpt lat="50.733155" lon="14.968484">
				<ele>740.000000</ele>
			</trkpt>
			<trkpt lat="50.733092" lon="14.968456">
				<ele>739.000000</ele>
			</trkpt>
			<trkpt lat="50.733019" lon="14.968456">
				<ele>737.000000</ele>
			</trkpt>
			<trkpt lat="50.732780" lon="14.968502">
				<ele>734.000000</ele>
			</trkpt>
			<trkpt lat="50.732700" lon="14.968502">
				<ele>733.000000</ele>
			</trkpt>
			<trkpt lat="50.732626" lon="14.968484">
				<ele>732.000000</ele>
			</trkpt>
			<trkpt lat="50.732553" lon="14.968475">
				<ele>731.000000</ele>
			</trkpt>
			<trkpt lat="50.732490" lon="14.968430">
				<ele>730.000000</ele>
			</trkpt>
			<trkpt lat="50.732416" lon="14.968376">
				<ele>729.000000</ele>
			</trkpt>
			<trkpt lat="50.732365" lon="14.968305">
				<ele>728.000000</ele>
			</trkpt>
			<trkpt lat="50.732183" lon="14.968062">
				<ele>723.000000</ele>
			</trkpt>
			<trkpt lat="50.732115" lon="14.967909">
				<ele>720.000000</ele>
			</trkpt>
			<trkpt lat="50.732058" lon="14.967747">
				<ele>717.000000</ele>
			</trkpt>
			<trkpt lat="50.731961" lon="14.967550">
				<ele>714.000000</ele>
			</trkpt>
			<trkpt lat="50.731859" lon="14.967379">
				<ele>712.000000</ele>
			</trkpt>
			<trkpt lat="50.731734" lon="14.967227">
				<ele>709.000000</ele>
			</trkpt>
			<trkpt lat="50.731512" lon="14.966984">
				<ele>704.000000</ele>
			</trkpt>
			<trkpt lat="50.731330" lon="14.966804">
				<ele>700.000000</ele>
			</trkpt>
			<trkpt lat="50.731171" lon="14.966661">
				<ele>698.000000</ele>
			</trkpt>
			<trkpt lat="50.730994" lon="14.966517">
				<ele>695.000000</ele>
			</trkpt>
			<trkpt lat="50.730773" lon="14.966364">
				<ele>693.000000</ele>
			</trkpt>
			<trkpt lat="50.730591" lon="14.966274">
				<ele>691.000000</ele>
			</trkpt>
			<trkpt lat="50.730295" lon="14.966103">
				<ele>689.000000</ele>
			</trkpt>
			<trkpt lat="50.730028" lon="14.965969">
				<ele>687.000000</ele>
			</trkpt>
			<trkpt lat="50.729846" lon="14.965995">
				<ele>686.000000</ele>
			</trkpt>
			<trkpt lat="50.729664" lon="14.966076">
				<ele>683.000000</ele>
			</trkpt>
			<trkpt lat="50.729522" lon="14.966166">
				<ele>681.000000</ele>
			</trkpt>
			<trkpt lat="50.729226" lon="14.966372">
				<ele>677.000000</ele>
			</trkpt>
			<trkpt lat="50.729090" lon="14.966462">
				<ele>675.000000</ele>
			</trkpt>
			<trkpt lat="50.728396" lon="14.964774">
				<ele>649.000000</ele>
			</trkpt>
			<trkpt lat="50.727680" lon="14.962699">
				<ele>627.000000</ele>
			</trkpt>
			<trkpt lat="50.727082" lon="14.960938">
				<ele>611.000000</ele>
			</trkpt>
			<trkpt lat="50.726821" lon="14.960345">
				<ele>606.000000</ele>
			</trkpt>
			<trkpt lat="50.726770" lon="14.960183">
				<ele>604.000000</ele>
			</trkpt>
			<trkpt lat="50.726729" lon="14.960030">
				<ele>602.000000</ele>
			</trkpt>
			<trkpt lat="50.726525" lon="14.958881">
				<ele>592.000000</ele>
			</trkpt>
			<trkpt lat="50.726389" lon="14.958242">
				<ele>588.000000</ele>
			</trkpt>
			<trkpt lat="50.726298" lon="14.957875">
				<ele>586.000000</ele>
			</trkpt>
			<trkpt lat="50.726212" lon="14.957596">
				<ele>583.000000</ele>
			</trkpt>
			<trkpt lat="50.726121" lon="14.957353">
				<ele>581.000000</ele>
			</trkpt>
			<trkpt lat="50.725860" lon="14.956663">
				<ele>576.000000</ele>
			</trkpt>
			<trkpt lat="50.725797" lon="14.956491">
				<ele>575.000000</ele>
			</trkpt>
			<trkpt lat="50.725678" lon="14.956105">
				<ele>573.000000</ele>
			</trkpt>
			<trkpt lat="50.725644" lon="14.955979">
				<ele>572.000000</ele>
			</trkpt>
			<trkpt lat="50.725626" lon="14.955835">
				<ele>572.000000</ele>
			</trkpt>
			<trkpt lat="50.725615" lon="14.955701">
				<ele>571.000000</ele>
			</trkpt>
			<trkpt lat="50.725610" lon="14.955458">
				<ele>570.000000</ele>
			</trkpt>
			<trkpt lat="50.725598" lon="14.955233">
				<ele>568.000000</ele>
			</trkpt>
			<trkpt lat="50.725581" lon="14.955090">
				<ele>567.000000</ele>
			</trkpt>
			<trkpt lat="50.725541" lon="14.954946">
				<ele>566.000000</ele>
			</trkpt>
			<trkpt lat="50.725490" lon="14.954776">
				<ele>565.000000</ele>
			</trkpt>
			<trkpt lat="50.725211" lon="14.954156">
				<ele>562.000000</ele>
			</trkpt>
			<trkpt lat="50.725138" lon="14.954013">
				<ele>561.000000</ele>
			</trkpt>
			<trkpt lat="50.725041" lon="14.953868">
				<ele>560.000000</ele>
			</trkpt>
			<trkpt lat="50.724672" lon="14.953491">
				<ele>555.000000</ele>
			</trkpt>
			<trkpt lat="50.724535" lon="14.953563">
				<ele>555.000000</ele>
			</trkpt>
			<trkpt lat="50.724239" lon="14.953661">
				<ele>556.000000</ele>
			</trkpt>
			<trkpt lat="50.724120" lon="14.953697">
				<ele>556.000000</ele>
			</trkpt>
			<trkpt lat="50.723994" lon="14.953734">
				<ele>557.000000</ele>
			</trkpt>
			<trkpt lat="50.723773" lon="14.953743">
				<ele>557.000000</ele>
			</trkpt>
			<trkpt lat="50.723540" lon="14.953715">
				<ele>558.000000</ele>
			</trkpt>
			<trkpt lat="50.723170" lon="14.953644">
				<ele>559.000000</ele>
			</trkpt>
			<trkpt lat="50.723079" lon="14.953634">
				<ele>559.000000</ele>
			</trkpt>
			<trkpt lat="50.722982" lon="14.953634">
				<ele>559.000000</ele>
			</trkpt>
			<trkpt lat="50.722908" lon="14.953634">
				<ele>560.000000</ele>
			</trkpt>
			<trkpt lat="50.722817" lon="14.953661">
				<ele>560.000000</ele>
			</trkpt>
			<trkpt lat="50.722675" lon="14.953743">
				<ele>560.000000</ele>
			</trkpt>
			<trkpt lat="50.722380" lon="14.953940">
				<ele>560.000000</ele>
			</trkpt>
			<trkpt lat="50.722231" lon="14.954030">
				<ele>560.000000</ele>
			</trkpt>
			<trkpt lat="50.722135" lon="14.954057">
				<ele>560.000000</ele>
			</trkpt>
			<trkpt lat="50.722038" lon="14.954057">
				<ele>560.000000</ele>
			</trkpt>
			<trkpt lat="50.721936" lon="14.954003">
				<ele>560.000000</ele>
			</trkpt>
			<trkpt lat="50.721811" lon="14.953904">
				<ele>560.000000</ele>
			</trkpt>
			<trkpt lat="50.721640" lon="14.953787">
				<ele>560.000000</ele>
			</trkpt>
			<trkpt lat="50.721549" lon="14.953707">
				<ele>560.000000</ele>
			</trkpt>
			<trkpt lat="50.721486" lon="14.953590">
				<ele>560.000000</ele>
			</trkpt>
			<trkpt lat="50.721395" lon="14.953374">
				<ele>559.000000</ele>
			</trkpt>
			<trkpt lat="50.721328" lon="14.953195">
				<ele>559.000000</ele>
			</trkpt>
			<trkpt lat="50.721271" lon="14.953005">
				<ele>558.000000</ele>
			</trkpt>
			<trkpt lat="50.721208" lon="14.952781">
				<ele>557.000000</ele>
			</trkpt>
			<trkpt lat="50.721111" lon="14.952458">
				<ele>556.000000</ele>
			</trkpt>
			<trkpt lat="50.721088" lon="14.952405">
				<ele>555.000000</ele>
			</trkpt>
			<trkpt lat="50.721055" lon="14.952342">
				<ele>555.000000</ele>
			</trkpt>
			<trkpt lat="50.720918" lon="14.952170">
				<ele>554.000000</ele>
			</trkpt>
			<trkpt lat="50.720878" lon="14.952072">
				<ele>554.000000</ele>
			</trkpt>
			<trkpt lat="50.720833" lon="14.951990">
				<ele>553.000000</ele>
			</trkpt>
			<trkpt lat="50.720759" lon="14.951900">
				<ele>553.000000</ele>
			</trkpt>
			<trkpt lat="50.720702" lon="14.951839">
				<ele>552.000000</ele>
			</trkpt>
			<trkpt lat="50.720668" lon="14.951749">
				<ele>552.000000</ele>
			</trkpt>
			<trkpt lat="50.720650" lon="14.951650">
				<ele>551.000000</ele>
			</trkpt>
			<trkpt lat="50.720639" lon="14.951506">
				<ele>551.000000</ele>
			</trkpt>
			<trkpt lat="50.720633" lon="14.951424">
				<ele>550.000000</ele>
			</trkpt>
			<trkpt lat="50.720616" lon="14.951334">
				<ele>550.000000</ele>
			</trkpt>
			<trkpt lat="50.720594" lon="14.951273">
				<ele>550.000000</ele>
			</trkpt>
			<trkpt lat="50.720560" lon="14.951200">
				<ele>550.000000</ele>
			</trkpt>
			<trkpt lat="50.720480" lon="14.951084">
				<ele>549.000000</ele>
			</trkpt>
			<trkpt lat="50.720309" lon="14.950913">
				<ele>548.000000</ele>
			</trkpt>
			<trkpt lat="50.720190" lon="14.950805">
				<ele>548.000000</ele>
			</trkpt>
			<trkpt lat="50.720093" lon="14.950671">
				<ele>547.000000</ele>
			</trkpt>
			<trkpt lat="50.719991" lon="14.950535">
				<ele>546.000000</ele>
			</trkpt>
			<trkpt lat="50.719894" lon="14.950374">
				<ele>546.000000</ele>
			</trkpt>
			<trkpt lat="50.719689" lon="14.950032">
				<ele>544.000000</ele>
			</trkpt>
			<trkpt lat="50.719519" lon="14.949781">
				<ele>543.000000</ele>
			</trkpt>
			<trkpt lat="50.719445" lon="14.949682">
				<ele>543.000000</ele>
			</trkpt>
			<trkpt lat="50.719302" lon="14.949413">
				<ele>542.000000</ele>
			</trkpt>
			<trkpt lat="50.719212" lon="14.949305">
				<ele>541.000000</ele>
			</trkpt>
			<trkpt lat="50.719087" lon="14.949216">
				<ele>540.000000</ele>
			</trkpt>
			<trkpt lat="50.718950" lon="14.949170">
				<ele>540.000000</ele>
			</trkpt>
			<trkpt lat="50.718751" lon="14.949134">
				<ele>539.000000</ele>
			</trkpt>
			<trkpt lat="50.718552" lon="14.949107">
				<ele>538.000000</ele>
			</trkpt>
			<trkpt lat="50.718358" lon="14.949107">
				<ele>538.000000</ele>
			</trkpt>
			<trkpt lat="50.718006" lon="14.949116">
				<ele>536.000000</ele>
			</trkpt>
			<trkpt lat="50.717881" lon="14.949116">
				<ele>536.000000</ele>
			</trkpt>
			<trkpt lat="50.717807" lon="14.949107">
				<ele>536.000000</ele>
			</trkpt>
			<trkpt lat="50.717744" lon="14.949063">
				<ele>535.000000</ele>
			</trkpt>
			<trkpt lat="50.717682" lon="14.949009">
				<ele>535.000000</ele>
			</trkpt>
			<trkpt lat="50.717562" lon="14.948864">
				<ele>534.000000</ele>
			</trkpt>
			<trkpt lat="50.717500" lon="14.948820">
				<ele>533.000000</ele>
			</trkpt>
			<trkpt lat="50.717448" lon="14.948793">
				<ele>532.000000</ele>
			</trkpt>
			<trkpt lat="50.717329" lon="14.948774">
				<ele>531.000000</ele>
			</trkpt>
			<trkpt lat="50.717198" lon="14.948810">
				<ele>530.000000</ele>
			</trkpt>
			<trkpt lat="50.716817" lon="14.948946">
				<ele>526.000000</ele>
			</trkpt>
			<trkpt lat="50.716664" lon="14.948981">
				<ele>525.000000</ele>
			</trkpt>
			<trkpt lat="50.716595" lon="14.948981">
				<ele>524.000000</ele>
			</trkpt>
			<trkpt lat="50.716533" lon="14.948963">
				<ele>524.000000</ele>
			</trkpt>
			<trkpt lat="50.716465" lon="14.948937">
				<ele>524.000000</ele>
			</trkpt>
			<trkpt lat="50.716430" lon="14.948891">
				<ele>524.000000</ele>
			</trkpt>
			<trkpt lat="50.716186" lon="14.948640">
				<ele>523.000000</ele>
			</trkpt>
			<trkpt lat="50.716117" lon="14.948568">
				<ele>522.000000</ele>
			</trkpt>
			<trkpt lat="50.716038" lon="14.948523">
				<ele>522.000000</ele>
			</trkpt>
			<trkpt lat="50.715947" lon="14.948478">
				<ele>521.000000</ele>
			</trkpt>
			<trkpt lat="50.715856" lon="14.948451">
				<ele>521.000000</ele>
			</trkpt>
			<trkpt lat="50.715566" lon="14.948424">
				<ele>520.000000</ele>
			</trkpt>
			<trkpt lat="50.715441" lon="14.948397">
				<ele>519.000000</ele>
			</trkpt>
			<trkpt lat="50.715327" lon="14.948344">
				<ele>519.000000</ele>
			</trkpt>
			<trkpt lat="50.715191" lon="14.948245">
				<ele>518.000000</ele>
			</trkpt>
			<trkpt lat="50.714963" lon="14.948057">
				<ele>517.000000</ele>
			</trkpt>
			<trkpt lat="50.714900" lon="14.948002">
				<ele>517.000000</ele>
			</trkpt>
			<trkpt lat="50.714849" lon="14.947921">
				<ele>516.000000</ele>
			</trkpt>
			<trkpt lat="50.714588" lon="14.947491">
				<ele>515.000000</ele>
			</trkpt>
			<trkpt lat="50.714291" lon="14.947050">
				<ele>513.000000</ele>
			</trkpt>
			<trkpt lat="50.714082" lon="14.946780">
				<ele>512.000000</ele>
			</trkpt>
			<trkpt lat="50.714013" lon="14.946655">
				<ele>511.000000</ele>
			</trkpt>
			<trkpt lat="50.713996" lon="14.946583">
				<ele>511.000000</ele>
			</trkpt>
			<trkpt lat="50.713973" lon="14.946520">
				<ele>511.000000</ele>
			</trkpt>
			<trkpt lat="50.713973" lon="14.946430">
				<ele>510.000000</ele>
			</trkpt>
			<trkpt lat="50.713996" lon="14.946359">
				<ele>510.000000</ele>
			</trkpt>
			<trkpt lat="50.713478" lon="14.946403">
				<ele>504.000000</ele>
			</trkpt>
			<trkpt lat="50.713245" lon="14.946421">
				<ele>501.000000</ele>
			</trkpt>
			<trkpt lat="50.712978" lon="14.946457">
				<ele>497.000000</ele>
			</trkpt>
			<trkpt lat="50.712750" lon="14.946502">
				<ele>494.000000</ele>
			</trkpt>
			<trkpt lat="50.712409" lon="14.946529">
				<ele>490.000000</ele>
			</trkpt>
			<trkpt lat="50.712318" lon="14.946529">
				<ele>489.000000</ele>
			</trkpt>
			<trkpt lat="50.712250" lon="14.946529">
				<ele>489.000000</ele>
			</trkpt>
			<trkpt lat="50.712096" lon="14.946502">
				<ele>488.000000</ele>
			</trkpt>
			<trkpt lat="50.711960" lon="14.946457">
				<ele>487.000000</ele>
			</trkpt>
			<trkpt lat="50.711761" lon="14.946376">
				<ele>485.000000</ele>
			</trkpt>
			<trkpt lat="50.711340" lon="14.946124">
				<ele>483.000000</ele>
			</trkpt>
			<trkpt lat="50.711289" lon="14.946107">
				<ele>482.000000</ele>
			</trkpt>
			<trkpt lat="50.711243" lon="14.946097">
				<ele>482.000000</ele>
			</trkpt>
			<trkpt lat="50.711106" lon="14.946124">
				<ele>481.000000</ele>
			</trkpt>
			<trkpt lat="50.711026" lon="14.946134">
				<ele>481.000000</ele>
			</trkpt>
			<trkpt lat="50.710947" lon="14.946124">
				<ele>480.000000</ele>
			</trkpt>
			<trkpt lat="50.710674" lon="14.946034">
				<ele>478.000000</ele>
			</trkpt>
			<trkpt lat="50.710316" lon="14.945900">
				<ele>476.000000</ele>
			</trkpt>
			<trkpt lat="50.710128" lon="14.945855">
				<ele>475.000000</ele>
			</trkpt>
			<trkpt lat="50.710009" lon="14.945837">
				<ele>474.000000</ele>
			</trkpt>
			<trkpt lat="50.709883" lon="14.945837">
				<ele>474.000000</ele>
			</trkpt>
			<trkpt lat="50.709787" lon="14.945828">
				<ele>473.000000</ele>
			</trkpt>
			<trkpt lat="50.709684" lon="14.945784">
				<ele>473.000000</ele>
			</trkpt>
			<trkpt lat="50.709594" lon="14.945703">
				<ele>472.000000</ele>
			</trkpt>
			<trkpt lat="50.709525" lon="14.945568">
				<ele>472.000000</ele>
			</trkpt>
			<trkpt lat="50.709468" lon="14.945442">
				<ele>471.000000</ele>
			</trkpt>
			<trkpt lat="50.709417" lon="14.945271">
				<ele>471.000000</ele>
			</trkpt>
			<trkpt lat="50.709309" lon="14.944894">
				<ele>469.000000</ele>
			</trkpt>
			<trkpt lat="50.709263" lon="14.944795">
				<ele>468.000000</ele>
			</trkpt>
			<trkpt lat="50.709201" lon="14.944696">
				<ele>467.000000</ele>
			</trkpt>
			<trkpt lat="50.709155" lon="14.944652">
				<ele>467.000000</ele>
			</trkpt>
			<trkpt lat="50.709093" lon="14.944625">
				<ele>466.000000</ele>
			</trkpt>
			<trkpt lat="50.709036" lon="14.944652">
				<ele>465.000000</ele>
			</trkpt>
			<trkpt lat="50.708956" lon="14.944705">
				<ele>464.000000</ele>
			</trkpt>
			<trkpt lat="50.708893" lon="14.944778">
				<ele>462.000000</ele>
			</trkpt>
			<trkpt lat="50.708814" lon="14.944894">
				<ele>459.000000</ele>
			</trkpt>
			<trkpt lat="50.708541" lon="14.945317">
				<ele>452.000000</ele>
			</trkpt>
			<trkpt lat="50.708478" lon="14.945379">
				<ele>451.000000</ele>
			</trkpt>
			<trkpt lat="50.708427" lon="14.945415">
				<ele>450.000000</ele>
			</trkpt>
			<trkpt lat="50.708364" lon="14.945434">
				<ele>449.000000</ele>
			</trkpt>
			<trkpt lat="50.708285" lon="14.945407">
				<ele>447.000000</ele>
			</trkpt>
			<trkpt lat="50.708216" lon="14.945361">
				<ele>445.000000</ele>
			</trkpt>
			<trkpt lat="50.708137" lon="14.945308">
				<ele>443.000000</ele>
			</trkpt>
			<trkpt lat="50.707870" lon="14.945038">
				<ele>437.000000</ele>
			</trkpt>
			<trkpt lat="50.707574" lon="14.944751">
				<ele>432.000000</ele>
			</trkpt>
			<trkpt lat="50.707221" lon="14.944445">
				<ele>427.000000</ele>
			</trkpt>
			<trkpt lat="50.706663" lon="14.944013">
				<ele>420.000000</ele>
			</trkpt>
			<trkpt lat="50.706390" lon="14.943807">
				<ele>418.000000</ele>
			</trkpt>
			<trkpt lat="50.705987" lon="14.943466">
				<ele>414.000000</ele>
			</trkpt>
			<trkpt lat="50.705639" lon="14.943197">
				<ele>412.000000</ele>
			</trkpt>
			<trkpt lat="50.705270" lon="14.942927">
				<ele>410.000000</ele>
			</trkpt>
			<trkpt lat="50.704718" lon="14.942549">
				<ele>408.000000</ele>
			</trkpt>
			<trkpt lat="50.704638" lon="14.942505">
				<ele>408.000000</ele>
			</trkpt>
			<trkpt lat="50.704439" lon="14.942388">
				<ele>407.000000</ele>
			</trkpt>
			<trkpt lat="50.704359" lon="14.942334">
				<ele>407.000000</ele>
			</trkpt>
			<trkpt lat="50.704297" lon="14.941176">
				<ele>405.000000</ele>
			</trkpt>
			<trkpt lat="50.704251" lon="14.940394">
				<ele>404.000000</ele>
			</trkpt>
			<trkpt lat="50.704251" lon="14.939899">
				<ele>403.000000</ele>
			</trkpt>
			<trkpt lat="50.704251" lon="14.939486">
				<ele>403.000000</ele>
			</trkpt>
			<trkpt lat="50.704251" lon="14.939065">
				<ele>402.000000</ele>
			</trkpt>
			<trkpt lat="50.704234" lon="14.938650">
				<ele>402.000000</ele>
			</trkpt>
			<trkpt lat="50.704206" lon="14.938256">
				<ele>402.000000</ele>
			</trkpt>
			<trkpt lat="50.704166" lon="14.937914">
				<ele>401.000000</ele>
			</trkpt>
			<trkpt lat="50.704126" lon="14.937545">
				<ele>401.000000</ele>
			</trkpt>
			<trkpt lat="50.703961" lon="14.936513">
				<ele>400.000000</ele>
			</trkpt>
			<trkpt lat="50.703853" lon="14.935794">
				<ele>399.000000</ele>
			</trkpt>
			<trkpt lat="50.703836" lon="14.935579">
				<ele>399.000000</ele>
			</trkpt>
			<trkpt lat="50.703825" lon="14.935399">
				<ele>399.000000</ele>
			</trkpt>
			<trkpt lat="50.703853" lon="14.935228">
				<ele>399.000000</ele>
			</trkpt>
			<trkpt lat="50.703905" lon="14.934968">
				<ele>398.000000</ele>
			</trkpt>
			<trkpt lat="50.704013" lon="14.934501">
				<ele>398.000000</ele>
			</trkpt>
			<trkpt lat="50.704132" lon="14.934052">
				<ele>397.000000</ele>
			</trkpt>
			<trkpt lat="50.703887" lon="14.933926">
				<ele>397.000000</ele>
			</trkpt>
			<trkpt lat="50.703779" lon="14.933881">
				<ele>397.000000</ele>
			</trkpt>
			<trkpt lat="50.703705" lon="14.933853">
				<ele>397.000000</ele>
			</trkpt>
			<trkpt lat="50.703654" lon="14.933800">
				<ele>397.000000</ele>
			</trkpt>
			<trkpt lat="50.703591" lon="14.933728">
				<ele>397.000000</ele>
			</trkpt>
			<trkpt lat="50.703529" lon="14.933585">
				<ele>397.000000</ele>
			</trkpt>
			<trkpt lat="50.703449" lon="14.933612">
				<ele>397.000000</ele>
			</trkpt>
			<trkpt lat="50.703375" lon="14.933656">
				<ele>397.000000</ele>
			</trkpt>
			<trkpt lat="50.703296" lon="14.933736">
				<ele>397.000000</ele>
			</trkpt>
			<trkpt lat="50.703193" lon="14.933872">
				<ele>397.000000</ele>
			</trkpt>
			<trkpt lat="50.702875" lon="14.934348">
				<ele>396.000000</ele>
			</trkpt>
			<trkpt lat="50.702504" lon="14.934807">
				<ele>396.000000</ele>
			</trkpt>
			<trkpt lat="50.702277" lon="14.935057">
				<ele>396.000000</ele>
			</trkpt>
			<trkpt lat="50.702135" lon="14.935031">
				<ele>396.000000</ele>
			</trkpt>
			<trkpt lat="50.702027" lon="14.934958">
				<ele>396.000000</ele>
			</trkpt>
			<trkpt lat="50.701936" lon="14.934851">
				<ele>396.000000</ele>
			</trkpt>
			<trkpt lat="50.701867" lon="14.934707">
				<ele>396.000000</ele>
			</trkpt>
			<trkpt lat="50.701799" lon="14.934518">
				<ele>396.000000</ele>
			</trkpt>
			<trkpt lat="50.701765" lon="14.934348">
				<ele>395.000000</ele>
			</trkpt>
			<trkpt lat="50.701765" lon="14.934168">
				<ele>395.000000</ele>
			</trkpt>
			<trkpt lat="50.701782" lon="14.933952">
				<ele>395.000000</ele>
			</trkpt>
			<trkpt lat="50.701828" lon="14.933585">
				<ele>395.000000</ele>
			</trkpt>
			<trkpt lat="50.701856" lon="14.933279">
				<ele>395.000000</ele>
			</trkpt>
			<trkpt lat="50.701873" lon="14.932937">
				<ele>395.000000</ele>
			</trkpt>
			<trkpt lat="50.701879" lon="14.932398">
				<ele>395.000000</ele>
			</trkpt>
			<trkpt lat="50.701879" lon="14.932155">
				<ele>395.000000</ele>
			</trkpt>
			<trkpt lat="50.701873" lon="14.931958">
				<ele>395.000000</ele>
			</trkpt>
			<trkpt lat="50.701845" lon="14.931788">
				<ele>395.000000</ele>
			</trkpt>
			<trkpt lat="50.701810" lon="14.931618">
				<ele>394.000000</ele>
			</trkpt>
			<trkpt lat="50.701765" lon="14.931465">
				<ele>393.000000</ele>
			</trkpt>
			<trkpt lat="50.701691" lon="14.931293">
				<ele>392.000000</ele>
			</trkpt>
			<trkpt lat="50.701611" lon="14.931149">
				<ele>391.000000</ele>
			</trkpt>
			<trkpt lat="50.701503" lon="14.930979">
				<ele>389.000000</ele>
			</trkpt>
			<trkpt lat="50.701304" lon="14.930673">
				<ele>386.000000</ele>
			</trkpt>
			<trkpt lat="50.701014" lon="14.930189">
				<ele>386.000000</ele>
			</trkpt>
			<trkpt lat="50.700855" lon="14.929973">
				<ele>386.000000</ele>
			</trkpt>
			<trkpt lat="50.700718" lon="14.929847">
				<ele>386.000000</ele>
			</trkpt>
			<trkpt lat="50.700548" lon="14.929721">
				<ele>385.000000</ele>
			</trkpt>
			<trkpt lat="50.700422" lon="14.929623">
				<ele>385.000000</ele>
			</trkpt>
			<trkpt lat="50.700035" lon="14.929281">
				<ele>384.000000</ele>
			</trkpt>
			<trkpt lat="50.699910" lon="14.929201">
				<ele>384.000000</ele>
			</trkpt>
			<trkpt lat="50.699552" lon="14.928913">
				<ele>382.000000</ele>
			</trkpt>
			<trkpt lat="50.699415" lon="14.928832">
				<ele>382.000000</ele>
			</trkpt>
			<trkpt lat="50.699256" lon="14.928733">
				<ele>381.000000</ele>
			</trkpt>
			<trkpt lat="50.699091" lon="14.928635">
				<ele>380.000000</ele>
			</trkpt>
			<trkpt lat="50.698983" lon="14.928509">
				<ele>380.000000</ele>
			</trkpt>
			<trkpt lat="50.698932" lon="14.928436">
				<ele>379.000000</ele>
			</trkpt>
			<trkpt lat="50.698875" lon="14.928339">
				<ele>379.000000</ele>
			</trkpt>
			<trkpt lat="50.698784" lon="14.928113">
				<ele>379.000000</ele>
			</trkpt>
			<trkpt lat="50.698687" lon="14.927817">
				<ele>378.000000</ele>
			</trkpt>
			<trkpt lat="50.698625" lon="14.927620">
				<ele>377.000000</ele>
			</trkpt>
			<trkpt lat="50.698579" lon="14.927404">
				<ele>377.000000</ele>
			</trkpt>
			<trkpt lat="50.698533" lon="14.927180">
				<ele>376.000000</ele>
			</trkpt>
			<trkpt lat="50.698533" lon="14.926981">
				<ele>376.000000</ele>
			</trkpt>
			<trkpt lat="50.698516" lon="14.926784">
				<ele>376.000000</ele>
			</trkpt>
			<trkpt lat="50.698499" lon="14.926614">
				<ele>375.000000</ele>
			</trkpt>
			<trkpt lat="50.698459" lon="14.926452">
				<ele>375.000000</ele>
			</trkpt>
			<trkpt lat="50.698414" lon="14.926299">
				<ele>375.000000</ele>
			</trkpt>
			<trkpt lat="50.698351" lon="14.926128">
				<ele>375.000000</ele>
			</trkpt>
			<trkpt lat="50.698271" lon="14.925949">
				<ele>375.000000</ele>
			</trkpt>
			<trkpt lat="50.698175" lon="14.925760">
				<ele>375.000000</ele>
			</trkpt>
			<trkpt lat="50.697919" lon="14.925293">
				<ele>375.000000</ele>
			</trkpt>
			<trkpt lat="50.697765" lon="14.925014">
				<ele>375.000000</ele>
			</trkpt>
			<trkpt lat="50.697595" lon="14.924771">
				<ele>375.000000</ele>
			</trkpt>
			<trkpt lat="50.697389" lon="14.924520">
				<ele>375.000000</ele>
			</trkpt>
			<trkpt lat="50.697310" lon="14.924431">
				<ele>375.000000</ele>
			</trkpt>
			<trkpt lat="50.697236" lon="14.924377">
				<ele>375.000000</ele>
			</trkpt>
			<trkpt lat="50.697156" lon="14.924358">
				<ele>375.000000</ele>
			</trkpt>
			<trkpt lat="50.697076" lon="14.924377">
				<ele>375.000000</ele>
			</trkpt>
			<trkpt lat="50.696986" lon="14.924125">
				<ele>375.000000</ele>
			</trkpt>
			<trkpt lat="50.696923" lon="14.923891">
				<ele>375.000000</ele>
			</trkpt>
			<trkpt lat="50.696866" lon="14.923694">
				<ele>375.000000</ele>
			</trkpt>
			<trkpt lat="50.696821" lon="14.923442">
				<ele>375.000000</ele>
			</trkpt>
			<trkpt lat="50.696792" lon="14.923316">
				<ele>375.000000</ele>
			</trkpt>
			<trkpt lat="50.696775" lon="14.923289">
				<ele>375.000000</ele>
			</trkpt>
			<trkpt lat="50.696752" lon="14.923253">
				<ele>375.000000</ele>
			</trkpt>
			<trkpt lat="50.696604" lon="14.923146">
				<ele>375.000000</ele>
			</trkpt>
			<trkpt lat="50.696559" lon="14.923092">
				<ele>375.000000</ele>
			</trkpt>
			<trkpt lat="50.696513" lon="14.923002">
				<ele>375.000000</ele>
			</trkpt>
			<trkpt lat="50.696382" lon="14.922777">
				<ele>374.000000</ele>
			</trkpt>
			<trkpt lat="50.696263" lon="14.922580">
				<ele>374.000000</ele>
			</trkpt>
			<trkpt lat="50.696103" lon="14.922329">
				<ele>374.000000</ele>
			</trkpt>
			<trkpt lat="50.696081" lon="14.922283">
				<ele>374.000000</ele>
			</trkpt>
			<trkpt lat="50.696064" lon="14.922230">
				<ele>374.000000</ele>
			</trkpt>
			<trkpt lat="50.696030" lon="14.922041">
				<ele>374.000000</ele>
			</trkpt>
			<trkpt lat="50.695779" lon="14.921996">
				<ele>374.000000</ele>
			</trkpt>
			<trkpt lat="50.695671" lon="14.921996">
				<ele>374.000000</ele>
			</trkpt>
			<trkpt lat="50.695546" lon="14.922031">
				<ele>374.000000</ele>
			</trkpt>
			<trkpt lat="50.695421" lon="14.922059">
				<ele>374.000000</ele>
			</trkpt>
			<trkpt lat="50.695336" lon="14.922059">
				<ele>374.000000</ele>
			</trkpt>
			<trkpt lat="50.695267" lon="14.922059">
				<ele>374.000000</ele>
			</trkpt>
			<trkpt lat="50.695182" lon="14.922031">
				<ele>374.000000</ele>
			</trkpt>
			<trkpt lat="50.695096" lon="14.921960">
				<ele>374.000000</ele>
			</trkpt>
			<trkpt lat="50.695011" lon="14.921870">
				<ele>374.000000</ele>
			</trkpt>
			<trkpt lat="50.694943" lon="14.921790">
				<ele>374.000000</ele>
			</trkpt>
			<trkpt lat="50.694897" lon="14.921700">
				<ele>374.000000</ele>
			</trkpt>
			<trkpt lat="50.694778" lon="14.921377">
				<ele>374.000000</ele>
			</trkpt>
			<trkpt lat="50.694686" lon="14.921098">
				<ele>374.000000</ele>
			</trkpt>
			<trkpt lat="50.694641" lon="14.920936">
				<ele>374.000000</ele>
			</trkpt>
			<trkpt lat="50.694619" lon="14.920828">
				<ele>374.000000</ele>
			</trkpt>
			<trkpt lat="50.694607" lon="14.920712">
				<ele>373.000000</ele>
			</trkpt>
			<trkpt lat="50.694619" lon="14.920586">
				<ele>373.000000</ele>
			</trkpt>
			<trkpt lat="50.694465" lon="14.920505">
				<ele>373.000000</ele>
			</trkpt>
			<trkpt lat="50.694345" lon="14.920415">
				<ele>373.000000</ele>
			</trkpt>
			<trkpt lat="50.694220" lon="14.920316">
				<ele>373.000000</ele>
			</trkpt>
			<trkpt lat="50.694123" lon="14.920217">
				<ele>373.000000</ele>
			</trkpt>
			<trkpt lat="50.694021" lon="14.920092">
				<ele>373.000000</ele>
			</trkpt>
			<trkpt lat="50.693930" lon="14.919966">
				<ele>373.000000</ele>
			</trkpt>
			<trkpt lat="50.693844" lon="14.919823">
				<ele>373.000000</ele>
			</trkpt>
			<trkpt lat="50.693742" lon="14.919643">
				<ele>373.000000</ele>
			</trkpt>
			<trkpt lat="50.693583" lon="14.919257">
				<ele>374.000000</ele>
			</trkpt>
			<trkpt lat="50.693412" lon="14.918844">
				<ele>374.000000</ele>
			</trkpt>
			<trkpt lat="50.693338" lon="14.918691">
				<ele>374.000000</ele>
			</trkpt>
			<trkpt lat="50.693258" lon="14.918547">
				<ele>374.000000</ele>
			</trkpt>
			<trkpt lat="50.693201" lon="14.918448">
				<ele>374.000000</ele>
			</trkpt>
			<trkpt lat="50.692997" lon="14.918169">
				<ele>374.000000</ele>
			</trkpt>
			<trkpt lat="50.692655" lon="14.917712">
				<ele>374.000000</ele>
			</trkpt>
			<trkpt lat="50.692189" lon="14.917091">
				<ele>373.000000</ele>
			</trkpt>
			<trkpt lat="50.691853" lon="14.916670">
				<ele>372.000000</ele>
			</trkpt>
			<trkpt lat="50.691648" lon="14.916417">
				<ele>372.000000</ele>
			</trkpt>
			<trkpt lat="50.691483" lon="14.916228">
				<ele>371.000000</ele>
			</trkpt>
			<trkpt lat="50.691324" lon="14.916075">
				<ele>371.000000</ele>
			</trkpt>
			<trkpt lat="50.691136" lon="14.915905">
				<ele>371.000000</ele>
			</trkpt>
			<trkpt lat="50.690982" lon="14.915807">
				<ele>370.000000</ele>
			</trkpt>
			<trkpt lat="50.690709" lon="14.915662">
				<ele>370.000000</ele>
			</trkpt>
			<trkpt lat="50.690402" lon="14.915511">
				<ele>370.000000</ele>
			</trkpt>
			<trkpt lat="50.690271" lon="14.915412">
				<ele>370.000000</ele>
			</trkpt>
			<trkpt lat="50.690208" lon="14.915339">
				<ele>370.000000</ele>
			</trkpt>
			<trkpt lat="50.690123" lon="14.915241">
				<ele>370.000000</ele>
			</trkpt>
			<trkpt lat="50.689935" lon="14.914962">
				<ele>370.000000</ele>
			</trkpt>
			<trkpt lat="50.689457" lon="14.914199">
				<ele>370.000000</ele>
			</trkpt>
			<trkpt lat="50.689349" lon="14.914028">
				<ele>370.000000</ele>
			</trkpt>
			<trkpt lat="50.689264" lon="14.913857">
				<ele>370.000000</ele>
			</trkpt>
			<trkpt lat="50.689161" lon="14.913641">
				<ele>370.000000</ele>
			</trkpt>
			<trkpt lat="50.689047" lon="14.913372">
				<ele>370.000000</ele>
			</trkpt>
			<trkpt lat="50.688615" lon="14.912267">
				<ele>370.000000</ele>
			</trkpt>
			<trkpt lat="50.688466" lon="14.911935">
				<ele>370.000000</ele>
			</trkpt>
			<trkpt lat="50.688404" lon="14.911800">
				<ele>370.000000</ele>
			</trkpt>
			<trkpt lat="50.688336" lon="14.911693">
				<ele>370.000000</ele>
			</trkpt>
			<trkpt lat="50.688188" lon="14.911494">
				<ele>370.000000</ele>
			</trkpt>
			<trkpt lat="50.687966" lon="14.911270">
				<ele>370.000000</ele>
			</trkpt>
			<trkpt lat="50.687772" lon="14.911081">
				<ele>370.000000</ele>
			</trkpt>
			<trkpt lat="50.687630" lon="14.910901">
				<ele>370.000000</ele>
			</trkpt>
			<trkpt lat="50.687955" lon="14.910336">
				<ele>367.000000</ele>
			</trkpt>
			<trkpt lat="50.688267" lon="14.909707">
				<ele>365.000000</ele>
			</trkpt>
			<trkpt lat="50.688387" lon="14.909456">
				<ele>365.000000</ele>
			</trkpt>
			<trkpt lat="50.688438" lon="14.909339">
				<ele>364.000000</ele>
			</trkpt>
			<trkpt lat="50.688518" lon="14.909070">
				<ele>364.000000</ele>
			</trkpt>
			<trkpt lat="50.688609" lon="14.908630">
				<ele>364.000000</ele>
			</trkpt>
			<trkpt lat="50.688706" lon="14.908125">
				<ele>364.000000</ele>
			</trkpt>
			<trkpt lat="50.688791" lon="14.907614">
				<ele>363.000000</ele>
			</trkpt>
			<trkpt lat="50.689030" lon="14.906159">
				<ele>362.000000</ele>
			</trkpt>
			<trkpt lat="50.689166" lon="14.905377">
				<ele>362.000000</ele>
			</trkpt>
			<trkpt lat="50.689280" lon="14.904569">
				<ele>361.000000</ele>
			</trkpt>
			<trkpt lat="50.689497" lon="14.903123">
				<ele>360.000000</ele>
			</trkpt>
			<trkpt lat="50.689605" lon="14.902485">
				<ele>360.000000</ele>
			</trkpt>
			<trkpt lat="50.689685" lon="14.901892">
				<ele>360.000000</ele>
			</trkpt>
			<trkpt lat="50.689708" lon="14.901712">
				<ele>360.000000</ele>
			</trkpt>
			<trkpt lat="50.689736" lon="14.901550">
				<ele>360.000000</ele>
			</trkpt>
			<trkpt lat="50.689764" lon="14.901443">
				<ele>360.000000</ele>
			</trkpt>
			<trkpt lat="50.689816" lon="14.901307">
				<ele>360.000000</ele>
			</trkpt>
			<trkpt lat="50.689918" lon="14.901030">
				<ele>360.000000</ele>
			</trkpt>
			<trkpt lat="50.690106" lon="14.900562">
				<ele>360.000000</ele>
			</trkpt>
			<trkpt lat="50.690305" lon="14.900104">
				<ele>360.000000</ele>
			</trkpt>
			<trkpt lat="50.690418" lon="14.899835">
				<ele>360.000000</ele>
			</trkpt>
			<trkpt lat="50.690510" lon="14.899583">
				<ele>360.000000</ele>
			</trkpt>
			<trkpt lat="50.690686" lon="14.898873">
				<ele>361.000000</ele>
			</trkpt>
			<trkpt lat="50.690777" lon="14.898596">
				<ele>361.000000</ele>
			</trkpt>
			<trkpt lat="50.690834" lon="14.898424">
				<ele>362.000000</ele>
			</trkpt>
			<trkpt lat="50.690948" lon="14.898030">
				<ele>362.000000</ele>
			</trkpt>
			<trkpt lat="50.691181" lon="14.897148">
				<ele>364.000000</ele>
			</trkpt>
			<trkpt lat="50.691261" lon="14.896888">
				<ele>364.000000</ele>
			</trkpt>
			<trkpt lat="50.691358" lon="14.896663">
				<ele>365.000000</ele>
			</trkpt>
			<trkpt lat="50.691477" lon="14.896393">
				<ele>365.000000</ele>
			</trkpt>
			<trkpt lat="50.691614" lon="14.896026">
				<ele>365.000000</ele>
			</trkpt>
			<trkpt lat="50.691727" lon="14.895657">
				<ele>365.000000</ele>
			</trkpt>
			<trkpt lat="50.691836" lon="14.895343">
				<ele>365.000000</ele>
			</trkpt>
			<trkpt lat="50.691955" lon="14.895064">
				<ele>365.000000</ele>
			</trkpt>
			<trkpt lat="50.692086" lon="14.894777">
				<ele>365.000000</ele>
			</trkpt>
			<trkpt lat="50.692285" lon="14.894427">
				<ele>365.000000</ele>
			</trkpt>
			<trkpt lat="50.692439" lon="14.894112">
				<ele>365.000000</ele>
			</trkpt>
			<trkpt lat="50.692502" lon="14.893969">
				<ele>365.000000</ele>
			</trkpt>
			<trkpt lat="50.692547" lon="14.893843">
				<ele>365.000000</ele>
			</trkpt>
			<trkpt lat="50.692581" lon="14.893699">
				<ele>365.000000</ele>
			</trkpt>
			<trkpt lat="50.692615" lon="14.893564">
				<ele>365.000000</ele>
			</trkpt>
			<trkpt lat="50.692644" lon="14.893403">
				<ele>365.000000</ele>
			</trkpt>
			<trkpt lat="50.692661" lon="14.893223">
				<ele>365.000000</ele>
			</trkpt>
			<trkpt lat="50.692672" lon="14.893080">
				<ele>365.000000</ele>
			</trkpt>
			<trkpt lat="50.692780" lon="14.892953">
				<ele>364.000000</ele>
			</trkpt>
			<trkpt lat="50.692848" lon="14.892827">
				<ele>363.000000</ele>
			</trkpt>
			<trkpt lat="50.692894" lon="14.892738">
				<ele>362.000000</ele>
			</trkpt>
			<trkpt lat="50.692928" lon="14.892684">
				<ele>362.000000</ele>
			</trkpt>
			<trkpt lat="50.692974" lon="14.892657">
				<ele>361.000000</ele>
			</trkpt>
			<trkpt lat="50.693036" lon="14.892630">
				<ele>360.000000</ele>
			</trkpt>
			<trkpt lat="50.693292" lon="14.892567">
				<ele>359.000000</ele>
			</trkpt>
			<trkpt lat="50.693441" lon="14.892514">
				<ele>359.000000</ele>
			</trkpt>
			<trkpt lat="50.693543" lon="14.892441">
				<ele>358.000000</ele>
			</trkpt>
			<trkpt lat="50.693697" lon="14.892325">
				<ele>358.000000</ele>
			</trkpt>
			<trkpt lat="50.693821" lon="14.892217">
				<ele>357.000000</ele>
			</trkpt>
			<trkpt lat="50.694226" lon="14.891804">
				<ele>355.000000</ele>
			</trkpt>
			<trkpt lat="50.694397" lon="14.891632">
				<ele>355.000000</ele>
			</trkpt>
			<trkpt lat="50.694505" lon="14.891561">
				<ele>354.000000</ele>
			</trkpt>
			<trkpt lat="50.694629" lon="14.891508">
				<ele>354.000000</ele>
			</trkpt>
			<trkpt lat="50.694846" lon="14.891372">
				<ele>353.000000</ele>
			</trkpt>
			<trkpt lat="50.695000" lon="14.891238">
				<ele>352.000000</ele>
			</trkpt>
			<trkpt lat="50.695142" lon="14.891067">
				<ele>352.000000</ele>
			</trkpt>
			<trkpt lat="50.695313" lon="14.890797">
				<ele>351.000000</ele>
			</trkpt>
			<trkpt lat="50.695393" lon="14.890663">
				<ele>350.000000</ele>
			</trkpt>
			<trkpt lat="50.695483" lon="14.890537">
				<ele>350.000000</ele>
			</trkpt>
			<trkpt lat="50.695716" lon="14.890294">
				<ele>349.000000</ele>
			</trkpt>
			<trkpt lat="50.695779" lon="14.890223">
				<ele>348.000000</ele>
			</trkpt>
			<trkpt lat="50.695830" lon="14.890187">
				<ele>348.000000</ele>
			</trkpt>
			<trkpt lat="50.695876" lon="14.890169">
				<ele>348.000000</ele>
			</trkpt>
			<trkpt lat="50.695950" lon="14.890169">
				<ele>347.000000</ele>
			</trkpt>
			<trkpt lat="50.696058" lon="14.890214">
				<ele>345.000000</ele>
			</trkpt>
			<trkpt lat="50.696132" lon="14.890240">
				<ele>345.000000</ele>
			</trkpt>
			<trkpt lat="50.696201" lon="14.890294">
				<ele>345.000000</ele>
			</trkpt>
			<trkpt lat="50.696280" lon="14.890384">
				<ele>345.000000</ele>
			</trkpt>
			<trkpt lat="50.696303" lon="14.890151">
				<ele>346.000000</ele>
			</trkpt>
			<trkpt lat="50.696366" lon="14.889657">
				<ele>346.000000</ele>
			</trkpt>
			<trkpt lat="50.696371" lon="14.889485">
				<ele>347.000000</ele>
			</trkpt>
			<trkpt lat="50.696366" lon="14.889315">
				<ele>347.000000</ele>
			</trkpt>
			<trkpt lat="50.696206" lon="14.887214">
				<ele>350.000000</ele>
			</trkpt>
			<trkpt lat="50.696138" lon="14.886261">
				<ele>350.000000</ele>
			</trkpt>
			<trkpt lat="50.696047" lon="14.885426">
				<ele>350.000000</ele>
			</trkpt>
			<trkpt lat="50.695927" lon="14.884510">
				<ele>350.000000</ele>
			</trkpt>
			<trkpt lat="50.695802" lon="14.883629">
				<ele>350.000000</ele>
			</trkpt>
			<trkpt lat="50.695773" lon="14.883386">
				<ele>350.000000</ele>
			</trkpt>
			<trkpt lat="50.695757" lon="14.883116">
				<ele>350.000000</ele>
			</trkpt>
			<trkpt lat="50.695745" lon="14.882937">
				<ele>350.000000</ele>
			</trkpt>
			<trkpt lat="50.695745" lon="14.882793">
				<ele>350.000000</ele>
			</trkpt>
			<trkpt lat="50.695773" lon="14.882677">
				<ele>350.000000</ele>
			</trkpt>
			<trkpt lat="50.695796" lon="14.882623">
				<ele>350.000000</ele>
			</trkpt>
			<trkpt lat="50.695842" lon="14.882577">
				<ele>350.000000</ele>
			</trkpt>
			<trkpt lat="50.695967" lon="14.882524">
				<ele>350.000000</ele>
			</trkpt>
			<trkpt lat="50.696030" lon="14.882470">
				<ele>350.000000</ele>
			</trkpt>
			<trkpt lat="50.696075" lon="14.882426">
				<ele>350.000000</ele>
			</trkpt>
			<trkpt lat="50.696103" lon="14.882353">
				<ele>350.000000</ele>
			</trkpt>
			<trkpt lat="50.696121" lon="14.882273">
				<ele>350.000000</ele>
			</trkpt>
			<trkpt lat="50.696138" lon="14.882156">
				<ele>350.000000</ele>
			</trkpt>
			<trkpt lat="50.696149" lon="14.881958">
				<ele>350.000000</ele>
			</trkpt>
			<trkpt lat="50.695876" lon="14.881535">
				<ele>349.000000</ele>
			</trkpt>
			<trkpt lat="50.695768" lon="14.881374">
				<ele>347.000000</ele>
			</trkpt>
			<trkpt lat="50.695626" lon="14.881222">
				<ele>345.000000</ele>
			</trkpt>
			<trkpt lat="50.695592" lon="14.881149">
				<ele>344.000000</ele>
			</trkpt>
			<trkpt lat="50.695580" lon="14.881078">
				<ele>344.000000</ele>
			</trkpt>
			<trkpt lat="50.695592" lon="14.880998">
				<ele>344.000000</ele>
			</trkpt>
			<trkpt lat="50.695597" lon="14.880871">
				<ele>343.000000</ele>
			</trkpt>
			<trkpt lat="50.695592" lon="14.880709">
				<ele>342.000000</ele>
			</trkpt>
			<trkpt lat="50.695580" lon="14.880629">
				<ele>342.000000</ele>
			</trkpt>
			<trkpt lat="50.695580" lon="14.880539">
				<ele>342.000000</ele>
			</trkpt>
			<trkpt lat="50.695615" lon="14.880306">
				<ele>340.000000</ele>
			</trkpt>
			<trkpt lat="50.695615" lon="14.880260">
				<ele>340.000000</ele>
			</trkpt>
			<trkpt lat="50.695608" lon="14.880216">
				<ele>340.000000</ele>
			</trkpt>
			<trkpt lat="50.695597" lon="14.880206">
				<ele>340.000000</ele>
			</trkpt>
			<trkpt lat="50.695592" lon="14.880206">
				<ele>340.000000</ele>
			</trkpt>
			<trkpt lat="50.695551" lon="14.880242">
				<ele>337.000000</ele>
			</trkpt>
			<trkpt lat="50.695517" lon="14.880260">
				<ele>335.000000</ele>
			</trkpt>
			<trkpt lat="50.695551" lon="14.880009">
				<ele>335.000000</ele>
			</trkpt>
			<trkpt lat="50.695563" lon="14.879919">
				<ele>335.000000</ele>
			</trkpt>
			<trkpt lat="50.695551" lon="14.879803">
				<ele>335.000000</ele>
			</trkpt>
			<trkpt lat="50.695535" lon="14.879424">
				<ele>334.000000</ele>
			</trkpt>
			<trkpt lat="50.695506" lon="14.879237">
				<ele>332.000000</ele>
			</trkpt>
			<trkpt lat="50.695455" lon="14.879003">
				<ele>331.000000</ele>
			</trkpt>
			<trkpt lat="50.695432" lon="14.878814">
				<ele>330.000000</ele>
			</trkpt>
			<trkpt lat="50.695427" lon="14.878715">
				<ele>330.000000</ele>
			</trkpt>
			<trkpt lat="50.695398" lon="14.878445">
				<ele>330.000000</ele>
			</trkpt>
			<trkpt lat="50.695427" lon="14.878319">
				<ele>330.000000</ele>
			</trkpt>
			<trkpt lat="50.695517" lon="14.877898">
				<ele>330.000000</ele>
			</trkpt>
			<trkpt lat="50.695517" lon="14.877808">
				<ele>330.000000</ele>
			</trkpt>
			<trkpt lat="50.695494" lon="14.877673">
				<ele>330.000000</ele>
			</trkpt>
			<trkpt lat="50.695523" lon="14.877116">
				<ele>330.000000</ele>
			</trkpt>
			<trkpt lat="50.695540" lon="14.876208">
				<ele>329.000000</ele>
			</trkpt>
			<trkpt lat="50.695558" lon="14.875895">
				<ele>329.000000</ele>
			</trkpt>
			<trkpt lat="50.695620" lon="14.875203">
				<ele>328.000000</ele>
			</trkpt>
			<trkpt lat="50.695682" lon="14.874224">
				<ele>327.000000</ele>
			</trkpt>
			<trkpt lat="50.695728" lon="14.873820">
				<ele>327.000000</ele>
			</trkpt>
			<trkpt lat="50.695836" lon="14.873065">
				<ele>326.000000</ele>
			</trkpt>
			<trkpt lat="50.695961" lon="14.872355">
				<ele>325.000000</ele>
			</trkpt>
			<trkpt lat="50.695995" lon="14.872283">
				<ele>325.000000</ele>
			</trkpt>
			<trkpt lat="50.696024" lon="14.872220">
				<ele>325.000000</ele>
			</trkpt>
			<trkpt lat="50.696041" lon="14.872130">
				<ele>325.000000</ele>
			</trkpt>
			<trkpt lat="50.696047" lon="14.872032">
				<ele>325.000000</ele>
			</trkpt>
			<trkpt lat="50.696246" lon="14.871950">
				<ele>325.000000</ele>
			</trkpt>
			<trkpt lat="50.696354" lon="14.871887">
				<ele>325.000000</ele>
			</trkpt>
			<trkpt lat="50.696400" lon="14.871843">
				<ele>325.000000</ele>
			</trkpt>
			<trkpt lat="50.696684" lon="14.871807">
				<ele>325.000000</ele>
			</trkpt>
			<trkpt lat="50.696838" lon="14.871771">
				<ele>324.000000</ele>
			</trkpt>
			<trkpt lat="50.696991" lon="14.871700">
				<ele>324.000000</ele>
			</trkpt>
			<trkpt lat="50.697133" lon="14.871600">
				<ele>324.000000</ele>
			</trkpt>
			<trkpt lat="50.697412" lon="14.871394">
				<ele>324.000000</ele>
			</trkpt>
			<trkpt lat="50.697583" lon="14.871250">
				<ele>324.000000</ele>
			</trkpt>
			<trkpt lat="50.697748" lon="14.871088">
				<ele>324.000000</ele>
			</trkpt>
			<trkpt lat="50.697925" lon="14.870891">
				<ele>324.000000</ele>
			</trkpt>
			<trkpt lat="50.697862" lon="14.870738">
				<ele>324.000000</ele>
			</trkpt>
			<trkpt lat="50.697782" lon="14.870495">
				<ele>324.000000</ele>
			</trkpt>
			<trkpt lat="50.697662" lon="14.870172">
				<ele>324.000000</ele>
			</trkpt>
			<trkpt lat="50.697549" lon="14.869876">
				<ele>324.000000</ele>
			</trkpt>
			<trkpt lat="50.697424" lon="14.869597">
				<ele>324.000000</ele>
			</trkpt>
			<trkpt lat="50.697287" lon="14.869327">
				<ele>323.000000</ele>
			</trkpt>
			<trkpt lat="50.697105" lon="14.868996">
				<ele>323.000000</ele>
			</trkpt>
			<trkpt lat="50.696547" lon="14.868052">
				<ele>323.000000</ele>
			</trkpt>
			<trkpt lat="50.696428" lon="14.867809">
				<ele>323.000000</ele>
			</trkpt>
			<trkpt lat="50.696348" lon="14.867612">
				<ele>323.000000</ele>
			</trkpt>
			<trkpt lat="50.696178" lon="14.867172">
				<ele>323.000000</ele>
			</trkpt>
			<trkpt lat="50.695870" lon="14.866426">
				<ele>322.000000</ele>
			</trkpt>
			<trkpt lat="50.695745" lon="14.866076">
				<ele>322.000000</ele>
			</trkpt>
			<trkpt lat="50.695501" lon="14.865394">
				<ele>322.000000</ele>
			</trkpt>
			<trkpt lat="50.695364" lon="14.865042">
				<ele>322.000000</ele>
			</trkpt>
			<trkpt lat="50.695256" lon="14.864809">
				<ele>322.000000</ele>
			</trkpt>
			<trkpt lat="50.695114" lon="14.864558">
				<ele>322.000000</ele>
			</trkpt>
			<trkpt lat="50.695022" lon="14.864387">
				<ele>322.000000</ele>
			</trkpt>
			<trkpt lat="50.694960" lon="14.864234">
				<ele>322.000000</ele>
			</trkpt>
			<trkpt lat="50.694926" lon="14.864063">
				<ele>322.000000</ele>
			</trkpt>
			<trkpt lat="50.694886" lon="14.863821">
				<ele>321.000000</ele>
			</trkpt>
			<trkpt lat="50.694430" lon="14.863390">
				<ele>321.000000</ele>
			</trkpt>
			<trkpt lat="50.694095" lon="14.863094">
				<ele>321.000000</ele>
			</trkpt>
			<trkpt lat="50.693924" lon="14.862905">
				<ele>321.000000</ele>
			</trkpt>
			<trkpt lat="50.693844" lon="14.862805">
				<ele>321.000000</ele>
			</trkpt>
			<trkpt lat="50.693788" lon="14.862734">
				<ele>321.000000</ele>
			</trkpt>
			<trkpt lat="50.693754" lon="14.862662">
				<ele>321.000000</ele>
			</trkpt>
			<trkpt lat="50.693725" lon="14.862564">
				<ele>321.000000</ele>
			</trkpt>
			<trkpt lat="50.693628" lon="14.862096">
				<ele>321.000000</ele>
			</trkpt>
			<trkpt lat="50.693566" lon="14.861889">
				<ele>321.000000</ele>
			</trkpt>
			<trkpt lat="50.693526" lon="14.861800">
				<ele>321.000000</ele>
			</trkpt>
			<trkpt lat="50.693480" lon="14.861719">
				<ele>321.000000</ele>
			</trkpt>
			<trkpt lat="50.693395" lon="14.861593">
				<ele>320.000000</ele>
			</trkpt>
			<trkpt lat="50.693264" lon="14.861450">
				<ele>320.000000</ele>
			</trkpt>
			<trkpt lat="50.693196" lon="14.861404">
				<ele>320.000000</ele>
			</trkpt>
			<trkpt lat="50.693133" lon="14.861396">
				<ele>320.000000</ele>
			</trkpt>
			<trkpt lat="50.693070" lon="14.861396">
				<ele>320.000000</ele>
			</trkpt>
			<trkpt lat="50.692917" lon="14.861423">
				<ele>320.000000</ele>
			</trkpt>
			<trkpt lat="50.692684" lon="14.861450">
				<ele>320.000000</ele>
			</trkpt>
			<trkpt lat="50.692610" lon="14.861440">
				<ele>320.000000</ele>
			</trkpt>
			<trkpt lat="50.692519" lon="14.861404">
				<ele>320.000000</ele>
			</trkpt>
			<trkpt lat="50.692359" lon="14.861315">
				<ele>320.000000</ele>
			</trkpt>
			<trkpt lat="50.692240" lon="14.861216">
				<ele>320.000000</ele>
			</trkpt>
			<trkpt lat="50.692143" lon="14.861054">
				<ele>320.000000</ele>
			</trkpt>
			<trkpt lat="50.692052" lon="14.860857">
				<ele>320.000000</ele>
			</trkpt>
			<trkpt lat="50.691972" lon="14.860632">
				<ele>320.000000</ele>
			</trkpt>
			<trkpt lat="50.691836" lon="14.860210">
				<ele>321.000000</ele>
			</trkpt>
			<trkpt lat="50.692012" lon="14.859976">
				<ele>321.000000</ele>
			</trkpt>
			<trkpt lat="50.691944" lon="14.859851">
				<ele>321.000000</ele>
			</trkpt>
			<trkpt lat="50.692040" lon="14.859752">
				<ele>321.000000</ele>
			</trkpt>
			<trkpt lat="50.692228" lon="14.859500">
				<ele>321.000000</ele>
			</trkpt>
			<trkpt lat="50.692370" lon="14.859329">
				<ele>320.000000</ele>
			</trkpt>
			<trkpt lat="50.692525" lon="14.859186">
				<ele>320.000000</ele>
			</trkpt>
			<trkpt lat="50.692678" lon="14.859060">
				<ele>320.000000</ele>
			</trkpt>
			<trkpt lat="50.692985" lon="14.858863">
				<ele>320.000000</ele>
			</trkpt>
			<trkpt lat="50.693463" lon="14.858521">
				<ele>320.000000</ele>
			</trkpt>
			<trkpt lat="50.694009" lon="14.858180">
				<ele>320.000000</ele>
			</trkpt>
			<trkpt lat="50.694306" lon="14.857991">
				<ele>320.000000</ele>
			</trkpt>
			<trkpt lat="50.694397" lon="14.857920">
				<ele>319.000000</ele>
			</trkpt>
			<trkpt lat="50.694476" lon="14.857847">
				<ele>319.000000</ele>
			</trkpt>
			<trkpt lat="50.694556" lon="14.857748">
				<ele>319.000000</ele>
			</trkpt>
			<trkpt lat="50.694619" lon="14.857668">
				<ele>319.000000</ele>
			</trkpt>
			<trkpt lat="50.694693" lon="14.857542">
				<ele>319.000000</ele>
			</trkpt>
			<trkpt lat="50.694755" lon="14.857408">
				<ele>319.000000</ele>
			</trkpt>
			<trkpt lat="50.694835" lon="14.857182">
				<ele>319.000000</ele>
			</trkpt>
			<trkpt lat="50.694908" lon="14.856968">
				<ele>319.000000</ele>
			</trkpt>
			<trkpt lat="50.694960" lon="14.856760">
				<ele>319.000000</ele>
			</trkpt>
			<trkpt lat="50.695006" lon="14.856545">
				<ele>319.000000</ele>
			</trkpt>
			<trkpt lat="50.695022" lon="14.856329">
				<ele>319.000000</ele>
			</trkpt>
			<trkpt lat="50.695039" lon="14.856096">
				<ele>319.000000</ele>
			</trkpt>
			<trkpt lat="50.695051" lon="14.855826">
				<ele>319.000000</ele>
			</trkpt>
			<trkpt lat="50.695039" lon="14.855557">
				<ele>319.000000</ele>
			</trkpt>
			<trkpt lat="50.695022" lon="14.855090">
				<ele>319.000000</ele>
			</trkpt>
			<trkpt lat="50.694983" lon="14.854425">
				<ele>319.000000</ele>
			</trkpt>
			<trkpt lat="50.694983" lon="14.854182">
				<ele>319.000000</ele>
			</trkpt>
			<trkpt lat="50.694994" lon="14.853913">
				<ele>318.000000</ele>
			</trkpt>
			<trkpt lat="50.695000" lon="14.853796">
				<ele>318.000000</ele>
			</trkpt>
			<trkpt lat="50.695028" lon="14.853033">
				<ele>318.000000</ele>
			</trkpt>
			<trkpt lat="50.694971" lon="14.852763">
				<ele>318.000000</ele>
			</trkpt>
			<trkpt lat="50.694988" lon="14.852260">
				<ele>318.000000</ele>
			</trkpt>
			<trkpt lat="50.695000" lon="14.851999">
				<ele>318.000000</ele>
			</trkpt>
			<trkpt lat="50.694971" lon="14.851676">
				<ele>318.000000</ele>
			</trkpt>
			<trkpt lat="50.694937" lon="14.851289">
				<ele>318.000000</ele>
			</trkpt>
			<trkpt lat="50.694698" lon="14.848873">
				<ele>317.000000</ele>
			</trkpt>
			<trkpt lat="50.694686" lon="14.848702">
				<ele>317.000000</ele>
			</trkpt>
			<trkpt lat="50.694709" lon="14.848532">
				<ele>317.000000</ele>
			</trkpt>
			<trkpt lat="50.694766" lon="14.847427">
				<ele>317.000000</ele>
			</trkpt>
			<trkpt lat="50.694846" lon="14.846448">
				<ele>317.000000</ele>
			</trkpt>
			<trkpt lat="50.694954" lon="14.845477">
				<ele>317.000000</ele>
			</trkpt>
			<trkpt lat="50.694926" lon="14.845433">
				<ele>316.000000</ele>
			</trkpt>
			<trkpt lat="50.694920" lon="14.845387">
				<ele>316.000000</ele>
			</trkpt>
			<trkpt lat="50.694920" lon="14.845316">
				<ele>316.000000</ele>
			</trkpt>
			<trkpt lat="50.694937" lon="14.845217">
				<ele>316.000000</ele>
			</trkpt>
			<trkpt lat="50.694971" lon="14.844804">
				<ele>316.000000</ele>
			</trkpt>
			<trkpt lat="50.695000" lon="14.844184">
				<ele>316.000000</ele>
			</trkpt>
			<trkpt lat="50.695006" lon="14.844041">
				<ele>316.000000</ele>
			</trkpt>
			<trkpt lat="50.695022" lon="14.843915">
				<ele>316.000000</ele>
			</trkpt>
			<trkpt lat="50.695114" lon="14.843565">
				<ele>316.000000</ele>
			</trkpt>
			<trkpt lat="50.695148" lon="14.843402">
				<ele>316.000000</ele>
			</trkpt>
			<trkpt lat="50.695301" lon="14.842657">
				<ele>316.000000</ele>
			</trkpt>
			<trkpt lat="50.695393" lon="14.842226">
				<ele>316.000000</ele>
			</trkpt>
			<trkpt lat="50.695506" lon="14.841857">
				<ele>316.000000</ele>
			</trkpt>
			<trkpt lat="50.695586" lon="14.841624">
				<ele>316.000000</ele>
			</trkpt>
			<trkpt lat="50.695643" lon="14.841481">
				<ele>316.000000</ele>
			</trkpt>
			<trkpt lat="50.695694" lon="14.841318">
				<ele>316.000000</ele>
			</trkpt>
			<trkpt lat="50.695734" lon="14.841211">
				<ele>315.000000</ele>
			</trkpt>
			<trkpt lat="50.695615" lon="14.841211">
				<ele>316.000000</ele>
			</trkpt>
			<trkpt lat="50.695563" lon="14.841238">
				<ele>316.000000</ele>
			</trkpt>
			<trkpt lat="50.695091" lon="14.841481">
				<ele>316.000000</ele>
			</trkpt>
			<trkpt lat="50.694562" lon="14.841768">
				<ele>317.000000</ele>
			</trkpt>
			<trkpt lat="50.694328" lon="14.841894">
				<ele>317.000000</ele>
			</trkpt>
			<trkpt lat="50.694175" lon="14.841983">
				<ele>317.000000</ele>
			</trkpt>
			<trkpt lat="50.694015" lon="14.842020">
				<ele>318.000000</ele>
			</trkpt>
			<trkpt lat="50.693856" lon="14.842055">
				<ele>318.000000</ele>
			</trkpt>
			<trkpt lat="50.693663" lon="14.842055">
				<ele>318.000000</ele>
			</trkpt>
			<trkpt lat="50.693509" lon="14.842028">
				<ele>318.000000</ele>
			</trkpt>
			<trkpt lat="50.693367" lon="14.841992">
				<ele>318.000000</ele>
			</trkpt>
			<trkpt lat="50.693230" lon="14.841938">
				<ele>319.000000</ele>
			</trkpt>
			<trkpt lat="50.693099" lon="14.841884">
				<ele>319.000000</ele>
			</trkpt>
			<trkpt lat="50.692604" lon="14.841605">
				<ele>319.000000</ele>
			</trkpt>
			<trkpt lat="50.692393" lon="14.841489">
				<ele>320.000000</ele>
			</trkpt>
			<trkpt lat="50.692223" lon="14.841408">
				<ele>320.000000</ele>
			</trkpt>
			<trkpt lat="50.692047" lon="14.841364">
				<ele>320.000000</ele>
			</trkpt>
			<trkpt lat="50.691864" lon="14.841336">
				<ele>320.000000</ele>
			</trkpt>
			<trkpt lat="50.691614" lon="14.841336">
				<ele>320.000000</ele>
			</trkpt>
			<trkpt lat="50.691397" lon="14.841364">
				<ele>320.000000</ele>
			</trkpt>
			<trkpt lat="50.691210" lon="14.841435">
				<ele>320.000000</ele>
			</trkpt>
			<trkpt lat="50.691022" lon="14.841525">
				<ele>321.000000</ele>
			</trkpt>
			<trkpt lat="50.690976" lon="14.841408">
				<ele>321.000000</ele>
			</trkpt>
			<trkpt lat="50.690931" lon="14.841301">
				<ele>321.000000</ele>
			</trkpt>
			<trkpt lat="50.690868" lon="14.841184">
				<ele>322.000000</ele>
			</trkpt>
			<trkpt lat="50.690811" lon="14.841102">
				<ele>322.000000</ele>
			</trkpt>
			<trkpt lat="50.690760" lon="14.841013">
				<ele>322.000000</ele>
			</trkpt>
			<trkpt lat="50.690732" lon="14.840941">
				<ele>322.000000</ele>
			</trkpt>
			<trkpt lat="50.690703" lon="14.840869">
				<ele>323.000000</ele>
			</trkpt>
			<trkpt lat="50.690697" lon="14.840789">
				<ele>323.000000</ele>
			</trkpt>
			<trkpt lat="50.690658" lon="14.840573">
				<ele>324.000000</ele>
			</trkpt>
			<trkpt lat="50.690612" lon="14.840366">
				<ele>324.000000</ele>
			</trkpt>
			<trkpt lat="50.690561" lon="14.840169">
				<ele>325.000000</ele>
			</trkpt>
			<trkpt lat="50.690487" lon="14.839980">
				<ele>325.000000</ele>
			</trkpt>
			<trkpt lat="50.690129" lon="14.840240">
				<ele>325.000000</ele>
			</trkpt>
			<trkpt lat="50.689832" lon="14.840439">
				<ele>325.000000</ele>
			</trkpt>
			<trkpt lat="50.689173" lon="14.840878">
				<ele>325.000000</ele>
			</trkpt>
			<trkpt lat="50.688905" lon="14.841022">
				<ele>325.000000</ele>
			</trkpt>
			<trkpt lat="50.688660" lon="14.841121">
				<ele>325.000000</ele>
			</trkpt>
			<trkpt lat="50.688450" lon="14.841165">
				<ele>325.000000</ele>
			</trkpt>
			<trkpt lat="50.688233" lon="14.841175">
				<ele>325.000000</ele>
			</trkpt>
			<trkpt lat="50.687926" lon="14.841139">
				<ele>325.000000</ele>
			</trkpt>
			<trkpt lat="50.687772" lon="14.841112">
				<ele>325.000000</ele>
			</trkpt>
			<trkpt lat="50.687448" lon="14.841022">
				<ele>325.000000</ele>
			</trkpt>
			<trkpt lat="50.687278" lon="14.840959">
				<ele>325.000000</ele>
			</trkpt>
			<trkpt lat="50.687118" lon="14.840888">
				<ele>325.000000</ele>
			</trkpt>
			<trkpt lat="50.686600" lon="14.840034">
				<ele>330.000000</ele>
			</trkpt>
			<trkpt lat="50.686258" lon="14.839531">
				<ele>330.000000</ele>
			</trkpt>
			<trkpt lat="50.685974" lon="14.839135">
				<ele>331.000000</ele>
			</trkpt>
			<trkpt lat="50.685439" lon="14.838498">
				<ele>332.000000</ele>
			</trkpt>
			<trkpt lat="50.685052" lon="14.838022">
				<ele>332.000000</ele>
			</trkpt>
			<trkpt lat="50.684881" lon="14.837823">
				<ele>332.000000</ele>
			</trkpt>
			<trkpt lat="50.684711" lon="14.837636">
				<ele>332.000000</ele>
			</trkpt>
			<trkpt lat="50.684522" lon="14.837483">
				<ele>333.000000</ele>
			</trkpt>
			<trkpt lat="50.684277" lon="14.837330">
				<ele>333.000000</ele>
			</trkpt>
			<trkpt lat="50.683874" lon="14.837106">
				<ele>333.000000</ele>
			</trkpt>
			<trkpt lat="50.683054" lon="14.836683">
				<ele>334.000000</ele>
			</trkpt>
			<trkpt lat="50.682547" lon="14.836395">
				<ele>335.000000</ele>
			</trkpt>
			<trkpt lat="50.682047" lon="14.836135">
				<ele>336.000000</ele>
			</trkpt>
			<trkpt lat="50.681910" lon="14.836045">
				<ele>337.000000</ele>
			</trkpt>
			<trkpt lat="50.681785" lon="14.835946">
				<ele>338.000000</ele>
			</trkpt>
			<trkpt lat="50.681676" lon="14.835848">
				<ele>338.000000</ele>
			</trkpt>
			<trkpt lat="50.681426" lon="14.835649">
				<ele>340.000000</ele>
			</trkpt>
			<trkpt lat="50.681318" lon="14.835552">
				<ele>340.000000</ele>
			</trkpt>
			<trkpt lat="50.681261" lon="14.835479">
				<ele>341.000000</ele>
			</trkpt>
			<trkpt lat="50.681216" lon="14.835399">
				<ele>341.000000</ele>
			</trkpt>
			<trkpt lat="50.681170" lon="14.835299">
				<ele>341.000000</ele>
			</trkpt>
			<trkpt lat="50.681153" lon="14.835200">
				<ele>342.000000</ele>
			</trkpt>
			<trkpt lat="50.681130" lon="14.835075">
				<ele>342.000000</ele>
			</trkpt>
			<trkpt lat="50.681102" lon="14.834850">
				<ele>343.000000</ele>
			</trkpt>
			<trkpt lat="50.681074" lon="14.834752">
				<ele>344.000000</ele>
			</trkpt>
			<trkpt lat="50.681039" lon="14.834680">
				<ele>344.000000</ele>
			</trkpt>
			<trkpt lat="50.681011" lon="14.834617">
				<ele>344.000000</ele>
			</trkpt>
			<trkpt lat="50.680965" lon="14.834554">
				<ele>345.000000</ele>
			</trkpt>
			<trkpt lat="50.680908" lon="14.834509">
				<ele>345.000000</ele>
			</trkpt>
			<trkpt lat="50.680857" lon="14.834464">
				<ele>345.000000</ele>
			</trkpt>
			<trkpt lat="50.680766" lon="14.834410">
				<ele>346.000000</ele>
			</trkpt>
			<trkpt lat="50.680703" lon="14.834383">
				<ele>347.000000</ele>
			</trkpt>
			<trkpt lat="50.680652" lon="14.834366">
				<ele>347.000000</ele>
			</trkpt>
			<trkpt lat="50.680589" lon="14.834383">
				<ele>348.000000</ele>
			</trkpt>
			<trkpt lat="50.680624" lon="14.834221">
				<ele>349.000000</ele>
			</trkpt>
			<trkpt lat="50.680652" lon="14.834123">
				<ele>349.000000</ele>
			</trkpt>
			<trkpt lat="50.680686" lon="14.834041">
				<ele>350.000000</ele>
			</trkpt>
			<trkpt lat="50.680732" lon="14.833970">
				<ele>350.000000</ele>
			</trkpt>
			<trkpt lat="50.680840" lon="14.833817">
				<ele>350.000000</ele>
			</trkpt>
			<trkpt lat="50.681119" lon="14.833485">
				<ele>346.000000</ele>
			</trkpt>
			<trkpt lat="50.681511" lon="14.832938">
				<ele>345.000000</ele>
			</trkpt>
			<trkpt lat="50.681751" lon="14.832569">
				<ele>345.000000</ele>
			</trkpt>
			<trkpt lat="50.681836" lon="14.832425">
				<ele>346.000000</ele>
			</trkpt>
			<trkpt lat="50.681882" lon="14.832326">
				<ele>347.000000</ele>
			</trkpt>
			<trkpt lat="50.681916" lon="14.832209">
				<ele>348.000000</ele>
			</trkpt>
			<trkpt lat="50.681933" lon="14.832102">
				<ele>349.000000</ele>
			</trkpt>
			<trkpt lat="50.681950" lon="14.832012">
				<ele>349.000000</ele>
			</trkpt>
			<trkpt lat="50.681950" lon="14.831896">
				<ele>350.000000</ele>
			</trkpt>
			<trkpt lat="50.681950" lon="14.831177">
				<ele>354.000000</ele>
			</trkpt>
			<trkpt lat="50.681950" lon="14.830880">
				<ele>356.000000</ele>
			</trkpt>
			<trkpt lat="50.681955" lon="14.830584">
				<ele>358.000000</ele>
			</trkpt>
			<trkpt lat="50.681984" lon="14.830315">
				<ele>360.000000</ele>
			</trkpt>
			<trkpt lat="50.682012" lon="14.829973">
				<ele>363.000000</ele>
			</trkpt>
			<trkpt lat="50.682035" lon="14.829775">
				<ele>365.000000</ele>
			</trkpt>
			<trkpt lat="50.682075" lon="14.829596">
				<ele>367.000000</ele>
			</trkpt>
			<trkpt lat="50.682115" lon="14.829433">
				<ele>369.000000</ele>
			</trkpt>
			<trkpt lat="50.682172" lon="14.829290">
				<ele>370.000000</ele>
			</trkpt>
			<trkpt lat="50.682218" lon="14.829209">
				<ele>371.000000</ele>
			</trkpt>
			<trkpt lat="50.682263" lon="14.829137">
				<ele>371.000000</ele>
			</trkpt>
			<trkpt lat="50.682314" lon="14.829083">
				<ele>371.000000</ele>
			</trkpt>
			<trkpt lat="50.682376" lon="14.829038">
				<ele>372.000000</ele>
			</trkpt>
			<trkpt lat="50.682479" lon="14.828984">
				<ele>372.000000</ele>
			</trkpt>
			<trkpt lat="50.682684" lon="14.828886">
				<ele>373.000000</ele>
			</trkpt>
			<trkpt lat="50.682946" lon="14.828796">
				<ele>375.000000</ele>
			</trkpt>
			<trkpt lat="50.683088" lon="14.828751">
				<ele>374.000000</ele>
			</trkpt>
			<trkpt lat="50.683197" lon="14.828707">
				<ele>373.000000</ele>
			</trkpt>
			<trkpt lat="50.683276" lon="14.828652">
				<ele>372.000000</ele>
			</trkpt>
			<trkpt lat="50.683350" lon="14.828580">
				<ele>371.000000</ele>
			</trkpt>
			<trkpt lat="50.683412" lon="14.828481">
				<ele>370.000000</ele>
			</trkpt>
			<trkpt lat="50.683481" lon="14.828355">
				<ele>370.000000</ele>
			</trkpt>
			<trkpt lat="50.683555" lon="14.828202">
				<ele>370.000000</ele>
			</trkpt>
			<trkpt lat="50.683629" lon="14.827988">
				<ele>370.000000</ele>
			</trkpt>
			<trkpt lat="50.683589" lon="14.827736">
				<ele>370.000000</ele>
			</trkpt>
			<trkpt lat="50.683583" lon="14.827538">
				<ele>370.000000</ele>
			</trkpt>
			<trkpt lat="50.683589" lon="14.827332">
				<ele>370.000000</ele>
			</trkpt>
			<trkpt lat="50.683623" lon="14.827053">
				<ele>370.000000</ele>
			</trkpt>
			<trkpt lat="50.683783" lon="14.825804">
				<ele>371.000000</ele>
			</trkpt>
			<trkpt lat="50.683902" lon="14.825095">
				<ele>372.000000</ele>
			</trkpt>
			<trkpt lat="50.684044" lon="14.824359">
				<ele>373.000000</ele>
			</trkpt>
			<trkpt lat="50.684062" lon="14.824259">
				<ele>374.000000</ele>
			</trkpt>
			<trkpt lat="50.684090" lon="14.824187">
				<ele>374.000000</ele>
			</trkpt>
			<trkpt lat="50.684124" lon="14.824133">
				<ele>374.000000</ele>
			</trkpt>
			<trkpt lat="50.684153" lon="14.824089">
				<ele>374.000000</ele>
			</trkpt>
			<trkpt lat="50.684198" lon="14.824053">
				<ele>374.000000</ele>
			</trkpt>
			<trkpt lat="50.684244" lon="14.824017">
				<ele>374.000000</ele>
			</trkpt>
			<trkpt lat="50.684323" lon="14.823856">
				<ele>375.000000</ele>
			</trkpt>
			<trkpt lat="50.684466" lon="14.823613">
				<ele>376.000000</ele>
			</trkpt>
			<trkpt lat="50.684665" lon="14.823325">
				<ele>381.000000</ele>
			</trkpt>
			<trkpt lat="50.684898" lon="14.823011">
				<ele>384.000000</ele>
			</trkpt>
			<trkpt lat="50.685120" lon="14.822741">
				<ele>386.000000</ele>
			</trkpt>
			<trkpt lat="50.685342" lon="14.822489">
				<ele>387.000000</ele>
			</trkpt>
			<trkpt lat="50.685576" lon="14.822248">
				<ele>389.000000</ele>
			</trkpt>
			<trkpt lat="50.685769" lon="14.822095">
				<ele>390.000000</ele>
			</trkpt>
			<trkpt lat="50.685894" lon="14.821986">
				<ele>390.000000</ele>
			</trkpt>
			<trkpt lat="50.686020" lon="14.821906">
				<ele>391.000000</ele>
			</trkpt>
			<trkpt lat="50.686134" lon="14.821852">
				<ele>391.000000</ele>
			</trkpt>
			<trkpt lat="50.686270" lon="14.821807">
				<ele>391.000000</ele>
			</trkpt>
			<trkpt lat="50.686469" lon="14.821780">
				<ele>391.000000</ele>
			</trkpt>
			<trkpt lat="50.686879" lon="14.821770">
				<ele>392.000000</ele>
			</trkpt>
			<trkpt lat="50.687072" lon="14.821762">
				<ele>393.000000</ele>
			</trkpt>
			<trkpt lat="50.687152" lon="14.821564">
				<ele>393.000000</ele>
			</trkpt>
			<trkpt lat="50.687215" lon="14.821430">
				<ele>393.000000</ele>
			</trkpt>
			<trkpt lat="50.687283" lon="14.821349">
				<ele>393.000000</ele>
			</trkpt>
			<trkpt lat="50.687368" lon="14.821259">
				<ele>393.000000</ele>
			</trkpt>
			<trkpt lat="50.687573" lon="14.821061">
				<ele>394.000000</ele>
			</trkpt>
			<trkpt lat="50.687647" lon="14.821026">
				<ele>394.000000</ele>
			</trkpt>
			<trkpt lat="50.687727" lon="14.820990">
				<ele>394.000000</ele>
			</trkpt>
			<trkpt lat="50.687841" lon="14.820954">
				<ele>394.000000</ele>
			</trkpt>
			<trkpt lat="50.687966" lon="14.820908">
				<ele>395.000000</ele>
			</trkpt>
			<trkpt lat="50.688086" lon="14.820891">
				<ele>395.000000</ele>
			</trkpt>
			<trkpt lat="50.688165" lon="14.820891">
				<ele>395.000000</ele>
			</trkpt>
			<trkpt lat="50.688239" lon="14.820864">
				<ele>395.000000</ele>
			</trkpt>
			<trkpt lat="50.688290" lon="14.820837">
				<ele>394.000000</ele>
			</trkpt>
			<trkpt lat="50.688336" lon="14.820791">
				<ele>394.000000</ele>
			</trkpt>
			<trkpt lat="50.688598" lon="14.820495">
				<ele>391.000000</ele>
			</trkpt>
			<trkpt lat="50.688831" lon="14.820225">
				<ele>390.000000</ele>
			</trkpt>
			<trkpt lat="50.689008" lon="14.820038">
				<ele>389.000000</ele>
			</trkpt>
			<trkpt lat="50.689161" lon="14.819929">
				<ele>389.000000</ele>
			</trkpt>
			<trkpt lat="50.689252" lon="14.819885">
				<ele>388.000000</ele>
			</trkpt>
			<trkpt lat="50.689343" lon="14.819858">
				<ele>388.000000</ele>
			</trkpt>
			<trkpt lat="50.689628" lon="14.819795">
				<ele>387.000000</ele>
			</trkpt>
			<trkpt lat="50.689764" lon="14.819768">
				<ele>387.000000</ele>
			</trkpt>
			<trkpt lat="50.689918" lon="14.819696">
				<ele>387.000000</ele>
			</trkpt>
			<trkpt lat="50.690242" lon="14.819543">
				<ele>386.000000</ele>
			</trkpt>
			<trkpt lat="50.690441" lon="14.819472">
				<ele>385.000000</ele>
			</trkpt>
			<trkpt lat="50.690635" lon="14.819426">
				<ele>384.000000</ele>
			</trkpt>
			<trkpt lat="50.691022" lon="14.819409">
				<ele>381.000000</ele>
			</trkpt>
			<trkpt lat="50.691141" lon="14.819382">
				<ele>380.000000</ele>
			</trkpt>
			<trkpt lat="50.691267" lon="14.819336">
				<ele>379.000000</ele>
			</trkpt>
			<trkpt lat="50.691426" lon="14.819256">
				<ele>378.000000</ele>
			</trkpt>
			<trkpt lat="50.691562" lon="14.819166">
				<ele>377.000000</ele>
			</trkpt>
			<trkpt lat="50.691967" lon="14.818824">
				<ele>374.000000</ele>
			</trkpt>
			<trkpt lat="50.692137" lon="14.818680">
				<ele>372.000000</ele>
			</trkpt>
			<trkpt lat="50.692416" lon="14.818528">
				<ele>369.000000</ele>
			</trkpt>
			<trkpt lat="50.692496" lon="14.818438">
				<ele>368.000000</ele>
			</trkpt>
			<trkpt lat="50.692558" lon="14.818340">
				<ele>367.000000</ele>
			</trkpt>
			<trkpt lat="50.692621" lon="14.818214">
				<ele>367.000000</ele>
			</trkpt>
			<trkpt lat="50.692729" lon="14.817927">
				<ele>365.000000</ele>
			</trkpt>
			<trkpt lat="50.692820" lon="14.817755">
				<ele>363.000000</ele>
			</trkpt>
			<trkpt lat="50.692900" lon="14.817630">
				<ele>361.000000</ele>
			</trkpt>
			<trkpt lat="50.692991" lon="14.817522">
				<ele>360.000000</ele>
			</trkpt>
			<trkpt lat="50.693088" lon="14.817378">
				<ele>358.000000</ele>
			</trkpt>
			<trkpt lat="50.693338" lon="14.816965">
				<ele>355.000000</ele>
			</trkpt>
			<trkpt lat="50.693520" lon="14.816722">
				<ele>353.000000</ele>
			</trkpt>
			<trkpt lat="50.693589" lon="14.816623">
				<ele>352.000000</ele>
			</trkpt>
			<trkpt lat="50.693697" lon="14.816498">
				<ele>351.000000</ele>
			</trkpt>
			<trkpt lat="50.693782" lon="14.816426">
				<ele>350.000000</ele>
			</trkpt>
			<trkpt lat="50.693878" lon="14.816380">
				<ele>349.000000</ele>
			</trkpt>
			<trkpt lat="50.694095" lon="14.816309">
				<ele>347.000000</ele>
			</trkpt>
			<trkpt lat="50.694209" lon="14.816237">
				<ele>345.000000</ele>
			</trkpt>
			<trkpt lat="50.694471" lon="14.815986">
				<ele>342.000000</ele>
			</trkpt>
			<trkpt lat="50.694937" lon="14.815483">
				<ele>336.000000</ele>
			</trkpt>
			<trkpt lat="50.694954" lon="14.815447">
				<ele>335.000000</ele>
			</trkpt>
			<trkpt lat="50.695165" lon="14.815078">
				<ele>334.000000</ele>
			</trkpt>
			<trkpt lat="50.695279" lon="14.814890">
				<ele>333.000000</ele>
			</trkpt>
			<trkpt lat="50.695398" lon="14.814719">
				<ele>332.000000</ele>
			</trkpt>
			<trkpt lat="50.695631" lon="14.814432">
				<ele>331.000000</ele>
			</trkpt>
			<trkpt lat="50.695745" lon="14.814261">
				<ele>330.000000</ele>
			</trkpt>
			<trkpt lat="50.695842" lon="14.814082">
				<ele>330.000000</ele>
			</trkpt>
			<trkpt lat="50.696036" lon="14.813713">
				<ele>327.000000</ele>
			</trkpt>
			<trkpt lat="50.696138" lon="14.813524">
				<ele>325.000000</ele>
			</trkpt>
			<trkpt lat="50.696229" lon="14.813399">
				<ele>324.000000</ele>
			</trkpt>
			<trkpt lat="50.696382" lon="14.813219">
				<ele>322.000000</ele>
			</trkpt>
			<trkpt lat="50.696815" lon="14.812868">
				<ele>316.000000</ele>
			</trkpt>
			<trkpt lat="50.696923" lon="14.812806">
				<ele>315.000000</ele>
			</trkpt>
			<trkpt lat="50.697037" lon="14.812761">
				<ele>315.000000</ele>
			</trkpt>
			<trkpt lat="50.697219" lon="14.813354">
				<ele>315.000000</ele>
			</trkpt>
			<trkpt lat="50.697253" lon="14.813533">
				<ele>315.000000</ele>
			</trkpt>
			<trkpt lat="50.697293" lon="14.813749">
				<ele>315.000000</ele>
			</trkpt>
			<trkpt lat="50.697339" lon="14.814162">
				<ele>314.000000</ele>
			</trkpt>
			<trkpt lat="50.697355" lon="14.814386">
				<ele>313.000000</ele>
			</trkpt>
			<trkpt lat="50.697384" lon="14.814531">
				<ele>313.000000</ele>
			</trkpt>
			<trkpt lat="50.697418" lon="14.814656">
				<ele>313.000000</ele>
			</trkpt>
			<trkpt lat="50.697475" lon="14.814801">
				<ele>313.000000</ele>
			</trkpt>
			<trkpt lat="50.697492" lon="14.814881">
				<ele>313.000000</ele>
			</trkpt>
			<trkpt lat="50.697492" lon="14.814980">
				<ele>313.000000</ele>
			</trkpt>
			<trkpt lat="50.697554" lon="14.814980">
				<ele>312.000000</ele>
			</trkpt>
			<trkpt lat="50.697526" lon="14.815428">
				<ele>311.000000</ele>
			</trkpt>
			<trkpt lat="50.697737" lon="14.815474">
				<ele>310.000000</ele>
			</trkpt>
			<trkpt lat="50.697760" lon="14.814764">
				<ele>310.000000</ele>
			</trkpt>
			<trkpt lat="50.697771" lon="14.814296">
				<ele>310.000000</ele>
			</trkpt>
			<trkpt lat="50.697760" lon="14.813856">
				<ele>310.000000</ele>
			</trkpt>
			<trkpt lat="50.697771" lon="14.813623">
				<ele>310.000000</ele>
			</trkpt>
			<trkpt lat="50.697794" lon="14.813264">
				<ele>310.000000</ele>
			</trkpt>
			<trkpt lat="50.697794" lon="14.813021">
				<ele>310.000000</ele>
			</trkpt>
			<trkpt lat="50.697776" lon="14.812788">
				<ele>310.000000</ele>
			</trkpt>
			<trkpt lat="50.697737" lon="14.812518">
				<ele>310.000000</ele>
			</trkpt>
			<trkpt lat="50.697657" lon="14.812132">
				<ele>310.000000</ele>
			</trkpt>
			<trkpt lat="50.697611" lon="14.811826">
				<ele>310.000000</ele>
			</trkpt>
			<trkpt lat="50.697577" lon="14.811495">
				<ele>310.000000</ele>
			</trkpt>
			<trkpt lat="50.697549" lon="14.811153">
				<ele>310.000000</ele>
			</trkpt>
			<trkpt lat="50.697538" lon="14.811000">
				<ele>310.000000</ele>
			</trkpt>
			<trkpt lat="50.697520" lon="14.810623">
				<ele>310.000000</ele>
			</trkpt>
			<trkpt lat="50.697520" lon="14.810434">
				<ele>310.000000</ele>
			</trkpt>
			<trkpt lat="50.697549" lon="14.810264">
				<ele>310.000000</ele>
			</trkpt>
			<trkpt lat="50.697611" lon="14.809949">
				<ele>310.000000</ele>
			</trkpt>
			<trkpt lat="50.697629" lon="14.809797">
				<ele>310.000000</ele>
			</trkpt>
			<trkpt lat="50.697629" lon="14.809698">
				<ele>310.000000</ele>
			</trkpt>
			<trkpt lat="50.697589" lon="14.809581">
				<ele>310.000000</ele>
			</trkpt>
			<trkpt lat="50.697930" lon="14.809239">
				<ele>310.000000</ele>
			</trkpt>
			<trkpt lat="50.698391" lon="14.808790">
				<ele>310.000000</ele>
			</trkpt>
			<trkpt lat="50.698749" lon="14.808404">
				<ele>310.000000</ele>
			</trkpt>
			<trkpt lat="50.698829" lon="14.808287">
				<ele>310.000000</ele>
			</trkpt>
			<trkpt lat="50.698903" lon="14.808180">
				<ele>310.000000</ele>
			</trkpt>
			<trkpt lat="50.698966" lon="14.808009">
				<ele>310.000000</ele>
			</trkpt>
			<trkpt lat="50.699000" lon="14.807910">
				<ele>310.000000</ele>
			</trkpt>
			<trkpt lat="50.699091" lon="14.807568">
				<ele>310.000000</ele>
			</trkpt>
			<trkpt lat="50.699284" lon="14.806885">
				<ele>310.000000</ele>
			</trkpt>
			<trkpt lat="50.699495" lon="14.806491">
				<ele>310.000000</ele>
			</trkpt>
			<trkpt lat="50.699853" lon="14.805826">
				<ele>310.000000</ele>
			</trkpt>
			<trkpt lat="50.699985" lon="14.805826">
				<ele>310.000000</ele>
			</trkpt>
			<trkpt lat="50.700832" lon="14.805862">
				<ele>311.000000</ele>
			</trkpt>
			<trkpt lat="50.701332" lon="14.805862">
				<ele>315.000000</ele>
			</trkpt>
			<trkpt lat="50.701549" lon="14.805862">
				<ele>315.000000</ele>
			</trkpt>
			<trkpt lat="50.701611" lon="14.805862">
				<ele>315.000000</ele>
			</trkpt>
			<trkpt lat="50.701668" lon="14.805826">
				<ele>315.000000</ele>
			</trkpt>
			<trkpt lat="50.701714" lon="14.805799">
				<ele>315.000000</ele>
			</trkpt>
			<trkpt lat="50.701759" lon="14.805745">
				<ele>315.000000</ele>
			</trkpt>
			<trkpt lat="50.701816" lon="14.804981">
				<ele>315.000000</ele>
			</trkpt>
			<trkpt lat="50.701862" lon="14.804568">
				<ele>315.000000</ele>
			</trkpt>
			<trkpt lat="50.701924" lon="14.804128">
				<ele>314.000000</ele>
			</trkpt>
			<trkpt lat="50.701959" lon="14.803922">
				<ele>314.000000</ele>
			</trkpt>
			<trkpt lat="50.702044" lon="14.803509">
				<ele>314.000000</ele>
			</trkpt>
			<trkpt lat="50.702095" lon="14.803239">
				<ele>313.000000</ele>
			</trkpt>
			<trkpt lat="50.702146" lon="14.803077">
				<ele>313.000000</ele>
			</trkpt>
			<trkpt lat="50.702209" lon="14.802943">
				<ele>313.000000</ele>
			</trkpt>
			<trkpt lat="50.702317" lon="14.802780">
				<ele>312.000000</ele>
			</trkpt>
			<trkpt lat="50.702442" lon="14.802627">
				<ele>312.000000</ele>
			</trkpt>
			<trkpt lat="50.702516" lon="14.802530">
				<ele>312.000000</ele>
			</trkpt>
			<trkpt lat="50.702590" lon="14.802413">
				<ele>312.000000</ele>
			</trkpt>
			<trkpt lat="50.702715" lon="14.802170">
				<ele>311.000000</ele>
			</trkpt>
			<trkpt lat="50.702749" lon="14.802098">
				<ele>311.000000</ele>
			</trkpt>
			<trkpt lat="50.702783" lon="14.802027">
				<ele>311.000000</ele>
			</trkpt>
			<trkpt lat="50.702886" lon="14.801774">
				<ele>311.000000</ele>
			</trkpt>
			<trkpt lat="50.703097" lon="14.801164">
				<ele>310.000000</ele>
			</trkpt>
			<trkpt lat="50.703159" lon="14.800993">
				<ele>310.000000</ele>
			</trkpt>
			<trkpt lat="50.703267" lon="14.800715">
				<ele>310.000000</ele>
			</trkpt>
			<trkpt lat="50.703113" lon="14.800499">
				<ele>310.000000</ele>
			</trkpt>
			<trkpt lat="50.702852" lon="14.800157">
				<ele>310.000000</ele>
			</trkpt>
			<trkpt lat="50.702584" lon="14.799861">
				<ele>310.000000</ele>
			</trkpt>
			<trkpt lat="50.702522" lon="14.799807">
				<ele>310.000000</ele>
			</trkpt>
			<trkpt lat="50.702414" lon="14.799700">
				<ele>310.000000</ele>
			</trkpt>
			<trkpt lat="50.702152" lon="14.799438">
				<ele>310.000000</ele>
			</trkpt>
			<trkpt lat="50.701686" lon="14.798981">
				<ele>310.000000</ele>
			</trkpt>
			<trkpt lat="50.701583" lon="14.798891">
				<ele>310.000000</ele>
			</trkpt>
			<trkpt lat="50.701401" lon="14.798721">
				<ele>310.000000</ele>
			</trkpt>
			<trkpt lat="50.701100" lon="14.798451">
				<ele>309.000000</ele>
			</trkpt>
			<trkpt lat="50.701043" lon="14.798415">
				<ele>309.000000</ele>
			</trkpt>
			<trkpt lat="50.700809" lon="14.798190">
				<ele>308.000000</ele>
			</trkpt>
			<trkpt lat="50.700718" lon="14.798100">
				<ele>308.000000</ele>
			</trkpt>
			<trkpt lat="50.700565" lon="14.797948">
				<ele>307.000000</ele>
			</trkpt>
			<trkpt lat="50.700422" lon="14.797777">
				<ele>307.000000</ele>
			</trkpt>
			<trkpt lat="50.700280" lon="14.797597">
				<ele>306.000000</ele>
			</trkpt>
			<trkpt lat="50.700143" lon="14.797400">
				<ele>306.000000</ele>
			</trkpt>
			<trkpt lat="50.699864" lon="14.796816">
				<ele>305.000000</ele>
			</trkpt>
			<trkpt lat="50.699763" lon="14.796609">
				<ele>304.000000</ele>
			</trkpt>
			<trkpt lat="50.699603" lon="14.796222">
				<ele>304.000000</ele>
			</trkpt>
			<trkpt lat="50.699438" lon="14.795809">
				<ele>303.000000</ele>
			</trkpt>
			<trkpt lat="50.699330" lon="14.795513">
				<ele>302.000000</ele>
			</trkpt>
			<trkpt lat="50.699085" lon="14.794786">
				<ele>301.000000</ele>
			</trkpt>
			<trkpt lat="50.698806" lon="14.793861">
				<ele>300.000000</ele>
			</trkpt>
			<trkpt lat="50.698676" lon="14.793241">
				<ele>300.000000</ele>
			</trkpt>
			<trkpt lat="50.698579" lon="14.792702">
				<ele>300.000000</ele>
			</trkpt>
			<trkpt lat="50.698533" lon="14.792406">
				<ele>300.000000</ele>
			</trkpt>
			<trkpt lat="50.698522" lon="14.792127">
				<ele>300.000000</ele>
			</trkpt>
			<trkpt lat="50.698533" lon="14.791840">
				<ele>300.000000</ele>
			</trkpt>
			<trkpt lat="50.698579" lon="14.791524">
				<ele>300.000000</ele>
			</trkpt>
			<trkpt lat="50.698613" lon="14.791300">
				<ele>300.000000</ele>
			</trkpt>
			<trkpt lat="50.698619" lon="14.791148">
				<ele>300.000000</ele>
			</trkpt>
			<trkpt lat="50.698613" lon="14.790635">
				<ele>300.000000</ele>
			</trkpt>
			<trkpt lat="50.698613" lon="14.790482">
				<ele>300.000000</ele>
			</trkpt>
			<trkpt lat="50.698619" lon="14.790222">
				<ele>300.000000</ele>
			</trkpt>
			<trkpt lat="50.698630" lon="14.790025">
				<ele>300.000000</ele>
			</trkpt>
			<trkpt lat="50.698653" lon="14.789853">
				<ele>300.000000</ele>
			</trkpt>
			<trkpt lat="50.698687" lon="14.789683">
				<ele>300.000000</ele>
			</trkpt>
			<trkpt lat="50.698733" lon="14.789503">
				<ele>300.000000</ele>
			</trkpt>
			<trkpt lat="50.698812" lon="14.789234">
				<ele>300.000000</ele>
			</trkpt>
			<trkpt lat="50.698977" lon="14.788722">
				<ele>300.000000</ele>
			</trkpt>
			<trkpt lat="50.699085" lon="14.788381">
				<ele>300.000000</ele>
			</trkpt>
			<trkpt lat="50.699170" lon="14.788111">
				<ele>300.000000</ele>
			</trkpt>
			<trkpt lat="50.699449" lon="14.787177">
				<ele>300.000000</ele>
			</trkpt>
			<trkpt lat="50.699108" lon="14.786763">
				<ele>300.000000</ele>
			</trkpt>
			<trkpt lat="50.698829" lon="14.786440">
				<ele>300.000000</ele>
			</trkpt>
			<trkpt lat="50.698505" lon="14.786135">
				<ele>300.000000</ele>
			</trkpt>
			<trkpt lat="50.698226" lon="14.785892">
				<ele>300.000000</ele>
			</trkpt>
			<trkpt lat="50.697953" lon="14.785695">
				<ele>300.000000</ele>
			</trkpt>
			<trkpt lat="50.697674" lon="14.785524">
				<ele>300.000000</ele>
			</trkpt>
			<trkpt lat="50.697407" lon="14.785389">
				<ele>300.000000</ele>
			</trkpt>
			<trkpt lat="50.697082" lon="14.785272">
				<ele>300.000000</ele>
			</trkpt>
			<trkpt lat="50.696570" lon="14.785146">
				<ele>300.000000</ele>
			</trkpt>
			<trkpt lat="50.695768" lon="14.785003">
				<ele>302.000000</ele>
			</trkpt>
			<trkpt lat="50.695517" lon="14.784958">
				<ele>303.000000</ele>
			</trkpt>
			<trkpt lat="50.695284" lon="14.784877">
				<ele>304.000000</ele>
			</trkpt>
			<trkpt lat="50.695045" lon="14.784779">
				<ele>304.000000</ele>
			</trkpt>
			<trkpt lat="50.694857" lon="14.784653">
				<ele>305.000000</ele>
			</trkpt>
			<trkpt lat="50.694670" lon="14.784509">
				<ele>305.000000</ele>
			</trkpt>
			<trkpt lat="50.694499" lon="14.784339">
				<ele>305.000000</ele>
			</trkpt>
			<trkpt lat="50.694334" lon="14.784140">
				<ele>305.000000</ele>
			</trkpt>
			<trkpt lat="50.694180" lon="14.783898">
				<ele>305.000000</ele>
			</trkpt>
			<trkpt lat="50.694095" lon="14.783763">
				<ele>305.000000</ele>
			</trkpt>
			<trkpt lat="50.694021" lon="14.783601">
				<ele>305.000000</ele>
			</trkpt>
			<trkpt lat="50.693964" lon="14.783476">
				<ele>305.000000</ele>
			</trkpt>
			<trkpt lat="50.693856" lon="14.783207">
				<ele>305.000000</ele>
			</trkpt>
			<trkpt lat="50.693788" lon="14.783000">
				<ele>305.000000</ele>
			</trkpt>
			<trkpt lat="50.693731" lon="14.782784">
				<ele>303.000000</ele>
			</trkpt>
			<trkpt lat="50.693622" lon="14.782308">
				<ele>302.000000</ele>
			</trkpt>
			<trkpt lat="50.693486" lon="14.781626">
				<ele>301.000000</ele>
			</trkpt>
			<trkpt lat="50.693207" lon="14.780215">
				<ele>296.000000</ele>
			</trkpt>
			<trkpt lat="50.692752" lon="14.778131">
				<ele>296.000000</ele>
			</trkpt>
			<trkpt lat="50.692462" lon="14.776855">
				<ele>295.000000</ele>
			</trkpt>
			<trkpt lat="50.692143" lon="14.775724">
				<ele>295.000000</ele>
			</trkpt>
			<trkpt lat="50.691574" lon="14.773702">
				<ele>295.000000</ele>
			</trkpt>
			<trkpt lat="50.691438" lon="14.773200">
				<ele>295.000000</ele>
			</trkpt>
			<trkpt lat="50.691312" lon="14.772615">
				<ele>295.000000</ele>
			</trkpt>
			<trkpt lat="50.691210" lon="14.772274">
				<ele>295.000000</ele>
			</trkpt>
			<trkpt lat="50.691096" lon="14.771923">
				<ele>295.000000</ele>
			</trkpt>
			<trkpt lat="50.690994" lon="14.771655">
				<ele>295.000000</ele>
			</trkpt>
			<trkpt lat="50.690874" lon="14.771385">
				<ele>295.000000</ele>
			</trkpt>
			<trkpt lat="50.690720" lon="14.771079">
				<ele>295.000000</ele>
			</trkpt>
			<trkpt lat="50.690612" lon="14.770863">
				<ele>295.000000</ele>
			</trkpt>
			<trkpt lat="50.690544" lon="14.770666">
				<ele>295.000000</ele>
			</trkpt>
			<trkpt lat="50.690481" lon="14.770423">
				<ele>295.000000</ele>
			</trkpt>
			<trkpt lat="50.690396" lon="14.770047">
				<ele>295.000000</ele>
			</trkpt>
			<trkpt lat="50.690305" lon="14.769660">
				<ele>295.000000</ele>
			</trkpt>
			<trkpt lat="50.690180" lon="14.769255">
				<ele>295.000000</ele>
			</trkpt>
			<trkpt lat="50.689992" lon="14.768663">
				<ele>295.000000</ele>
			</trkpt>
			<trkpt lat="50.689901" lon="14.768366">
				<ele>295.000000</ele>
			</trkpt>
			<trkpt lat="50.689855" lon="14.768196">
				<ele>295.000000</ele>
			</trkpt>
			<trkpt lat="50.689827" lon="14.768034">
				<ele>295.000000</ele>
			</trkpt>
			<trkpt lat="50.689810" lon="14.767863">
				<ele>295.000000</ele>
			</trkpt>
			<trkpt lat="50.689781" lon="14.767611">
				<ele>295.000000</ele>
			</trkpt>
			<trkpt lat="50.689719" lon="14.766776">
				<ele>295.000000</ele>
			</trkpt>
			<trkpt lat="50.689696" lon="14.766498">
				<ele>295.000000</ele>
			</trkpt>
			<trkpt lat="50.689662" lon="14.766255">
				<ele>295.000000</ele>
			</trkpt>
			<trkpt lat="50.689542" lon="14.765590">
				<ele>295.000000</ele>
			</trkpt>
			<trkpt lat="50.689451" lon="14.765123">
				<ele>295.000000</ele>
			</trkpt>
			<trkpt lat="50.689298" lon="14.764431">
				<ele>295.000000</ele>
			</trkpt>
			<trkpt lat="50.689264" lon="14.764234">
				<ele>295.000000</ele>
			</trkpt>
			<trkpt lat="50.689235" lon="14.764063">
				<ele>295.000000</ele>
			</trkpt>
			<trkpt lat="50.689195" lon="14.763596">
				<ele>295.000000</ele>
			</trkpt>
			<trkpt lat="50.689195" lon="14.763470">
				<ele>295.000000</ele>
			</trkpt>
			<trkpt lat="50.689178" lon="14.763156">
				<ele>295.000000</ele>
			</trkpt>
			<trkpt lat="50.689144" lon="14.762877">
				<ele>295.000000</ele>
			</trkpt>
			<trkpt lat="50.689104" lon="14.762663">
				<ele>295.000000</ele>
			</trkpt>
			<trkpt lat="50.689059" lon="14.762464">
				<ele>295.000000</ele>
			</trkpt>
			<trkpt lat="50.688979" lon="14.762168">
				<ele>295.000000</ele>
			</trkpt>
			<trkpt lat="50.688905" lon="14.761979">
				<ele>294.000000</ele>
			</trkpt>
			<trkpt lat="50.688831" lon="14.761844">
				<ele>294.000000</ele>
			</trkpt>
			<trkpt lat="50.688723" lon="14.761701">
				<ele>293.000000</ele>
			</trkpt>
			<trkpt lat="50.688637" lon="14.761728">
				<ele>293.000000</ele>
			</trkpt>
			<trkpt lat="50.688552" lon="14.761745">
				<ele>294.000000</ele>
			</trkpt>
			<trkpt lat="50.688296" lon="14.761718">
				<ele>295.000000</ele>
			</trkpt>
			<trkpt lat="50.688171" lon="14.761718">
				<ele>295.000000</ele>
			</trkpt>
			<trkpt lat="50.688051" lon="14.761764">
				<ele>295.000000</ele>
			</trkpt>
			<trkpt lat="50.688034" lon="14.761296">
				<ele>293.000000</ele>
			</trkpt>
			<trkpt lat="50.688034" lon="14.761225">
				<ele>293.000000</ele>
			</trkpt>
			<trkpt lat="50.688040" lon="14.761179">
				<ele>292.000000</ele>
			</trkpt>
			<trkpt lat="50.688102" lon="14.761036">
				<ele>291.000000</ele>
			</trkpt>
			<trkpt lat="50.688040" lon="14.760965">
				<ele>291.000000</ele>
			</trkpt>
			<trkpt lat="50.687932" lon="14.760829">
				<ele>291.000000</ele>
			</trkpt>
			<trkpt lat="50.687869" lon="14.760757">
				<ele>291.000000</ele>
			</trkpt>
			<trkpt lat="50.687807" lon="14.760703">
				<ele>291.000000</ele>
			</trkpt>
			<trkpt lat="50.687715" lon="14.760640">
				<ele>290.000000</ele>
			</trkpt>
			<trkpt lat="50.687670" lon="14.760605">
				<ele>290.000000</ele>
			</trkpt>
			<trkpt lat="50.687636" lon="14.760533">
				<ele>290.000000</ele>
			</trkpt>
			<trkpt lat="50.687619" lon="14.760443">
				<ele>290.000000</ele>
			</trkpt>
			<trkpt lat="50.687607" lon="14.760336">
				<ele>290.000000</ele>
			</trkpt>
			<trkpt lat="50.687624" lon="14.760219">
				<ele>290.000000</ele>
			</trkpt>
			<trkpt lat="50.687642" lon="14.760093">
				<ele>290.000000</ele>
			</trkpt>
			<trkpt lat="50.687681" lon="14.759877">
				<ele>290.000000</ele>
			</trkpt>
			<trkpt lat="50.687676" lon="14.759697">
				<ele>290.000000</ele>
			</trkpt>
			<trkpt lat="50.687670" lon="14.759527">
				<ele>290.000000</ele>
			</trkpt>
			<trkpt lat="50.687613" lon="14.758970">
				<ele>290.000000</ele>
			</trkpt>
			<trkpt lat="50.687613" lon="14.758736">
				<ele>290.000000</ele>
			</trkpt>
			<trkpt lat="50.687630" lon="14.758539">
				<ele>290.000000</ele>
			</trkpt>
			<trkpt lat="50.687676" lon="14.758368">
				<ele>290.000000</ele>
			</trkpt>
			<trkpt lat="50.687755" lon="14.758197">
				<ele>290.000000</ele>
			</trkpt>
			<trkpt lat="50.688068" lon="14.757640">
				<ele>290.000000</ele>
			</trkpt>
			<trkpt lat="50.688233" lon="14.757389">
				<ele>290.000000</ele>
			</trkpt>
			<trkpt lat="50.688393" lon="14.757155">
				<ele>290.000000</ele>
			</trkpt>
			<trkpt lat="50.688564" lon="14.756975">
				<ele>290.000000</ele>
			</trkpt>
			<trkpt lat="50.688802" lon="14.756733">
				<ele>290.000000</ele>
			</trkpt>
			<trkpt lat="50.688894" lon="14.756644">
				<ele>290.000000</ele>
			</trkpt>
			<trkpt lat="50.688985" lon="14.756544">
				<ele>290.000000</ele>
			</trkpt>
			<trkpt lat="50.689047" lon="14.756464">
				<ele>290.000000</ele>
			</trkpt>
			<trkpt lat="50.689121" lon="14.756347">
				<ele>290.000000</ele>
			</trkpt>
			<trkpt lat="50.689246" lon="14.756095">
				<ele>290.000000</ele>
			</trkpt>
			<trkpt lat="50.689417" lon="14.755665">
				<ele>290.000000</ele>
			</trkpt>
			<trkpt lat="50.689480" lon="14.755539">
				<ele>290.000000</ele>
			</trkpt>
			<trkpt lat="50.689548" lon="14.755439">
				<ele>290.000000</ele>
			</trkpt>
			<trkpt lat="50.689628" lon="14.755349">
				<ele>290.000000</ele>
			</trkpt>
			<trkpt lat="50.689753" lon="14.755250">
				<ele>290.000000</ele>
			</trkpt>
			<trkpt lat="50.689855" lon="14.755170">
				<ele>290.000000</ele>
			</trkpt>
			<trkpt lat="50.689981" lon="14.755026">
				<ele>290.000000</ele>
			</trkpt>
			<trkpt lat="50.690242" lon="14.754739">
				<ele>290.000000</ele>
			</trkpt>
			<trkpt lat="50.690795" lon="14.754155">
				<ele>290.000000</ele>
			</trkpt>
			<trkpt lat="50.690948" lon="14.753975">
				<ele>290.000000</ele>
			</trkpt>
			<trkpt lat="50.691022" lon="14.753877">
				<ele>290.000000</ele>
			</trkpt>
			<trkpt lat="50.691084" lon="14.753778">
				<ele>290.000000</ele>
			</trkpt>
			<trkpt lat="50.691198" lon="14.753544">
				<ele>290.000000</ele>
			</trkpt>
			<trkpt lat="50.691494" lon="14.752780">
				<ele>290.000000</ele>
			</trkpt>
			<trkpt lat="50.691540" lon="14.752663">
				<ele>290.000000</ele>
			</trkpt>
			<trkpt lat="50.691568" lon="14.752529">
				<ele>290.000000</ele>
			</trkpt>
			<trkpt lat="50.691585" lon="14.752403">
				<ele>290.000000</ele>
			</trkpt>
			<trkpt lat="50.691603" lon="14.752260">
				<ele>290.000000</ele>
			</trkpt>
			<trkpt lat="50.691608" lon="14.752061">
				<ele>290.000000</ele>
			</trkpt>
			<trkpt lat="50.691625" lon="14.751891">
				<ele>290.000000</ele>
			</trkpt>
			<trkpt lat="50.691654" lon="14.751730">
				<ele>290.000000</ele>
			</trkpt>
			<trkpt lat="50.691699" lon="14.751505">
				<ele>290.000000</ele>
			</trkpt>
			<trkpt lat="50.691494" lon="14.751352">
				<ele>290.000000</ele>
			</trkpt>
			<trkpt lat="50.691420" lon="14.751281">
				<ele>290.000000</ele>
			</trkpt>
			<trkpt lat="50.691358" lon="14.751199">
				<ele>290.000000</ele>
			</trkpt>
			<trkpt lat="50.691084" lon="14.750804">
				<ele>290.000000</ele>
			</trkpt>
			<trkpt lat="50.690276" lon="14.749699">
				<ele>290.000000</ele>
			</trkpt>
			<trkpt lat="50.689832" lon="14.749053">
				<ele>290.000000</ele>
			</trkpt>
			<trkpt lat="50.689616" lon="14.748702">
				<ele>290.000000</ele>
			</trkpt>
			<trkpt lat="50.689400" lon="14.748289">
				<ele>290.000000</ele>
			</trkpt>
			<trkpt lat="50.689093" lon="14.747696">
				<ele>290.000000</ele>
			</trkpt>
			<trkpt lat="50.688882" lon="14.747346">
				<ele>290.000000</ele>
			</trkpt>
			<trkpt lat="50.688683" lon="14.747049">
				<ele>290.000000</ele>
			</trkpt>
			<trkpt lat="50.688541" lon="14.746870">
				<ele>290.000000</ele>
			</trkpt>
			<trkpt lat="50.688466" lon="14.746780">
				<ele>290.000000</ele>
			</trkpt>
			<trkpt lat="50.688290" lon="14.746600">
				<ele>290.000000</ele>
			</trkpt>
			<trkpt lat="50.688108" lon="14.746447">
				<ele>290.000000</ele>
			</trkpt>
			<trkpt lat="50.687983" lon="14.746357">
				<ele>290.000000</ele>
			</trkpt>
			<trkpt lat="50.687846" lon="14.746277">
				<ele>290.000000</ele>
			</trkpt>
			<trkpt lat="50.687710" lon="14.746204">
				<ele>290.000000</ele>
			</trkpt>
			<trkpt lat="50.687579" lon="14.746160">
				<ele>290.000000</ele>
			</trkpt>
			<trkpt lat="50.686913" lon="14.747310">
				<ele>290.000000</ele>
			</trkpt>
			<trkpt lat="50.686509" lon="14.748011">
				<ele>290.000000</ele>
			</trkpt>
			<trkpt lat="50.686134" lon="14.748594">
				<ele>290.000000</ele>
			</trkpt>
			<trkpt lat="50.685786" lon="14.749143">
				<ele>292.000000</ele>
			</trkpt>
			<trkpt lat="50.685462" lon="14.749681">
				<ele>295.000000</ele>
			</trkpt>
			<trkpt lat="50.685023" lon="14.750489">
				<ele>296.000000</ele>
			</trkpt>
			<trkpt lat="50.684835" lon="14.750822">
				<ele>296.000000</ele>
			</trkpt>
			<trkpt lat="50.684448" lon="14.751441">
				<ele>297.000000</ele>
			</trkpt>
			<trkpt lat="50.683789" lon="14.752484">
				<ele>299.000000</ele>
			</trkpt>
			<trkpt lat="50.683561" lon="14.752825">
				<ele>300.000000</ele>
			</trkpt>
			<trkpt lat="50.683288" lon="14.753221">
				<ele>301.000000</ele>
			</trkpt>
			<trkpt lat="50.683231" lon="14.753265">
				<ele>301.000000</ele>
			</trkpt>
			<trkpt lat="50.683185" lon="14.753292">
				<ele>301.000000</ele>
			</trkpt>
			<trkpt lat="50.683140" lon="14.753292">
				<ele>301.000000</ele>
			</trkpt>
			<trkpt lat="50.683105" lon="14.753275">
				<ele>301.000000</ele>
			</trkpt>
			<trkpt lat="50.683077" lon="14.753265">
				<ele>301.000000</ele>
			</trkpt>
			<trkpt lat="50.683054" lon="14.753221">
				<ele>301.000000</ele>
			</trkpt>
			<trkpt lat="50.682565" lon="14.752349">
				<ele>303.000000</ele>
			</trkpt>
			<trkpt lat="50.682320" lon="14.751864">
				<ele>304.000000</ele>
			</trkpt>
			<trkpt lat="50.682177" lon="14.751568">
				<ele>304.000000</ele>
			</trkpt>
			<trkpt lat="50.682058" lon="14.751397">
				<ele>305.000000</ele>
			</trkpt>
			<trkpt lat="50.682007" lon="14.751317">
				<ele>305.000000</ele>
			</trkpt>
			<trkpt lat="50.681921" lon="14.751164">
				<ele>306.000000</ele>
			</trkpt>
			<trkpt lat="50.681853" lon="14.751019">
				<ele>306.000000</ele>
			</trkpt>
			<trkpt lat="50.681808" lon="14.750948">
				<ele>307.000000</ele>
			</trkpt>
			<trkpt lat="50.681733" lon="14.750849">
				<ele>308.000000</ele>
			</trkpt>
			<trkpt lat="50.681608" lon="14.750642">
				<ele>309.000000</ele>
			</trkpt>
			<trkpt lat="50.681523" lon="14.750516">
				<ele>310.000000</ele>
			</trkpt>
			<trkpt lat="50.681397" lon="14.750247">
				<ele>311.000000</ele>
			</trkpt>
			<trkpt lat="50.681307" lon="14.750032">
				<ele>312.000000</ele>
			</trkpt>
			<trkpt lat="50.681273" lon="14.749933">
				<ele>313.000000</ele>
			</trkpt>
			<trkpt lat="50.681239" lon="14.749879">
				<ele>313.000000</ele>
			</trkpt>
			<trkpt lat="50.681198" lon="14.749852">
				<ele>313.000000</ele>
			</trkpt>
			<trkpt lat="50.681164" lon="14.749852">
				<ele>314.000000</ele>
			</trkpt>
			<trkpt lat="50.681136" lon="14.749879">
				<ele>314.000000</ele>
			</trkpt>
			<trkpt lat="50.681119" lon="14.749906">
				<ele>314.000000</ele>
			</trkpt>
			<trkpt lat="50.681113" lon="14.749960">
				<ele>314.000000</ele>
			</trkpt>
			<trkpt lat="50.681113" lon="14.750005">
				<ele>315.000000</ele>
			</trkpt>
			<trkpt lat="50.681130" lon="14.750472">
				<ele>317.000000</ele>
			</trkpt>
			<trkpt lat="50.681141" lon="14.750715">
				<ele>319.000000</ele>
			</trkpt>
			<trkpt lat="50.681130" lon="14.750858">
				<ele>320.000000</ele>
			</trkpt>
			<trkpt lat="50.681125" lon="14.750939">
				<ele>320.000000</ele>
			</trkpt>
			<trkpt lat="50.681096" lon="14.751011">
				<ele>321.000000</ele>
			</trkpt>
			<trkpt lat="50.681068" lon="14.751055">
				<ele>322.000000</ele>
			</trkpt>
			<trkpt lat="50.680976" lon="14.751109">
				<ele>324.000000</ele>
			</trkpt>
			<trkpt lat="50.680914" lon="14.751137">
				<ele>325.000000</ele>
			</trkpt>
			<trkpt lat="50.680852" lon="14.751164">
				<ele>326.000000</ele>
			</trkpt>
			<trkpt lat="50.680760" lon="14.751181">
				<ele>328.000000</ele>
			</trkpt>
			<trkpt lat="50.680550" lon="14.751199">
				<ele>331.000000</ele>
			</trkpt>
			<trkpt lat="50.680430" lon="14.751208">
				<ele>332.000000</ele>
			</trkpt>
			<trkpt lat="50.680350" lon="14.751208">
				<ele>333.000000</ele>
			</trkpt>
			<trkpt lat="50.680276" lon="14.751227">
				<ele>334.000000</ele>
			</trkpt>
			<trkpt lat="50.680225" lon="14.751281">
				<ele>334.000000</ele>
			</trkpt>
			<trkpt lat="50.680168" lon="14.751352">
				<ele>335.000000</ele>
			</trkpt>
			<trkpt lat="50.680060" lon="14.751568">
				<ele>337.000000</ele>
			</trkpt>
			<trkpt lat="50.679963" lon="14.751765">
				<ele>340.000000</ele>
			</trkpt>
			<trkpt lat="50.679661" lon="14.752547">
				<ele>348.000000</ele>
			</trkpt>
			<trkpt lat="50.679474" lon="14.753059">
				<ele>354.000000</ele>
			</trkpt>
			<trkpt lat="50.679366" lon="14.753328">
				<ele>356.000000</ele>
			</trkpt>
			<trkpt lat="50.679337" lon="14.753428">
				<ele>357.000000</ele>
			</trkpt>
			<trkpt lat="50.679320" lon="14.753526">
				<ele>358.000000</ele>
			</trkpt>
			<trkpt lat="50.679309" lon="14.753625">
				<ele>359.000000</ele>
			</trkpt>
			<trkpt lat="50.679303" lon="14.753751">
				<ele>360.000000</ele>
			</trkpt>
			<trkpt lat="50.679292" lon="14.753948">
				<ele>362.000000</ele>
			</trkpt>
			<trkpt lat="50.679269" lon="14.754118">
				<ele>364.000000</ele>
			</trkpt>
			<trkpt lat="50.679229" lon="14.754290">
				<ele>366.000000</ele>
			</trkpt>
			<trkpt lat="50.679161" lon="14.754577">
				<ele>370.000000</ele>
			</trkpt>
			<trkpt lat="50.679126" lon="14.754730">
				<ele>372.000000</ele>
			</trkpt>
			<trkpt lat="50.679110" lon="14.754847">
				<ele>373.000000</ele>
			</trkpt>
			<trkpt lat="50.679087" lon="14.754954">
				<ele>375.000000</ele>
			</trkpt>
			<trkpt lat="50.679087" lon="14.755053">
				<ele>376.000000</ele>
			</trkpt>
			<trkpt lat="50.679098" lon="14.755152">
				<ele>377.000000</ele>
			</trkpt>
			<trkpt lat="50.679126" lon="14.755223">
				<ele>378.000000</ele>
			</trkpt>
			<trkpt lat="50.679155" lon="14.755296">
				<ele>379.000000</ele>
			</trkpt>
			<trkpt lat="50.679201" lon="14.755349">
				<ele>381.000000</ele>
			</trkpt>
			<trkpt lat="50.679326" lon="14.755493">
				<ele>385.000000</ele>
			</trkpt>
			<trkpt lat="50.679485" lon="14.755636">
				<ele>387.000000</ele>
			</trkpt>
			<trkpt lat="50.679531" lon="14.755673">
				<ele>388.000000</ele>
			</trkpt>
			<trkpt lat="50.679565" lon="14.755736">
				<ele>389.000000</ele>
			</trkpt>
			<trkpt lat="50.679604" lon="14.755789">
				<ele>390.000000</ele>
			</trkpt>
			<trkpt lat="50.679622" lon="14.755862">
				<ele>390.000000</ele>
			</trkpt>
			<trkpt lat="50.679639" lon="14.755942">
				<ele>391.000000</ele>
			</trkpt>
			<trkpt lat="50.679639" lon="14.756041">
				<ele>392.000000</ele>
			</trkpt>
			<trkpt lat="50.679639" lon="14.756158">
				<ele>393.000000</ele>
			</trkpt>
			<trkpt lat="50.679633" lon="14.756265">
				<ele>394.000000</ele>
			</trkpt>
			<trkpt lat="50.679622" lon="14.756409">
				<ele>396.000000</ele>
			</trkpt>
			<trkpt lat="50.679633" lon="14.756527">
				<ele>397.000000</ele>
			</trkpt>
			<trkpt lat="50.679650" lon="14.756634">
				<ele>398.000000</ele>
			</trkpt>
			<trkpt lat="50.679696" lon="14.756797">
				<ele>400.000000</ele>
			</trkpt>
			<trkpt lat="50.679770" lon="14.757074">
				<ele>403.000000</ele>
			</trkpt>
			<trkpt lat="50.679832" lon="14.757397">
				<ele>407.000000</ele>
			</trkpt>
			<trkpt lat="50.679849" lon="14.757514">
				<ele>408.000000</ele>
			</trkpt>
			<trkpt lat="50.679849" lon="14.757613">
				<ele>410.000000</ele>
			</trkpt>
			<trkpt lat="50.679849" lon="14.757712">
				<ele>411.000000</ele>
			</trkpt>
			<trkpt lat="50.679832" lon="14.757810">
				<ele>412.000000</ele>
			</trkpt>
			<trkpt lat="50.679816" lon="14.757892">
				<ele>413.000000</ele>
			</trkpt>
			<trkpt lat="50.679781" lon="14.757982">
				<ele>414.000000</ele>
			</trkpt>
			<trkpt lat="50.679759" lon="14.758026">
				<ele>415.000000</ele>
			</trkpt>
			<trkpt lat="50.679531" lon="14.758502">
				<ele>422.000000</ele>
			</trkpt>
			<trkpt lat="50.679297" lon="14.758907">
				<ele>428.000000</ele>
			</trkpt>
			<trkpt lat="50.679087" lon="14.759212">
				<ele>433.000000</ele>
			</trkpt>
			<trkpt lat="50.679007" lon="14.759311">
				<ele>435.000000</ele>
			</trkpt>
			<trkpt lat="50.678910" lon="14.759418">
				<ele>437.000000</ele>
			</trkpt>
			<trkpt lat="50.678666" lon="14.759644">
				<ele>442.000000</ele>
			</trkpt>
			<trkpt lat="50.678506" lon="14.759823">
				<ele>445.000000</ele>
			</trkpt>
			<trkpt lat="50.678444" lon="14.759913">
				<ele>447.000000</ele>
			</trkpt>
			<trkpt lat="50.678387" lon="14.760012">
				<ele>449.000000</ele>
			</trkpt>
			<trkpt lat="50.678352" lon="14.760137">
				<ele>451.000000</ele>
			</trkpt>
			<trkpt lat="50.678318" lon="14.760299">
				<ele>454.000000</ele>
			</trkpt>
			<trkpt lat="50.678193" lon="14.760865">
				<ele>462.000000</ele>
			</trkpt>
			<trkpt lat="50.678131" lon="14.761072">
				<ele>466.000000</ele>
			</trkpt>
			<trkpt lat="50.678056" lon="14.761305">
				<ele>471.000000</ele>
			</trkpt>
			<trkpt lat="50.677988" lon="14.761539">
				<ele>475.000000</ele>
			</trkpt>
			<trkpt lat="50.677960" lon="14.761584">
				<ele>476.000000</ele>
			</trkpt>
			<trkpt lat="50.677925" lon="14.761611">
				<ele>477.000000</ele>
			</trkpt>
			<trkpt lat="50.677897" lon="14.761611">
				<ele>478.000000</ele>
			</trkpt>
			<trkpt lat="50.677880" lon="14.761584">
				<ele>479.000000</ele>
			</trkpt>
			<trkpt lat="50.677823" lon="14.761441">
				<ele>480.000000</ele>
			</trkpt>
			<trkpt lat="50.677601" lon="14.760883">
				<ele>482.000000</ele>
			</trkpt>
			<trkpt lat="50.677499" lon="14.760650">
				<ele>483.000000</ele>
			</trkpt>
			<trkpt lat="50.677436" lon="14.760542">
				<ele>483.000000</ele>
			</trkpt>
			<trkpt lat="50.677362" lon="14.760443">
				<ele>484.000000</ele>
			</trkpt>
			<trkpt lat="50.677294" lon="14.760344">
				<ele>484.000000</ele>
			</trkpt>
			<trkpt lat="50.677202" lon="14.760246">
				<ele>485.000000</ele>
			</trkpt>
			<trkpt lat="50.677060" lon="14.760093">
				<ele>487.000000</ele>
			</trkpt>
			<trkpt lat="50.676975" lon="14.760030">
				<ele>489.000000</ele>
			</trkpt>
			<trkpt lat="50.676895" lon="14.760003">
				<ele>491.000000</ele>
			</trkpt>
			<trkpt lat="50.676798" lon="14.760003">
				<ele>494.000000</ele>
			</trkpt>
			<trkpt lat="50.676690" lon="14.760039">
				<ele>497.000000</ele>
			</trkpt>
			<trkpt lat="50.676571" lon="14.760074">
				<ele>501.000000</ele>
			</trkpt>
			<trkpt lat="50.676150" lon="14.760309">
				<ele>515.000000</ele>
			</trkpt>
			<trkpt lat="50.675631" lon="14.760632">
				<ele>527.000000</ele>
			</trkpt>
			<trkpt lat="50.675586" lon="14.760667">
				<ele>528.000000</ele>
			</trkpt>
			<trkpt lat="50.675546" lon="14.760703">
				<ele>528.000000</ele>
			</trkpt>
			<trkpt lat="50.675512" lon="14.760766">
				<ele>529.000000</ele>
			</trkpt>
			<trkpt lat="50.675495" lon="14.760829">
				<ele>530.000000</ele>
			</trkpt>
			<trkpt lat="50.675483" lon="14.760875">
				<ele>530.000000</ele>
			</trkpt>
			<trkpt lat="50.675489" lon="14.760936">
				<ele>531.000000</ele>
			</trkpt>
			<trkpt lat="50.675495" lon="14.761000">
				<ele>532.000000</ele>
			</trkpt>
			<trkpt lat="50.675529" lon="14.761099">
				<ele>533.000000</ele>
			</trkpt>
			<trkpt lat="50.675552" lon="14.761198">
				<ele>534.000000</ele>
			</trkpt>
			<trkpt lat="50.675558" lon="14.761315">
				<ele>536.000000</ele>
			</trkpt>
			<trkpt lat="50.675558" lon="14.761395">
				<ele>537.000000</ele>
			</trkpt>
			<trkpt lat="50.675552" lon="14.761485">
				<ele>539.000000</ele>
			</trkpt>
			<trkpt lat="50.675535" lon="14.761565">
				<ele>540.000000</ele>
			</trkpt>
			<trkpt lat="50.675506" lon="14.761665">
				<ele>541.000000</ele>
			</trkpt>
			<trkpt lat="50.675460" lon="14.761764">
				<ele>542.000000</ele>
			</trkpt>
			<trkpt lat="50.675307" lon="14.762105">
				<ele>546.000000</ele>
			</trkpt>
			<trkpt lat="50.675244" lon="14.762204">
				<ele>547.000000</ele>
			</trkpt>
			<trkpt lat="50.675181" lon="14.762294">
				<ele>548.000000</ele>
			</trkpt>
			<trkpt lat="50.675119" lon="14.762365">
				<ele>549.000000</ele>
			</trkpt>
			<trkpt lat="50.675057" lon="14.762410">
				<ele>550.000000</ele>
			</trkpt>
			<trkpt lat="50.674966" lon="14.762447">
				<ele>553.000000</ele>
			</trkpt>
			<trkpt lat="50.674886" lon="14.762464">
				<ele>555.000000</ele>
			</trkpt>
			<trkpt lat="50.674726" lon="14.762491">
				<ele>561.000000</ele>
			</trkpt>
			<trkpt lat="50.674664" lon="14.762518">
				<ele>563.000000</ele>
			</trkpt>
			<trkpt lat="50.674618" lon="14.762554">
				<ele>564.000000</ele>
			</trkpt>
			<trkpt lat="50.674584" lon="14.762590">
				<ele>566.000000</ele>
			</trkpt>
			<trkpt lat="50.674561" lon="14.762617">
				<ele>567.000000</ele>
			</trkpt>
			<trkpt lat="50.674555" lon="14.762680">
				<ele>568.000000</ele>
			</trkpt>
			<trkpt lat="50.674561" lon="14.762734">
				<ele>570.000000</ele>
			</trkpt>
			<trkpt lat="50.674692" lon="14.763173">
				<ele>578.000000</ele>
			</trkpt>
			<trkpt lat="50.674744" lon="14.763317">
				<ele>580.000000</ele>
			</trkpt>
			<trkpt lat="50.674817" lon="14.763452">
				<ele>580.000000</ele>
			</trkpt>
			<trkpt lat="50.675159" lon="14.764162">
				<ele>583.000000</ele>
			</trkpt>
			<trkpt lat="50.675313" lon="14.764512">
				<ele>585.000000</ele>
			</trkpt>
			<trkpt lat="50.675375" lon="14.764701">
				<ele>587.000000</ele>
			</trkpt>
			<trkpt lat="50.675438" lon="14.764881">
				<ele>589.000000</ele>
			</trkpt>
			<trkpt lat="50.675495" lon="14.765097">
				<ele>592.000000</ele>
			</trkpt>
			<trkpt lat="50.675540" lon="14.765321">
				<ele>594.000000</ele>
			</trkpt>
			<trkpt lat="50.675666" lon="14.765896">
				<ele>602.000000</ele>
			</trkpt>
			<trkpt lat="50.675705" lon="14.766183">
				<ele>606.000000</ele>
			</trkpt>
			<trkpt lat="50.675711" lon="14.766326">
				<ele>608.000000</ele>
			</trkpt>
			<trkpt lat="50.675705" lon="14.766452">
				<ele>610.000000</ele>
			</trkpt>
			<trkpt lat="50.675694" lon="14.766605">
				<ele>611.000000</ele>
			</trkpt>
			<trkpt lat="50.675671" lon="14.766758">
				<ele>611.000000</ele>
			</trkpt>
			<trkpt lat="50.675597" lon="14.767099">
				<ele>613.000000</ele>
			</trkpt>
			<trkpt lat="50.675552" lon="14.767297">
				<ele>614.000000</ele>
			</trkpt>
			<trkpt lat="50.675506" lon="14.767458">
				<ele>614.000000</ele>
			</trkpt>
			<trkpt lat="50.675455" lon="14.767603">
				<ele>615.000000</ele>
			</trkpt>
			<trkpt lat="50.675381" lon="14.767728">
				<ele>615.000000</ele>
			</trkpt>
			<trkpt lat="50.675318" lon="14.767810">
				<ele>615.000000</ele>
			</trkpt>
			<trkpt lat="50.675238" lon="14.767881">
				<ele>615.000000</ele>
			</trkpt>
			<trkpt lat="50.675142" lon="14.767926">
				<ele>615.000000</ele>
			</trkpt>
			<trkpt lat="50.675005" lon="14.767971">
				<ele>615.000000</ele>
			</trkpt>
			<trkpt lat="50.674868" lon="14.767997">
				<ele>614.000000</ele>
			</trkpt>
			<trkpt lat="50.674521" lon="14.768016">
				<ele>610.000000</ele>
			</trkpt>
			<trkpt lat="50.674339" lon="14.768043">
				<ele>607.000000</ele>
			</trkpt>
			<trkpt lat="50.674163" lon="14.768196">
				<ele>605.000000</ele>
			</trkpt>
			<trkpt lat="50.674077" lon="14.768240">
				<ele>602.000000</ele>
			</trkpt>
			<trkpt lat="50.673992" lon="14.768267">
				<ele>600.000000</ele>
			</trkpt>
			<trkpt lat="50.673844" lon="14.768384">
				<ele>595.000000</ele>
			</trkpt>
			<trkpt lat="50.673673" lon="14.768474">
				<ele>590.000000</ele>
			</trkpt>
			<trkpt lat="50.673588" lon="14.768500">
				<ele>588.000000</ele>
			</trkpt>
			<trkpt lat="50.673502" lon="14.768500">
				<ele>585.000000</ele>
			</trkpt>
			<trkpt lat="50.673354" lon="14.768500">
				<ele>581.000000</ele>
			</trkpt>
			<trkpt lat="50.672910" lon="14.768447">
				<ele>571.000000</ele>
			</trkpt>
			<trkpt lat="50.672568" lon="14.768439">
				<ele>564.000000</ele>
			</trkpt>
			<trkpt lat="50.672455" lon="14.768447">
				<ele>563.000000</ele>
			</trkpt>
			<trkpt lat="50.672330" lon="14.768474">
				<ele>561.000000</ele>
			</trkpt>
			<trkpt lat="50.672181" lon="14.768492">
				<ele>560.000000</ele>
			</trkpt>
			<trkpt lat="50.672051" lon="14.768465">
				<ele>559.000000</ele>
			</trkpt>
			<trkpt lat="50.671931" lon="14.768393">
				<ele>558.000000</ele>
			</trkpt>
			<trkpt lat="50.671760" lon="14.768250">
				<ele>556.000000</ele>
			</trkpt>
			<trkpt lat="50.671532" lon="14.768043">
				<ele>555.000000</ele>
			</trkpt>
			<trkpt lat="50.671345" lon="14.767818">
				<ele>553.000000</ele>
			</trkpt>
			<trkpt lat="50.671191" lon="14.767603">
				<ele>552.000000</ele>
			</trkpt>
			<trkpt lat="50.670787" lon="14.767010">
				<ele>550.000000</ele>
			</trkpt>
			<trkpt lat="50.670724" lon="14.766947">
				<ele>549.000000</ele>
			</trkpt>
			<trkpt lat="50.670661" lon="14.766875">
				<ele>548.000000</ele>
			</trkpt>
			<trkpt lat="50.670599" lon="14.766812">
				<ele>548.000000</ele>
			</trkpt>
			<trkpt lat="50.670524" lon="14.766776">
				<ele>547.000000</ele>
			</trkpt>
			<trkpt lat="50.670462" lon="14.766749">
				<ele>546.000000</ele>
			</trkpt>
			<trkpt lat="50.670371" lon="14.766731">
				<ele>545.000000</ele>
			</trkpt>
			<trkpt lat="50.670183" lon="14.766731">
				<ele>542.000000</ele>
			</trkpt>
			<trkpt lat="50.670012" lon="14.766749">
				<ele>538.000000</ele>
			</trkpt>
			<trkpt lat="50.669745" lon="14.766722">
				<ele>533.000000</ele>
			</trkpt>
			<trkpt lat="50.669625" lon="14.766705">
				<ele>531.000000</ele>
			</trkpt>
			<trkpt lat="50.669511" lon="14.766722">
				<ele>528.000000</ele>
			</trkpt>
			<trkpt lat="50.669061" lon="14.766794">
				<ele>519.000000</ele>
			</trkpt>
			<trkpt lat="50.668988" lon="14.766794">
				<ele>518.000000</ele>
			</trkpt>
			<trkpt lat="50.668914" lon="14.766768">
				<ele>517.000000</ele>
			</trkpt>
			<trkpt lat="50.668862" lon="14.766713">
				<ele>516.000000</ele>
			</trkpt>
			<trkpt lat="50.668817" lon="14.766642">
				<ele>515.000000</ele>
			</trkpt>
			<trkpt lat="50.668725" lon="14.766462">
				<ele>513.000000</ele>
			</trkpt>
			<trkpt lat="50.668680" lon="14.766372">
				<ele>512.000000</ele>
			</trkpt>
			<trkpt lat="50.668606" lon="14.766246">
				<ele>510.000000</ele>
			</trkpt>
			<trkpt lat="50.668538" lon="14.766147">
				<ele>509.000000</ele>
			</trkpt>
			<trkpt lat="50.668458" lon="14.766102">
				<ele>508.000000</ele>
			</trkpt>
			<trkpt lat="50.668355" lon="14.766093">
				<ele>507.000000</ele>
			</trkpt>
			<trkpt lat="50.668344" lon="14.765950">
				<ele>505.000000</ele>
			</trkpt>
			<trkpt lat="50.668310" lon="14.765806">
				<ele>504.000000</ele>
			</trkpt>
			<trkpt lat="50.668247" lon="14.765699">
				<ele>502.000000</ele>
			</trkpt>
			<trkpt lat="50.668151" lon="14.765573">
				<ele>499.000000</ele>
			</trkpt>
			<trkpt lat="50.668076" lon="14.765456">
				<ele>497.000000</ele>
			</trkpt>
			<trkpt lat="50.668019" lon="14.765330">
				<ele>495.000000</ele>
			</trkpt>
			<trkpt lat="50.667997" lon="14.765177">
				<ele>492.000000</ele>
			</trkpt>
			<trkpt lat="50.667974" lon="14.764980">
				<ele>488.000000</ele>
			</trkpt>
			<trkpt lat="50.667974" lon="14.764863">
				<ele>486.000000</ele>
			</trkpt>
			<trkpt lat="50.667991" lon="14.764764">
				<ele>484.000000</ele>
			</trkpt>
			<trkpt lat="50.668031" lon="14.764611">
				<ele>482.000000</ele>
			</trkpt>
			<trkpt lat="50.668053" lon="14.764539">
				<ele>481.000000</ele>
			</trkpt>
			<trkpt lat="50.668094" lon="14.764468">
				<ele>480.000000</ele>
			</trkpt>
			<trkpt lat="50.668185" lon="14.764368">
				<ele>480.000000</ele>
			</trkpt>
			<trkpt lat="50.668310" lon="14.764252">
				<ele>479.000000</ele>
			</trkpt>
			<trkpt lat="50.668487" lon="14.764108">
				<ele>478.000000</ele>
			</trkpt>
			<trkpt lat="50.668623" lon="14.763965">
				<ele>478.000000</ele>
			</trkpt>
			<trkpt lat="50.668720" lon="14.763812">
				<ele>477.000000</ele>
			</trkpt>
			<trkpt lat="50.668800" lon="14.763615">
				<ele>477.000000</ele>
			</trkpt>
			<trkpt lat="50.668902" lon="14.763372">
				<ele>476.000000</ele>
			</trkpt>
			<trkpt lat="50.668970" lon="14.763246">
				<ele>476.000000</ele>
			</trkpt>
			<trkpt lat="50.669061" lon="14.763129">
				<ele>475.000000</ele>
			</trkpt>
			<trkpt lat="50.669170" lon="14.763030">
				<ele>475.000000</ele>
			</trkpt>
			<trkpt lat="50.669278" lon="14.762949">
				<ele>474.000000</ele>
			</trkpt>
			<trkpt lat="50.669363" lon="14.762833">
				<ele>474.000000</ele>
			</trkpt>
			<trkpt lat="50.669437" lon="14.762707">
				<ele>473.000000</ele>
			</trkpt>
			<trkpt lat="50.669529" lon="14.762464">
				<ele>473.000000</ele>
			</trkpt>
			<trkpt lat="50.669591" lon="14.762248">
				<ele>472.000000</ele>
			</trkpt>
			<trkpt lat="50.669614" lon="14.762168">
				<ele>472.000000</ele>
			</trkpt>
			<trkpt lat="50.669625" lon="14.762078">
				<ele>472.000000</ele>
			</trkpt>
			<trkpt lat="50.669625" lon="14.761997">
				<ele>471.000000</ele>
			</trkpt>
			<trkpt lat="50.669625" lon="14.761907">
				<ele>471.000000</ele>
			</trkpt>
			<trkpt lat="50.669591" lon="14.761737">
				<ele>471.000000</ele>
			</trkpt>
			<trkpt lat="50.669568" lon="14.761674">
				<ele>470.000000</ele>
			</trkpt>
			<trkpt lat="50.669534" lon="14.761611">
				<ele>470.000000</ele>
			</trkpt>
			<trkpt lat="50.669500" lon="14.761557">
				<ele>470.000000</ele>
			</trkpt>
			<trkpt lat="50.669460" lon="14.761512">
				<ele>469.000000</ele>
			</trkpt>
			<trkpt lat="50.669409" lon="14.761485">
				<ele>466.000000</ele>
			</trkpt>
			<trkpt lat="50.669352" lon="14.761458">
				<ele>464.000000</ele>
			</trkpt>
			<trkpt lat="50.669210" lon="14.761449">
				<ele>457.000000</ele>
			</trkpt>
			<trkpt lat="50.669084" lon="14.761422">
				<ele>451.000000</ele>
			</trkpt>
			<trkpt lat="50.668965" lon="14.761386">
				<ele>446.000000</ele>
			</trkpt>
			<trkpt lat="50.668857" lon="14.761323">
				<ele>443.000000</ele>
			</trkpt>
			<trkpt lat="50.668652" lon="14.761162">
				<ele>439.000000</ele>
			</trkpt>
			<trkpt lat="50.668560" lon="14.761108">
				<ele>437.000000</ele>
			</trkpt>
			<trkpt lat="50.668515" lon="14.761081">
				<ele>436.000000</ele>
			</trkpt>
			<trkpt lat="50.668498" lon="14.761026">
				<ele>436.000000</ele>
			</trkpt>
			<trkpt lat="50.668498" lon="14.760965">
				<ele>435.000000</ele>
			</trkpt>
			<trkpt lat="50.668509" lon="14.760936">
				<ele>435.000000</ele>
			</trkpt>
			<trkpt lat="50.668532" lon="14.760928">
				<ele>434.000000</ele>
			</trkpt>
			<trkpt lat="50.668640" lon="14.760936">
				<ele>432.000000</ele>
			</trkpt>
			<trkpt lat="50.668731" lon="14.760928">
				<ele>430.000000</ele>
			</trkpt>
			<trkpt lat="50.668811" lon="14.760883">
				<ele>429.000000</ele>
			</trkpt>
			<trkpt lat="50.668885" lon="14.760812">
				<ele>428.000000</ele>
			</trkpt>
			<trkpt lat="50.668959" lon="14.760686">
				<ele>427.000000</ele>
			</trkpt>
			<trkpt lat="50.668999" lon="14.760586">
				<ele>427.000000</ele>
			</trkpt>
			<trkpt lat="50.669039" lon="14.760497">
				<ele>426.000000</ele>
			</trkpt>
			<trkpt lat="50.669056" lon="14.760399">
				<ele>425.000000</ele>
			</trkpt>
			<trkpt lat="50.669061" lon="14.760299">
				<ele>424.000000</ele>
			</trkpt>
			<trkpt lat="50.669084" lon="14.760101">
				<ele>422.000000</ele>
			</trkpt>
			<trkpt lat="50.669073" lon="14.759634">
				<ele>414.000000</ele>
			</trkpt>
			<trkpt lat="50.669073" lon="14.759392">
				<ele>409.000000</ele>
			</trkpt>
			<trkpt lat="50.669061" lon="14.759239">
				<ele>406.000000</ele>
			</trkpt>
			<trkpt lat="50.669027" lon="14.759095">
				<ele>403.000000</ele>
			</trkpt>
			<trkpt lat="50.668982" lon="14.758970">
				<ele>401.000000</ele>
			</trkpt>
			<trkpt lat="50.668937" lon="14.758871">
				<ele>398.000000</ele>
			</trkpt>
			<trkpt lat="50.668919" lon="14.758799">
				<ele>397.000000</ele>
			</trkpt>
			<trkpt lat="50.668919" lon="14.758728">
				<ele>396.000000</ele>
			</trkpt>
			<trkpt lat="50.668942" lon="14.758691">
				<ele>395.000000</ele>
			</trkpt>
			<trkpt lat="50.668988" lon="14.758592">
				<ele>392.000000</ele>
			</trkpt>
			<trkpt lat="50.669022" lon="14.758502">
				<ele>389.000000</ele>
			</trkpt>
			<trkpt lat="50.669033" lon="14.758422">
				<ele>388.000000</ele>
			</trkpt>
			<trkpt lat="50.669033" lon="14.758332">
				<ele>387.000000</ele>
			</trkpt>
			<trkpt lat="50.669004" lon="14.758036">
				<ele>382.000000</ele>
			</trkpt>
			<trkpt lat="50.668976" lon="14.757784">
				<ele>379.000000</ele>
			</trkpt>
			<trkpt lat="50.668839" lon="14.756994">
				<ele>368.000000</ele>
			</trkpt>
			<trkpt lat="50.669056" lon="14.756311">
				<ele>360.000000</ele>
			</trkpt>
			<trkpt lat="50.669216" lon="14.755826">
				<ele>357.000000</ele>
			</trkpt>
			<trkpt lat="50.669232" lon="14.755745">
				<ele>356.000000</ele>
			</trkpt>
			<trkpt lat="50.669312" lon="14.755485">
				<ele>354.000000</ele>
			</trkpt>
			<trkpt lat="50.669415" lon="14.755036">
				<ele>351.000000</ele>
			</trkpt>
			<trkpt lat="50.669466" lon="14.754694">
				<ele>349.000000</ele>
			</trkpt>
			<trkpt lat="50.669494" lon="14.754523">
				<ele>348.000000</ele>
			</trkpt>
			<trkpt lat="50.669494" lon="14.754424">
				<ele>347.000000</ele>
			</trkpt>
			<trkpt lat="50.669494" lon="14.754344">
				<ele>347.000000</ele>
			</trkpt>
			<trkpt lat="50.669466" lon="14.754244">
				<ele>346.000000</ele>
			</trkpt>
			<trkpt lat="50.669386" lon="14.753912">
				<ele>343.000000</ele>
			</trkpt>
			<trkpt lat="50.669238" lon="14.753535">
				<ele>339.000000</ele>
			</trkpt>
			<trkpt lat="50.669164" lon="14.753365">
				<ele>338.000000</ele>
			</trkpt>
			<trkpt lat="50.669067" lon="14.753193">
				<ele>337.000000</ele>
			</trkpt>
			<trkpt lat="50.668931" lon="14.753015">
				<ele>335.000000</ele>
			</trkpt>
			<trkpt lat="50.668970" lon="14.752933">
				<ele>337.000000</ele>
			</trkpt>
			<trkpt lat="50.668970" lon="14.752933">
				<ele>337.000000</ele>
			</trkpt>
			<trkpt lat="50.669096" lon="14.752690">
				<ele>340.000000</ele>
			</trkpt>
			<trkpt lat="50.669147" lon="14.752619">
				<ele>342.000000</ele>
			</trkpt>
			<trkpt lat="50.669227" lon="14.752573">
				<ele>344.000000</ele>
			</trkpt>
			<trkpt lat="50.669289" lon="14.752529">
				<ele>345.000000</ele>
			</trkpt>
			<trkpt lat="50.669381" lon="14.752430">
				<ele>348.000000</ele>
			</trkpt>
			<trkpt lat="50.669443" lon="14.752386">
				<ele>350.000000</ele>
			</trkpt>
			<trkpt lat="50.669494" lon="14.752376">
				<ele>350.000000</ele>
			</trkpt>
			<trkpt lat="50.669562" lon="14.752386">
				<ele>350.000000</ele>
			</trkpt>
			<trkpt lat="50.669659" lon="14.752430">
				<ele>350.000000</ele>
			</trkpt>
			<trkpt lat="50.669676" lon="14.752439">
				<ele>350.000000</ele>
			</trkpt>
			<trkpt lat="50.669688" lon="14.752430">
				<ele>350.000000</ele>
			</trkpt>
			<trkpt lat="50.669733" lon="14.752304">
				<ele>350.000000</ele>
			</trkpt>
			<trkpt lat="50.669722" lon="14.752143">
				<ele>350.000000</ele>
			</trkpt>
			<trkpt lat="50.669722" lon="14.752034">
				<ele>350.000000</ele>
			</trkpt>
			<trkpt lat="50.669739" lon="14.751936">
				<ele>350.000000</ele>
			</trkpt>
			<trkpt lat="50.669767" lon="14.751837">
				<ele>350.000000</ele>
			</trkpt>
			<trkpt lat="50.669836" lon="14.751648">
				<ele>350.000000</ele>
			</trkpt>
			<trkpt lat="50.669875" lon="14.751523">
				<ele>350.000000</ele>
			</trkpt>
			<trkpt lat="50.669870" lon="14.751451">
				<ele>350.000000</ele>
			</trkpt>
			<trkpt lat="50.669870" lon="14.751397">
				<ele>350.000000</ele>
			</trkpt>
			<trkpt lat="50.669864" lon="14.751334">
				<ele>350.000000</ele>
			</trkpt>
			<trkpt lat="50.669836" lon="14.751281">
				<ele>350.000000</ele>
			</trkpt>
			<trkpt lat="50.669802" lon="14.751154">
				<ele>350.000000</ele>
			</trkpt>
			<trkpt lat="50.669785" lon="14.751011">
				<ele>350.000000</ele>
			</trkpt>
			<trkpt lat="50.669790" lon="14.750858">
				<ele>350.000000</ele>
			</trkpt>
			<trkpt lat="50.669824" lon="14.750669">
				<ele>350.000000</ele>
			</trkpt>
			<trkpt lat="50.669887" lon="14.750365">
				<ele>350.000000</ele>
			</trkpt>
			<trkpt lat="50.669967" lon="14.750095">
				<ele>350.000000</ele>
			</trkpt>
			<trkpt lat="50.670087" lon="14.749699">
				<ele>345.000000</ele>
			</trkpt>
			<trkpt lat="50.670109" lon="14.749654">
				<ele>344.000000</ele>
			</trkpt>
			<trkpt lat="50.670138" lon="14.749636">
				<ele>343.000000</ele>
			</trkpt>
			<trkpt lat="50.670155" lon="14.749636">
				<ele>343.000000</ele>
			</trkpt>
			<trkpt lat="50.670177" lon="14.749654">
				<ele>342.000000</ele>
			</trkpt>
			<trkpt lat="50.670217" lon="14.749709">
				<ele>340.000000</ele>
			</trkpt>
			<trkpt lat="50.670274" lon="14.749833">
				<ele>336.000000</ele>
			</trkpt>
			<trkpt lat="50.670337" lon="14.749950">
				<ele>331.000000</ele>
			</trkpt>
			<trkpt lat="50.670366" lon="14.749996">
				<ele>330.000000</ele>
			</trkpt>
			<trkpt lat="50.670411" lon="14.750032">
				<ele>328.000000</ele>
			</trkpt>
			<trkpt lat="50.670457" lon="14.750049">
				<ele>327.000000</ele>
			</trkpt>
			<trkpt lat="50.670502" lon="14.750032">
				<ele>326.000000</ele>
			</trkpt>
			<trkpt lat="50.670542" lon="14.750005">
				<ele>325.000000</ele>
			</trkpt>
			<trkpt lat="50.670679" lon="14.749833">
				<ele>324.000000</ele>
			</trkpt>
			<trkpt lat="50.670724" lon="14.749709">
				<ele>323.000000</ele>
			</trkpt>
			<trkpt lat="50.670752" lon="14.749583">
				<ele>322.000000</ele>
			</trkpt>
			<trkpt lat="50.670769" lon="14.749447">
				<ele>321.000000</ele>
			</trkpt>
			<trkpt lat="50.670758" lon="14.749294">
				<ele>320.000000</ele>
			</trkpt>
			<trkpt lat="50.670730" lon="14.748971">
				<ele>318.000000</ele>
			</trkpt>
			<trkpt lat="50.670656" lon="14.748315">
				<ele>315.000000</ele>
			</trkpt>
			<trkpt lat="50.670638" lon="14.748091">
				<ele>315.000000</ele>
			</trkpt>
			<trkpt lat="50.670604" lon="14.747866">
				<ele>315.000000</ele>
			</trkpt>
			<trkpt lat="50.670576" lon="14.747715">
				<ele>315.000000</ele>
			</trkpt>
			<trkpt lat="50.670565" lon="14.747552">
				<ele>315.000000</ele>
			</trkpt>
			<trkpt lat="50.670559" lon="14.747273">
				<ele>315.000000</ele>
			</trkpt>
			<trkpt lat="50.670553" lon="14.747103">
				<ele>315.000000</ele>
			</trkpt>
			<trkpt lat="50.670576" lon="14.746933">
				<ele>315.000000</ele>
			</trkpt>
			<trkpt lat="50.670610" lon="14.746734">
				<ele>315.000000</ele>
			</trkpt>
			<trkpt lat="50.670644" lon="14.746591">
				<ele>315.000000</ele>
			</trkpt>
			<trkpt lat="50.670679" lon="14.746483">
				<ele>316.000000</ele>
			</trkpt>
			<trkpt lat="50.670781" lon="14.746348">
				<ele>317.000000</ele>
			</trkpt>
			<trkpt lat="50.670866" lon="14.746214">
				<ele>318.000000</ele>
			</trkpt>
			<trkpt lat="50.670929" lon="14.746078">
				<ele>319.000000</ele>
			</trkpt>
			<trkpt lat="50.670986" lon="14.745954">
				<ele>320.000000</ele>
			</trkpt>
			<trkpt lat="50.671100" lon="14.745612">
				<ele>320.000000</ele>
			</trkpt>
			<trkpt lat="50.671031" lon="14.745541">
				<ele>320.000000</ele>
			</trkpt>
			<trkpt lat="50.670958" lon="14.745459">
				<ele>320.000000</ele>
			</trkpt>
			<trkpt lat="50.670901" lon="14.745361">
				<ele>320.000000</ele>
			</trkpt>
			<trkpt lat="50.670866" lon="14.745279">
				<ele>320.000000</ele>
			</trkpt>
			<trkpt lat="50.670838" lon="14.745189">
				<ele>320.000000</ele>
			</trkpt>
			<trkpt lat="50.670821" lon="14.745091">
				<ele>319.000000</ele>
			</trkpt>
			<trkpt lat="50.670821" lon="14.744983">
				<ele>319.000000</ele>
			</trkpt>
			<trkpt lat="50.670832" lon="14.744866">
				<ele>319.000000</ele>
			</trkpt>
			<trkpt lat="50.670929" lon="14.744229">
				<ele>317.000000</ele>
			</trkpt>
			<trkpt lat="50.671043" lon="14.743681">
				<ele>316.000000</ele>
			</trkpt>
			<trkpt lat="50.671180" lon="14.743151">
				<ele>315.000000</ele>
			</trkpt>
			<trkpt lat="50.671402" lon="14.742413">
				<ele>311.000000</ele>
			</trkpt>
			<trkpt lat="50.671299" lon="14.742109">
				<ele>310.000000</ele>
			</trkpt>
			<trkpt lat="50.671470" lon="14.742019">
				<ele>310.000000</ele>
			</trkpt>
			<trkpt lat="50.671641" lon="14.741946">
				<ele>310.000000</ele>
			</trkpt>
			<trkpt lat="50.672039" lon="14.741830">
				<ele>307.000000</ele>
			</trkpt>
			<trkpt lat="50.672478" lon="14.741731">
				<ele>305.000000</ele>
			</trkpt>
			<trkpt lat="50.673189" lon="14.741614">
				<ele>305.000000</ele>
			</trkpt>
			<trkpt lat="50.673702" lon="14.741543">
				<ele>305.000000</ele>
			</trkpt>
			<trkpt lat="50.674453" lon="14.741453">
				<ele>305.000000</ele>
			</trkpt>
			<trkpt lat="50.675506" lon="14.741291">
				<ele>301.000000</ele>
			</trkpt>
			<trkpt lat="50.675677" lon="14.741246">
				<ele>299.000000</ele>
			</trkpt>
			<trkpt lat="50.675819" lon="14.741201">
				<ele>299.000000</ele>
			</trkpt>
			<trkpt lat="50.675927" lon="14.741147">
				<ele>298.000000</ele>
			</trkpt>
			<trkpt lat="50.676030" lon="14.741075">
				<ele>297.000000</ele>
			</trkpt>
			<trkpt lat="50.676116" lon="14.740985">
				<ele>297.000000</ele>
			</trkpt>
			<trkpt lat="50.676206" lon="14.740860">
				<ele>296.000000</ele>
			</trkpt>
			<trkpt lat="50.676297" lon="14.740707">
				<ele>295.000000</ele>
			</trkpt>
			<trkpt lat="50.676411" lon="14.740474">
				<ele>295.000000</ele>
			</trkpt>
			<trkpt lat="50.676502" lon="14.740249">
				<ele>294.000000</ele>
			</trkpt>
			<trkpt lat="50.676685" lon="14.739701">
				<ele>293.000000</ele>
			</trkpt>
			<trkpt lat="50.676764" lon="14.739467">
				<ele>292.000000</ele>
			</trkpt>
			<trkpt lat="50.677003" lon="14.738757">
				<ele>291.000000</ele>
			</trkpt>
			<trkpt lat="50.677100" lon="14.738507">
				<ele>290.000000</ele>
			</trkpt>
			<trkpt lat="50.677220" lon="14.738218">
				<ele>290.000000</ele>
			</trkpt>
			<trkpt lat="50.677316" lon="14.738038">
				<ele>290.000000</ele>
			</trkpt>
			<trkpt lat="50.677367" lon="14.737977">
				<ele>290.000000</ele>
			</trkpt>
			<trkpt lat="50.677436" lon="14.737914">
				<ele>290.000000</ele>
			</trkpt>
			<trkpt lat="50.677561" lon="14.737824">
				<ele>290.000000</ele>
			</trkpt>
			<trkpt lat="50.677532" lon="14.737707">
				<ele>289.000000</ele>
			</trkpt>
			<trkpt lat="50.677487" lon="14.737599">
				<ele>289.000000</ele>
			</trkpt>
			<trkpt lat="50.677442" lon="14.737509">
				<ele>288.000000</ele>
			</trkpt>
			<trkpt lat="50.677379" lon="14.737411">
				<ele>287.000000</ele>
			</trkpt>
			<trkpt lat="50.677316" lon="14.737329">
				<ele>287.000000</ele>
			</trkpt>
			<trkpt lat="50.677253" lon="14.737212">
				<ele>286.000000</ele>
			</trkpt>
			<trkpt lat="50.677197" lon="14.737113">
				<ele>285.000000</ele>
			</trkpt>
			<trkpt lat="50.677117" lon="14.737006">
				<ele>285.000000</ele>
			</trkpt>
			<trkpt lat="50.676781" lon="14.736593">
				<ele>285.000000</ele>
			</trkpt>
			<trkpt lat="50.676702" lon="14.736512">
				<ele>285.000000</ele>
			</trkpt>
			<trkpt lat="50.676645" lon="14.736413">
				<ele>285.000000</ele>
			</trkpt>
			<trkpt lat="50.676605" lon="14.736314">
				<ele>285.000000</ele>
			</trkpt>
			<trkpt lat="50.676576" lon="14.736216">
				<ele>285.000000</ele>
			</trkpt>
			<trkpt lat="50.676576" lon="14.736117">
				<ele>285.000000</ele>
			</trkpt>
			<trkpt lat="50.676628" lon="14.735767">
				<ele>285.000000</ele>
			</trkpt>
			<trkpt lat="50.676656" lon="14.735604">
				<ele>285.000000</ele>
			</trkpt>
			<trkpt lat="50.676759" lon="14.734994">
				<ele>285.000000</ele>
			</trkpt>
			<trkpt lat="50.676798" lon="14.734796">
				<ele>285.000000</ele>
			</trkpt>
			<trkpt lat="50.676804" lon="14.734616">
				<ele>286.000000</ele>
			</trkpt>
			<trkpt lat="50.676804" lon="14.734446">
				<ele>287.000000</ele>
			</trkpt>
			<trkpt lat="50.676793" lon="14.734149">
				<ele>288.000000</ele>
			</trkpt>
			<trkpt lat="50.676787" lon="14.733835">
				<ele>290.000000</ele>
			</trkpt>
			<trkpt lat="50.676793" lon="14.733539">
				<ele>292.000000</ele>
			</trkpt>
			<trkpt lat="50.676804" lon="14.733260">
				<ele>294.000000</ele>
			</trkpt>
			<trkpt lat="50.676821" lon="14.732945">
				<ele>295.000000</ele>
			</trkpt>
			<trkpt lat="50.676873" lon="14.732388">
				<ele>295.000000</ele>
			</trkpt>
			<trkpt lat="50.677020" lon="14.731302">
				<ele>295.000000</ele>
			</trkpt>
			<trkpt lat="50.677095" lon="14.730754">
				<ele>295.000000</ele>
			</trkpt>
			<trkpt lat="50.677174" lon="14.730268">
				<ele>295.000000</ele>
			</trkpt>
			<trkpt lat="50.677459" lon="14.728750">
				<ele>295.000000</ele>
			</trkpt>
			<trkpt lat="50.677687" lon="14.727717">
				<ele>295.000000</ele>
			</trkpt>
			<trkpt lat="50.677982" lon="14.726272">
				<ele>295.000000</ele>
			</trkpt>
			<trkpt lat="50.678381" lon="14.723945">
				<ele>295.000000</ele>
			</trkpt>
			<trkpt lat="50.678444" lon="14.723612">
				<ele>295.000000</ele>
			</trkpt>
			<trkpt lat="50.678472" lon="14.723442">
				<ele>295.000000</ele>
			</trkpt>
			<trkpt lat="50.678506" lon="14.723306">
				<ele>294.000000</ele>
			</trkpt>
			<trkpt lat="50.678552" lon="14.723199">
				<ele>293.000000</ele>
			</trkpt>
			<trkpt lat="50.678603" lon="14.723073">
				<ele>292.000000</ele>
			</trkpt>
			<trkpt lat="50.678785" lon="14.722704">
				<ele>290.000000</ele>
			</trkpt>
			<trkpt lat="50.678819" lon="14.722614">
				<ele>289.000000</ele>
			</trkpt>
			<trkpt lat="50.678836" lon="14.722543">
				<ele>289.000000</ele>
			</trkpt>
			<trkpt lat="50.678847" lon="14.722463">
				<ele>289.000000</ele>
			</trkpt>
			<trkpt lat="50.678847" lon="14.722390">
				<ele>288.000000</ele>
			</trkpt>
			<trkpt lat="50.678836" lon="14.722301">
				<ele>288.000000</ele>
			</trkpt>
			<trkpt lat="50.678819" lon="14.722220">
				<ele>288.000000</ele>
			</trkpt>
			<trkpt lat="50.678791" lon="14.722148">
				<ele>288.000000</ele>
			</trkpt>
			<trkpt lat="50.678762" lon="14.722075">
				<ele>287.000000</ele>
			</trkpt>
			<trkpt lat="50.678899" lon="14.721977">
				<ele>286.000000</ele>
			</trkpt>
			<trkpt lat="50.678904" lon="14.721851">
				<ele>285.000000</ele>
			</trkpt>
			<trkpt lat="50.678945" lon="14.721725">
				<ele>285.000000</ele>
			</trkpt>
			<trkpt lat="50.678979" lon="14.721627">
				<ele>285.000000</ele>
			</trkpt>
			<trkpt lat="50.678984" lon="14.721528">
				<ele>284.000000</ele>
			</trkpt>
			<trkpt lat="50.678996" lon="14.721366">
				<ele>284.000000</ele>
			</trkpt>
			<trkpt lat="50.679024" lon="14.721186">
				<ele>284.000000</ele>
			</trkpt>
			<trkpt lat="50.679064" lon="14.720943">
				<ele>284.000000</ele>
			</trkpt>
			<trkpt lat="50.679110" lon="14.720693">
				<ele>283.000000</ele>
			</trkpt>
			<trkpt lat="50.679155" lon="14.720522">
				<ele>283.000000</ele>
			</trkpt>
			<trkpt lat="50.679201" lon="14.720432">
				<ele>283.000000</ele>
			</trkpt>
			<trkpt lat="50.679218" lon="14.720387">
				<ele>283.000000</ele>
			</trkpt>
			<trkpt lat="50.679229" lon="14.720333">
				<ele>283.000000</ele>
			</trkpt>
			<trkpt lat="50.679229" lon="14.720261">
				<ele>283.000000</ele>
			</trkpt>
			<trkpt lat="50.679235" lon="14.720037">
				<ele>282.000000</ele>
			</trkpt>
			<trkpt lat="50.679286" lon="14.719758">
				<ele>282.000000</ele>
			</trkpt>
			<trkpt lat="50.679730" lon="14.719794">
				<ele>282.000000</ele>
			</trkpt>
			<trkpt lat="50.679992" lon="14.719803">
				<ele>282.000000</ele>
			</trkpt>
			<trkpt lat="50.680430" lon="14.719821">
				<ele>282.000000</ele>
			</trkpt>
			<trkpt lat="50.680891" lon="14.719813">
				<ele>282.000000</ele>
			</trkpt>
			<trkpt lat="50.681125" lon="14.719813">
				<ele>282.000000</ele>
			</trkpt>
			<trkpt lat="50.681404" lon="14.719830">
				<ele>282.000000</ele>
			</trkpt>
			<trkpt lat="50.682092" lon="14.719875">
				<ele>283.000000</ele>
			</trkpt>
			<trkpt lat="50.682456" lon="14.719875">
				<ele>283.000000</ele>
			</trkpt>
			<trkpt lat="50.682758" lon="14.719848">
				<ele>283.000000</ele>
			</trkpt>
			<trkpt lat="50.682883" lon="14.719821">
				<ele>283.000000</ele>
			</trkpt>
			<trkpt lat="50.683140" lon="14.719750">
				<ele>283.000000</ele>
			</trkpt>
			<trkpt lat="50.683378" lon="14.719660">
				<ele>283.000000</ele>
			</trkpt>
			<trkpt lat="50.683697" lon="14.719498">
				<ele>283.000000</ele>
			</trkpt>
			<trkpt lat="50.683856" lon="14.719417">
				<ele>283.000000</ele>
			</trkpt>
			<trkpt lat="50.683982" lon="14.719327">
				<ele>283.000000</ele>
			</trkpt>
			<trkpt lat="50.684090" lon="14.719247">
				<ele>283.000000</ele>
			</trkpt>
			<trkpt lat="50.684204" lon="14.719129">
				<ele>283.000000</ele>
			</trkpt>
			<trkpt lat="50.684295" lon="14.719031">
				<ele>283.000000</ele>
			</trkpt>
			<trkpt lat="50.684391" lon="14.718888">
				<ele>283.000000</ele>
			</trkpt>
			<trkpt lat="50.684494" lon="14.718743">
				<ele>283.000000</ele>
			</trkpt>
			<trkpt lat="50.684591" lon="14.718563">
				<ele>283.000000</ele>
			</trkpt>
			<trkpt lat="50.684648" lon="14.718465">
				<ele>283.000000</ele>
			</trkpt>
			<trkpt lat="50.684716" lon="14.718366">
				<ele>283.000000</ele>
			</trkpt>
			<trkpt lat="50.684778" lon="14.718303">
				<ele>283.000000</ele>
			</trkpt>
			<trkpt lat="50.684853" lon="14.718249">
				<ele>283.000000</ele>
			</trkpt>
			<trkpt lat="50.684933" lon="14.718205">
				<ele>283.000000</ele>
			</trkpt>
			<trkpt lat="50.685012" lon="14.718159">
				<ele>283.000000</ele>
			</trkpt>
			<trkpt lat="50.685285" lon="14.718106">
				<ele>283.000000</ele>
			</trkpt>
			<trkpt lat="50.685849" lon="14.717989">
				<ele>284.000000</ele>
			</trkpt>
			<trkpt lat="50.686031" lon="14.717926">
				<ele>284.000000</ele>
			</trkpt>
			<trkpt lat="50.686224" lon="14.717845">
				<ele>284.000000</ele>
			</trkpt>
			<trkpt lat="50.686890" lon="14.717576">
				<ele>284.000000</ele>
			</trkpt>
			<trkpt lat="50.687186" lon="14.717431">
				<ele>284.000000</ele>
			</trkpt>
			<trkpt lat="50.687448" lon="14.717288">
				<ele>284.000000</ele>
			</trkpt>
			<trkpt lat="50.687448" lon="14.717216">
				<ele>284.000000</ele>
			</trkpt>
			<trkpt lat="50.687420" lon="14.717144">
				<ele>284.000000</ele>
			</trkpt>
			<trkpt lat="50.687368" lon="14.717054">
				<ele>285.000000</ele>
			</trkpt>
			<trkpt lat="50.687306" lon="14.717001">
				<ele>285.000000</ele>
			</trkpt>
			<trkpt lat="50.687221" lon="14.716964">
				<ele>286.000000</ele>
			</trkpt>
			<trkpt lat="50.687089" lon="14.716901">
				<ele>286.000000</ele>
			</trkpt>
			<trkpt lat="50.686844" lon="14.716838">
				<ele>288.000000</ele>
			</trkpt>
			<trkpt lat="50.686617" lon="14.716794">
				<ele>289.000000</ele>
			</trkpt>
			<trkpt lat="50.686577" lon="14.716775">
				<ele>289.000000</ele>
			</trkpt>
			<trkpt lat="50.686537" lon="14.716748">
				<ele>289.000000</ele>
			</trkpt>
			<trkpt lat="50.686503" lon="14.716722">
				<ele>290.000000</ele>
			</trkpt>
			<trkpt lat="50.686446" lon="14.716651">
				<ele>290.000000</ele>
			</trkpt>
			<trkpt lat="50.686400" lon="14.716614">
				<ele>290.000000</ele>
			</trkpt>
			<trkpt lat="50.686349" lon="14.716588">
				<ele>291.000000</ele>
			</trkpt>
			<trkpt lat="50.686304" lon="14.716588">
				<ele>291.000000</ele>
			</trkpt>
			<trkpt lat="50.686270" lon="14.716624">
				<ele>291.000000</ele>
			</trkpt>
			<trkpt lat="50.686196" lon="14.716714">
				<ele>292.000000</ele>
			</trkpt>
			<trkpt lat="50.686134" lon="14.716758">
				<ele>293.000000</ele>
			</trkpt>
			<trkpt lat="50.686082" lon="14.716758">
				<ele>293.000000</ele>
			</trkpt>
			<trkpt lat="50.686020" lon="14.716740">
				<ele>294.000000</ele>
			</trkpt>
			<trkpt lat="50.685945" lon="14.716695">
				<ele>294.000000</ele>
			</trkpt>
			<trkpt lat="50.685700" lon="14.716534">
				<ele>296.000000</ele>
			</trkpt>
			<trkpt lat="50.685638" lon="14.716488">
				<ele>297.000000</ele>
			</trkpt>
			<trkpt lat="50.685587" lon="14.716444">
				<ele>297.000000</ele>
			</trkpt>
			<trkpt lat="50.685558" lon="14.716408">
				<ele>297.000000</ele>
			</trkpt>
			<trkpt lat="50.685541" lon="14.716345">
				<ele>298.000000</ele>
			</trkpt>
			<trkpt lat="50.685530" lon="14.716291">
				<ele>298.000000</ele>
			</trkpt>
			<trkpt lat="50.685541" lon="14.716237">
				<ele>298.000000</ele>
			</trkpt>
			<trkpt lat="50.685564" lon="14.716165">
				<ele>299.000000</ele>
			</trkpt>
			<trkpt lat="50.685604" lon="14.716093">
				<ele>299.000000</ele>
			</trkpt>
			<trkpt lat="50.685700" lon="14.715905">
				<ele>300.000000</ele>
			</trkpt>
			<trkpt lat="50.685798" lon="14.715653">
				<ele>301.000000</ele>
			</trkpt>
			<trkpt lat="50.685934" lon="14.715267">
				<ele>303.000000</ele>
			</trkpt>
			<trkpt lat="50.686105" lon="14.714844">
				<ele>305.000000</ele>
			</trkpt>
			<trkpt lat="50.686144" lon="14.714701">
				<ele>306.000000</ele>
			</trkpt>
			<trkpt lat="50.686162" lon="14.714548">
				<ele>307.000000</ele>
			</trkpt>
			<trkpt lat="50.686156" lon="14.714377">
				<ele>308.000000</ele>
			</trkpt>
			<trkpt lat="50.686116" lon="14.714090">
				<ele>310.000000</ele>
			</trkpt>
			<trkpt lat="50.685991" lon="14.713119">
				<ele>318.000000</ele>
			</trkpt>
			<trkpt lat="50.685826" lon="14.711890">
				<ele>325.000000</ele>
			</trkpt>
			<trkpt lat="50.685763" lon="14.711261">
				<ele>325.000000</ele>
			</trkpt>
			<trkpt lat="50.685689" lon="14.710416">
				<ele>324.000000</ele>
			</trkpt>
			<trkpt lat="50.685667" lon="14.710227">
				<ele>324.000000</ele>
			</trkpt>
			<trkpt lat="50.685633" lon="14.710075">
				<ele>324.000000</ele>
			</trkpt>
			<trkpt lat="50.685576" lon="14.709930">
				<ele>323.000000</ele>
			</trkpt>
			<trkpt lat="50.685507" lon="14.709796">
				<ele>323.000000</ele>
			</trkpt>
			<trkpt lat="50.685279" lon="14.709437">
				<ele>322.000000</ele>
			</trkpt>
			<trkpt lat="50.684739" lon="14.708619">
				<ele>320.000000</ele>
			</trkpt>
			<trkpt lat="50.684665" lon="14.708521">
				<ele>320.000000</ele>
			</trkpt>
			<trkpt lat="50.684619" lon="14.708412">
				<ele>321.000000</ele>
			</trkpt>
			<trkpt lat="50.684591" lon="14.708314">
				<ele>321.000000</ele>
			</trkpt>
			<trkpt lat="50.684585" lon="14.708198">
				<ele>321.000000</ele>
			</trkpt>
			<trkpt lat="50.684500" lon="14.707110">
				<ele>324.000000</ele>
			</trkpt>
			<trkpt lat="50.684443" lon="14.706104">
				<ele>328.000000</ele>
			</trkpt>
			<trkpt lat="50.684409" lon="14.705412">
				<ele>330.000000</ele>
			</trkpt>
			<trkpt lat="50.684386" lon="14.704720">
				<ele>330.000000</ele>
			</trkpt>
			<trkpt lat="50.684329" lon="14.703643">
				<ele>330.000000</ele>
			</trkpt>
			<trkpt lat="50.684284" lon="14.702879">
				<ele>330.000000</ele>
			</trkpt>
			<trkpt lat="50.684181" lon="14.701567">
				<ele>330.000000</ele>
			</trkpt>
			<trkpt lat="50.684022" lon="14.699636">
				<ele>330.000000</ele>
			</trkpt>
			<trkpt lat="50.683913" lon="14.698108">
				<ele>330.000000</ele>
			</trkpt>
			<trkpt lat="50.683845" lon="14.697292">
				<ele>329.000000</ele>
			</trkpt>
			<trkpt lat="50.683737" lon="14.696141">
				<ele>328.000000</ele>
			</trkpt>
			<trkpt lat="50.683726" lon="14.696061">
				<ele>328.000000</ele>
			</trkpt>
			<trkpt lat="50.683691" lon="14.696007">
				<ele>328.000000</ele>
			</trkpt>
			<trkpt lat="50.683634" lon="14.695980">
				<ele>328.000000</ele>
			</trkpt>
			<trkpt lat="50.683572" lon="14.695980">
				<ele>328.000000</ele>
			</trkpt>
			<trkpt lat="50.683862" lon="14.695737">
				<ele>328.000000</ele>
			</trkpt>
			<trkpt lat="50.684022" lon="14.695594">
				<ele>328.000000</ele>
			</trkpt>
			<trkpt lat="50.684255" lon="14.695424">
				<ele>328.000000</ele>
			</trkpt>
			<trkpt lat="50.684773" lon="14.695009">
				<ele>327.000000</ele>
			</trkpt>
			<trkpt lat="50.685279" lon="14.694588">
				<ele>326.000000</ele>
			</trkpt>
			<trkpt lat="50.685940" lon="14.694049">
				<ele>326.000000</ele>
			</trkpt>
			<trkpt lat="50.686264" lon="14.693761">
				<ele>325.000000</ele>
			</trkpt>
			<trkpt lat="50.686498" lon="14.693563">
				<ele>325.000000</ele>
			</trkpt>
			<trkpt lat="50.686856" lon="14.693294">
				<ele>324.000000</ele>
			</trkpt>
			<trkpt lat="50.687027" lon="14.693150">
				<ele>323.000000</ele>
			</trkpt>
			<trkpt lat="50.687169" lon="14.693007">
				<ele>323.000000</ele>
			</trkpt>
			<trkpt lat="50.687294" lon="14.692854">
				<ele>322.000000</ele>
			</trkpt>
			<trkpt lat="50.687539" lon="14.692548">
				<ele>321.000000</ele>
			</trkpt>
			<trkpt lat="50.687932" lon="14.692028">
				<ele>318.000000</ele>
			</trkpt>
			<trkpt lat="50.688603" lon="14.691084">
				<ele>312.000000</ele>
			</trkpt>
			<trkpt lat="50.688745" lon="14.690877">
				<ele>311.000000</ele>
			</trkpt>
			<trkpt lat="50.688865" lon="14.690734">
				<ele>310.000000</ele>
			</trkpt>
			<trkpt lat="50.688956" lon="14.690634">
				<ele>309.000000</ele>
			</trkpt>
			<trkpt lat="50.689315" lon="14.690258">
				<ele>308.000000</ele>
			</trkpt>
			<trkpt lat="50.689582" lon="14.690005">
				<ele>306.000000</ele>
			</trkpt>
			<trkpt lat="50.689662" lon="14.689952">
				<ele>306.000000</ele>
			</trkpt>
			<trkpt lat="50.689742" lon="14.689908">
				<ele>306.000000</ele>
			</trkpt>
			<trkpt lat="50.689844" lon="14.689862">
				<ele>305.000000</ele>
			</trkpt>
			<trkpt lat="50.689958" lon="14.689835">
				<ele>305.000000</ele>
			</trkpt>
			<trkpt lat="50.690202" lon="14.689772">
				<ele>304.000000</ele>
			</trkpt>
			<trkpt lat="50.690373" lon="14.689718">
				<ele>304.000000</ele>
			</trkpt>
			<trkpt lat="50.690532" lon="14.689629">
				<ele>304.000000</ele>
			</trkpt>
			<trkpt lat="50.690874" lon="14.689359">
				<ele>303.000000</ele>
			</trkpt>
			<trkpt lat="50.690948" lon="14.689305">
				<ele>303.000000</ele>
			</trkpt>
			<trkpt lat="50.691011" lon="14.689269">
				<ele>303.000000</ele>
			</trkpt>
			<trkpt lat="50.691216" lon="14.689261">
				<ele>303.000000</ele>
			</trkpt>
			<trkpt lat="50.691295" lon="14.689233">
				<ele>302.000000</ele>
			</trkpt>
			<trkpt lat="50.691363" lon="14.689198">
				<ele>302.000000</ele>
			</trkpt>
			<trkpt lat="50.691426" lon="14.689162">
				<ele>302.000000</ele>
			</trkpt>
			<trkpt lat="50.691523" lon="14.689053">
				<ele>302.000000</ele>
			</trkpt>
			<trkpt lat="50.691665" lon="14.688919">
				<ele>302.000000</ele>
			</trkpt>
			<trkpt lat="50.691847" lon="14.688713">
				<ele>301.000000</ele>
			</trkpt>
			<trkpt lat="50.692132" lon="14.688434">
				<ele>301.000000</ele>
			</trkpt>
			<trkpt lat="50.692581" lon="14.687921">
				<ele>300.000000</ele>
			</trkpt>
			<trkpt lat="50.692775" lon="14.687653">
				<ele>300.000000</ele>
			</trkpt>
			<trkpt lat="50.692883" lon="14.687482">
				<ele>300.000000</ele>
			</trkpt>
			<trkpt lat="50.692985" lon="14.687311">
				<ele>300.000000</ele>
			</trkpt>
			<trkpt lat="50.693298" lon="14.686655">
				<ele>299.000000</ele>
			</trkpt>
			<trkpt lat="50.693378" lon="14.686485">
				<ele>299.000000</ele>
			</trkpt>
			<trkpt lat="50.693469" lon="14.686342">
				<ele>299.000000</ele>
			</trkpt>
			<trkpt lat="50.693571" lon="14.686197">
				<ele>299.000000</ele>
			</trkpt>
			<trkpt lat="50.693754" lon="14.685973">
				<ele>299.000000</ele>
			</trkpt>
			<trkpt lat="50.694203" lon="14.685371">
				<ele>298.000000</ele>
			</trkpt>
			<trkpt lat="50.694408" lon="14.685101">
				<ele>298.000000</ele>
			</trkpt>
			<trkpt lat="50.694647" lon="14.684805">
				<ele>298.000000</ele>
			</trkpt>
			<trkpt lat="50.694880" lon="14.684472">
				<ele>298.000000</ele>
			</trkpt>
			<trkpt lat="50.695114" lon="14.684095">
				<ele>297.000000</ele>
			</trkpt>
			<trkpt lat="50.695187" lon="14.683969">
				<ele>297.000000</ele>
			</trkpt>
			<trkpt lat="50.695239" lon="14.683906">
				<ele>297.000000</ele>
			</trkpt>
			<trkpt lat="50.695295" lon="14.683898">
				<ele>297.000000</ele>
			</trkpt>
			<trkpt lat="50.695358" lon="14.683898">
				<ele>297.000000</ele>
			</trkpt>
			<trkpt lat="50.695393" lon="14.683753">
				<ele>297.000000</ele>
			</trkpt>
			<trkpt lat="50.695427" lon="14.683629">
				<ele>296.000000</ele>
			</trkpt>
			<trkpt lat="50.695466" lon="14.683367">
				<ele>295.000000</ele>
			</trkpt>
			<trkpt lat="50.695472" lon="14.683143">
				<ele>295.000000</ele>
			</trkpt>
			<trkpt lat="50.695455" lon="14.682891">
				<ele>295.000000</ele>
			</trkpt>
			<trkpt lat="50.695398" lon="14.682505">
				<ele>295.000000</ele>
			</trkpt>
			<trkpt lat="50.695250" lon="14.681562">
				<ele>294.000000</ele>
			</trkpt>
			<trkpt lat="50.695222" lon="14.681302">
				<ele>294.000000</ele>
			</trkpt>
			<trkpt lat="50.695205" lon="14.680996">
				<ele>294.000000</ele>
			</trkpt>
			<trkpt lat="50.695148" lon="14.680116">
				<ele>293.000000</ele>
			</trkpt>
			<trkpt lat="50.695130" lon="14.679631">
				<ele>293.000000</ele>
			</trkpt>
			<trkpt lat="50.695130" lon="14.679191">
				<ele>293.000000</ele>
			</trkpt>
			<trkpt lat="50.695102" lon="14.678759">
				<ele>292.000000</ele>
			</trkpt>
			<trkpt lat="50.694988" lon="14.677610">
				<ele>292.000000</ele>
			</trkpt>
			<trkpt lat="50.694954" lon="14.677214">
				<ele>292.000000</ele>
			</trkpt>
			<trkpt lat="50.694943" lon="14.676963">
				<ele>291.000000</ele>
			</trkpt>
			<trkpt lat="50.694943" lon="14.676729">
				<ele>291.000000</ele>
			</trkpt>
			<trkpt lat="50.694965" lon="14.676486">
				<ele>291.000000</ele>
			</trkpt>
			<trkpt lat="50.695011" lon="14.676279">
				<ele>291.000000</ele>
			</trkpt>
			<trkpt lat="50.695057" lon="14.676082">
				<ele>291.000000</ele>
			</trkpt>
			<trkpt lat="50.695119" lon="14.675893">
				<ele>291.000000</ele>
			</trkpt>
			<trkpt lat="50.695193" lon="14.675713">
				<ele>291.000000</ele>
			</trkpt>
			<trkpt lat="50.695295" lon="14.675507">
				<ele>291.000000</ele>
			</trkpt>
			<trkpt lat="50.695444" lon="14.675283">
				<ele>290.000000</ele>
			</trkpt>
			<trkpt lat="50.695682" lon="14.674941">
				<ele>290.000000</ele>
			</trkpt>
			<trkpt lat="50.696013" lon="14.674447">
				<ele>290.000000</ele>
			</trkpt>
			<trkpt lat="50.696098" lon="14.674285">
				<ele>290.000000</ele>
			</trkpt>
			<trkpt lat="50.696183" lon="14.674115">
				<ele>290.000000</ele>
			</trkpt>
			<trkpt lat="50.696286" lon="14.673872">
				<ele>289.000000</ele>
			</trkpt>
			<trkpt lat="50.696366" lon="14.673648">
				<ele>289.000000</ele>
			</trkpt>
			<trkpt lat="50.696428" lon="14.673432">
				<ele>289.000000</ele>
			</trkpt>
			<trkpt lat="50.696622" lon="14.672813">
				<ele>289.000000</ele>
			</trkpt>
			<trkpt lat="50.696775" lon="14.672247">
				<ele>288.000000</ele>
			</trkpt>
			<trkpt lat="50.696798" lon="14.672103">
				<ele>288.000000</ele>
			</trkpt>
			<trkpt lat="50.696815" lon="14.671960">
				<ele>288.000000</ele>
			</trkpt>
			<trkpt lat="50.696844" lon="14.671581">
				<ele>288.000000</ele>
			</trkpt>
			<trkpt lat="50.696877" lon="14.670926">
				<ele>288.000000</ele>
			</trkpt>
			<trkpt lat="50.696895" lon="14.670683">
				<ele>288.000000</ele>
			</trkpt>
			<trkpt lat="50.696895" lon="14.670486">
				<ele>287.000000</ele>
			</trkpt>
			<trkpt lat="50.696883" lon="14.670315">
				<ele>287.000000</ele>
			</trkpt>
			<trkpt lat="50.696855" lon="14.670117">
				<ele>287.000000</ele>
			</trkpt>
			<trkpt lat="50.696758" lon="14.669524">
				<ele>287.000000</ele>
			</trkpt>
			<trkpt lat="50.696673" lon="14.669157">
				<ele>287.000000</ele>
			</trkpt>
			<trkpt lat="50.696622" lon="14.668931">
				<ele>286.000000</ele>
			</trkpt>
			<trkpt lat="50.696530" lon="14.668689">
				<ele>286.000000</ele>
			</trkpt>
			<trkpt lat="50.696553" lon="14.668654">
				<ele>289.000000</ele>
			</trkpt>
			<trkpt lat="50.696576" lon="14.668591">
				<ele>290.000000</ele>
			</trkpt>
			<trkpt lat="50.696593" lon="14.668455">
				<ele>291.000000</ele>
			</trkpt>
			<trkpt lat="50.696644" lon="14.667719">
				<ele>294.000000</ele>
			</trkpt>
			<trkpt lat="50.696661" lon="14.667576">
				<ele>295.000000</ele>
			</trkpt>
			<trkpt lat="50.696689" lon="14.667486">
				<ele>296.000000</ele>
			</trkpt>
			<trkpt lat="50.696724" lon="14.667386">
				<ele>297.000000</ele>
			</trkpt>
			<trkpt lat="50.696792" lon="14.667287">
				<ele>299.000000</ele>
			</trkpt>
			<trkpt lat="50.696883" lon="14.667162">
				<ele>301.000000</ele>
			</trkpt>
			<trkpt lat="50.696963" lon="14.667036">
				<ele>302.000000</ele>
			</trkpt>
			<trkpt lat="50.697025" lon="14.666901">
				<ele>304.000000</ele>
			</trkpt>
			<trkpt lat="50.697099" lon="14.666749">
				<ele>305.000000</ele>
			</trkpt>
			<trkpt lat="50.697293" lon="14.666281">
				<ele>309.000000</ele>
			</trkpt>
			<trkpt lat="50.697646" lon="14.665554">
				<ele>310.000000</ele>
			</trkpt>
			<trkpt lat="50.697714" lon="14.665339">
				<ele>310.000000</ele>
			</trkpt>
			<trkpt lat="50.697771" lon="14.665105">
				<ele>310.000000</ele>
			</trkpt>
			<trkpt lat="50.697794" lon="14.664934">
				<ele>310.000000</ele>
			</trkpt>
			<trkpt lat="50.697890" lon="14.664467">
				<ele>310.000000</ele>
			</trkpt>
			<trkpt lat="50.697902" lon="14.664377">
				<ele>310.000000</ele>
			</trkpt>
			<trkpt lat="50.697902" lon="14.664297">
				<ele>310.000000</ele>
			</trkpt>
			<trkpt lat="50.697890" lon="14.664207">
				<ele>310.000000</ele>
			</trkpt>
			<trkpt lat="50.697873" lon="14.664126">
				<ele>310.000000</ele>
			</trkpt>
			<trkpt lat="50.697839" lon="14.663981">
				<ele>310.000000</ele>
			</trkpt>
			<trkpt lat="50.697811" lon="14.663857">
				<ele>310.000000</ele>
			</trkpt>
			<trkpt lat="50.697811" lon="14.663731">
				<ele>310.000000</ele>
			</trkpt>
			<trkpt lat="50.697811" lon="14.663587">
				<ele>310.000000</ele>
			</trkpt>
			<trkpt lat="50.697811" lon="14.663434">
				<ele>310.000000</ele>
			</trkpt>
			<trkpt lat="50.697771" lon="14.663245">
				<ele>310.000000</ele>
			</trkpt>
			<trkpt lat="50.697737" lon="14.663065">
				<ele>310.000000</ele>
			</trkpt>
			<trkpt lat="50.697725" lon="14.662922">
				<ele>310.000000</ele>
			</trkpt>
			<trkpt lat="50.697737" lon="14.662849">
				<ele>310.000000</ele>
			</trkpt>
			<trkpt lat="50.697737" lon="14.662796">
				<ele>310.000000</ele>
			</trkpt>
			<trkpt lat="50.697754" lon="14.662769">
				<ele>310.000000</ele>
			</trkpt>
			<trkpt lat="50.697782" lon="14.662733">
				<ele>310.000000</ele>
			</trkpt>
			<trkpt lat="50.697862" lon="14.662662">
				<ele>309.000000</ele>
			</trkpt>
			<trkpt lat="50.697925" lon="14.662599">
				<ele>309.000000</ele>
			</trkpt>
			<trkpt lat="50.697970" lon="14.662526">
				<ele>308.000000</ele>
			</trkpt>
			<trkpt lat="50.698004" lon="14.662436">
				<ele>308.000000</ele>
			</trkpt>
			<trkpt lat="50.698078" lon="14.662356">
				<ele>307.000000</ele>
			</trkpt>
			<trkpt lat="50.698140" lon="14.662257">
				<ele>307.000000</ele>
			</trkpt>
			<trkpt lat="50.698158" lon="14.662194">
				<ele>306.000000</ele>
			</trkpt>
			<trkpt lat="50.698175" lon="14.662123">
				<ele>306.000000</ele>
			</trkpt>
			<trkpt lat="50.698192" lon="14.662014">
				<ele>306.000000</ele>
			</trkpt>
			<trkpt lat="50.698209" lon="14.661897">
				<ele>305.000000</ele>
			</trkpt>
			<trkpt lat="50.698226" lon="14.661817">
				<ele>305.000000</ele>
			</trkpt>
			<trkpt lat="50.698238" lon="14.661727">
				<ele>304.000000</ele>
			</trkpt>
			<trkpt lat="50.698226" lon="14.661628">
				<ele>304.000000</ele>
			</trkpt>
			<trkpt lat="50.698209" lon="14.661476">
				<ele>303.000000</ele>
			</trkpt>
			<trkpt lat="50.698181" lon="14.661314">
				<ele>302.000000</ele>
			</trkpt>
			<trkpt lat="50.698124" lon="14.661152">
				<ele>301.000000</ele>
			</trkpt>
			<trkpt lat="50.698118" lon="14.660991">
				<ele>300.000000</ele>
			</trkpt>
			<trkpt lat="50.698106" lon="14.660865">
				<ele>300.000000</ele>
			</trkpt>
			<trkpt lat="50.698118" lon="14.660765">
				<ele>299.000000</ele>
			</trkpt>
			<trkpt lat="50.698135" lon="14.660649">
				<ele>298.000000</ele>
			</trkpt>
			<trkpt lat="50.698169" lon="14.660515">
				<ele>296.000000</ele>
			</trkpt>
			<trkpt lat="50.698186" lon="14.660425">
				<ele>295.000000</ele>
			</trkpt>
			<trkpt lat="50.698197" lon="14.660344">
				<ele>294.000000</ele>
			</trkpt>
			<trkpt lat="50.698186" lon="14.660110">
				<ele>290.000000</ele>
			</trkpt>
			<trkpt lat="50.698175" lon="14.659912">
				<ele>288.000000</ele>
			</trkpt>
			<trkpt lat="50.698186" lon="14.659742">
				<ele>286.000000</ele>
			</trkpt>
			<trkpt lat="50.698204" lon="14.659633">
				<ele>284.000000</ele>
			</trkpt>
			<trkpt lat="50.698220" lon="14.659589">
				<ele>284.000000</ele>
			</trkpt>
			<trkpt lat="50.698248" lon="14.659544">
				<ele>283.000000</ele>
			</trkpt>
			<trkpt lat="50.698362" lon="14.659346">
				<ele>280.000000</ele>
			</trkpt>
			<trkpt lat="50.698408" lon="14.659266">
				<ele>279.000000</ele>
			</trkpt>
			<trkpt lat="50.698436" lon="14.659149">
				<ele>278.000000</ele>
			</trkpt>
			<trkpt lat="50.698442" lon="14.659068">
				<ele>278.000000</ele>
			</trkpt>
			<trkpt lat="50.698442" lon="14.658996">
				<ele>277.000000</ele>
			</trkpt>
			<trkpt lat="50.698408" lon="14.658754">
				<ele>275.000000</ele>
			</trkpt>
			<trkpt lat="50.698380" lon="14.658538">
				<ele>274.000000</ele>
			</trkpt>
			<trkpt lat="50.698380" lon="14.658331">
				<ele>274.000000</ele>
			</trkpt>
			<trkpt lat="50.698414" lon="14.658341">
				<ele>274.000000</ele>
			</trkpt>
			<trkpt lat="50.698476" lon="14.658314">
				<ele>273.000000</ele>
			</trkpt>
			<trkpt lat="50.698516" lon="14.658295">
				<ele>273.000000</ele>
			</trkpt>
			<trkpt lat="50.698539" lon="14.658260">
				<ele>273.000000</ele>
			</trkpt>
			<trkpt lat="50.698568" lon="14.658232">
				<ele>273.000000</ele>
			</trkpt>
			<trkpt lat="50.698630" lon="14.658215">
				<ele>273.000000</ele>
			</trkpt>
			<trkpt lat="50.698692" lon="14.658188">
				<ele>272.000000</ele>
			</trkpt>
			<trkpt lat="50.698749" lon="14.658144">
				<ele>272.000000</ele>
			</trkpt>
			<trkpt lat="50.698846" lon="14.658125">
				<ele>272.000000</ele>
			</trkpt>
			<trkpt lat="50.699233" lon="14.658098">
				<ele>272.000000</ele>
			</trkpt>
			<trkpt lat="50.699432" lon="14.658080">
				<ele>272.000000</ele>
			</trkpt>
			<trkpt lat="50.699495" lon="14.658062">
				<ele>272.000000</ele>
			</trkpt>
			<trkpt lat="50.699796" lon="14.657981">
				<ele>275.000000</ele>
			</trkpt>
			<trkpt lat="50.699905" lon="14.657945">
				<ele>276.000000</ele>
			</trkpt>
			<trkpt lat="50.700070" lon="14.657874">
				<ele>277.000000</ele>
			</trkpt>
			<trkpt lat="50.700166" lon="14.657811">
				<ele>278.000000</ele>
			</trkpt>
			<trkpt lat="50.700240" lon="14.657702">
				<ele>278.000000</ele>
			</trkpt>
			<trkpt lat="50.700263" lon="14.657649">
				<ele>279.000000</ele>
			</trkpt>
			<trkpt lat="50.700274" lon="14.657595">
				<ele>279.000000</ele>
			</trkpt>
			<trkpt lat="50.700280" lon="14.657532">
				<ele>279.000000</ele>
			</trkpt>
			<trkpt lat="50.700280" lon="14.657469">
				<ele>280.000000</ele>
			</trkpt>
			<trkpt lat="50.700400" lon="14.657452">
				<ele>280.000000</ele>
			</trkpt>
			<trkpt lat="50.700508" lon="14.657478">
				<ele>281.000000</ele>
			</trkpt>
			<trkpt lat="50.700615" lon="14.657532">
				<ele>282.000000</ele>
			</trkpt>
			<trkpt lat="50.700798" lon="14.657675">
				<ele>283.000000</ele>
			</trkpt>
			<trkpt lat="50.700843" lon="14.657702">
				<ele>284.000000</ele>
			</trkpt>
			<trkpt lat="50.700883" lon="14.657685">
				<ele>284.000000</ele>
			</trkpt>
			<trkpt lat="50.700929" lon="14.657649">
				<ele>284.000000</ele>
			</trkpt>
			<trkpt lat="50.700974" lon="14.657559">
				<ele>285.000000</ele>
			</trkpt>
			<trkpt lat="50.701054" lon="14.657308">
				<ele>287.000000</ele>
			</trkpt>
			<trkpt lat="50.701133" lon="14.657101">
				<ele>287.000000</ele>
			</trkpt>
			<trkpt lat="50.701281" lon="14.656750">
				<ele>289.000000</ele>
			</trkpt>
			<trkpt lat="50.701401" lon="14.656427">
				<ele>289.000000</ele>
			</trkpt>
			<trkpt lat="50.701492" lon="14.656121">
				<ele>290.000000</ele>
			</trkpt>
			<trkpt lat="50.701520" lon="14.655970">
				<ele>290.000000</ele>
			</trkpt>
			<trkpt lat="50.701520" lon="14.655844">
				<ele>290.000000</ele>
			</trkpt>
			<trkpt lat="50.701509" lon="14.655790">
				<ele>290.000000</ele>
			</trkpt>
			<trkpt lat="50.701481" lon="14.655717">
				<ele>290.000000</ele>
			</trkpt>
			<trkpt lat="50.701412" lon="14.655601">
				<ele>290.000000</ele>
			</trkpt>
			<trkpt lat="50.701265" lon="14.655448">
				<ele>291.000000</ele>
			</trkpt>
			<trkpt lat="50.701048" lon="14.655278">
				<ele>291.000000</ele>
			</trkpt>
			<trkpt lat="50.700780" lon="14.655052">
				<ele>292.000000</ele>
			</trkpt>
			<trkpt lat="50.700661" lon="14.654981">
				<ele>292.000000</ele>
			</trkpt>
			<trkpt lat="50.700570" lon="14.654954">
				<ele>293.000000</ele>
			</trkpt>
			<trkpt lat="50.700473" lon="14.654945">
				<ele>293.000000</ele>
			</trkpt>
			<trkpt lat="50.700349" lon="14.654972">
				<ele>293.000000</ele>
			</trkpt>
			<trkpt lat="50.700229" lon="14.654989">
				<ele>293.000000</ele>
			</trkpt>
			<trkpt lat="50.700115" lon="14.654972">
				<ele>294.000000</ele>
			</trkpt>
			<trkpt lat="50.700007" lon="14.654962">
				<ele>294.000000</ele>
			</trkpt>
			<trkpt lat="50.699882" lon="14.654918">
				<ele>294.000000</ele>
			</trkpt>
			<trkpt lat="50.699791" lon="14.654882">
				<ele>294.000000</ele>
			</trkpt>
			<trkpt lat="50.699671" lon="14.654810">
				<ele>295.000000</ele>
			</trkpt>
			<trkpt lat="50.699575" lon="14.654756">
				<ele>295.000000</ele>
			</trkpt>
			<trkpt lat="50.699330" lon="14.654540">
				<ele>295.000000</ele>
			</trkpt>
			<trkpt lat="50.699040" lon="14.654262">
				<ele>295.000000</ele>
			</trkpt>
			<trkpt lat="50.698932" lon="14.654163">
				<ele>295.000000</ele>
			</trkpt>
			<trkpt lat="50.698841" lon="14.654092">
				<ele>295.000000</ele>
			</trkpt>
			<trkpt lat="50.698744" lon="14.654064">
				<ele>295.000000</ele>
			</trkpt>
			<trkpt lat="50.698619" lon="14.654046">
				<ele>294.000000</ele>
			</trkpt>
			<trkpt lat="50.698476" lon="14.654056">
				<ele>294.000000</ele>
			</trkpt>
			<trkpt lat="50.698323" lon="14.654083">
				<ele>293.000000</ele>
			</trkpt>
			<trkpt lat="50.698044" lon="14.654127">
				<ele>293.000000</ele>
			</trkpt>
			<trkpt lat="50.697896" lon="14.654127">
				<ele>293.000000</ele>
			</trkpt>
			<trkpt lat="50.697998" lon="14.653804">
				<ele>292.000000</ele>
			</trkpt>
			<trkpt lat="50.698095" lon="14.653544">
				<ele>292.000000</ele>
			</trkpt>
			<trkpt lat="50.698192" lon="14.653265">
				<ele>292.000000</ele>
			</trkpt>
			<trkpt lat="50.698266" lon="14.653031">
				<ele>292.000000</ele>
			</trkpt>
			<trkpt lat="50.698328" lon="14.652852">
				<ele>291.000000</ele>
			</trkpt>
			<trkpt lat="50.698710" lon="14.651702">
				<ele>290.000000</ele>
			</trkpt>
			<trkpt lat="50.698790" lon="14.651433">
				<ele>290.000000</ele>
			</trkpt>
			<trkpt lat="50.698880" lon="14.651117">
				<ele>290.000000</ele>
			</trkpt>
			<trkpt lat="50.698903" lon="14.650974">
				<ele>290.000000</ele>
			</trkpt>
			<trkpt lat="50.698920" lon="14.650821">
				<ele>290.000000</ele>
			</trkpt>
			<trkpt lat="50.698932" lon="14.650678">
				<ele>290.000000</ele>
			</trkpt>
			<trkpt lat="50.698932" lon="14.650255">
				<ele>290.000000</ele>
			</trkpt>
			<trkpt lat="50.698949" lon="14.650112">
				<ele>290.000000</ele>
			</trkpt>
			<trkpt lat="50.698955" lon="14.649986">
				<ele>290.000000</ele>
			</trkpt>
			<trkpt lat="50.698994" lon="14.649815">
				<ele>290.000000</ele>
			</trkpt>
			<trkpt lat="50.699028" lon="14.649662">
				<ele>290.000000</ele>
			</trkpt>
			<trkpt lat="50.699188" lon="14.649133">
				<ele>290.000000</ele>
			</trkpt>
			<trkpt lat="50.699221" lon="14.649052">
				<ele>290.000000</ele>
			</trkpt>
			<trkpt lat="50.699278" lon="14.649007">
				<ele>290.000000</ele>
			</trkpt>
			<trkpt lat="50.699341" lon="14.648989">
				<ele>290.000000</ele>
			</trkpt>
			<trkpt lat="50.699432" lon="14.648989">
				<ele>290.000000</ele>
			</trkpt>
			<trkpt lat="50.699512" lon="14.648972">
				<ele>290.000000</ele>
			</trkpt>
			<trkpt lat="50.699580" lon="14.648962">
				<ele>290.000000</ele>
			</trkpt>
			<trkpt lat="50.699665" lon="14.648899">
				<ele>290.000000</ele>
			</trkpt>
			<trkpt lat="50.699871" lon="14.648746">
				<ele>290.000000</ele>
			</trkpt>
			<trkpt lat="50.700013" lon="14.648603">
				<ele>290.000000</ele>
			</trkpt>
			<trkpt lat="50.700155" lon="14.648459">
				<ele>290.000000</ele>
			</trkpt>
			<trkpt lat="50.700326" lon="14.648243">
				<ele>290.000000</ele>
			</trkpt>
			<trkpt lat="50.700382" lon="14.648144">
				<ele>290.000000</ele>
			</trkpt>
			<trkpt lat="50.700434" lon="14.648073">
				<ele>290.000000</ele>
			</trkpt>
			<trkpt lat="50.700741" lon="14.647893">
				<ele>290.000000</ele>
			</trkpt>
			<trkpt lat="50.700945" lon="14.647722">
				<ele>290.000000</ele>
			</trkpt>
			<trkpt lat="50.701020" lon="14.647615">
				<ele>290.000000</ele>
			</trkpt>
			<trkpt lat="50.701145" lon="14.647417">
				<ele>291.000000</ele>
			</trkpt>
			<trkpt lat="50.701224" lon="14.647336">
				<ele>291.000000</ele>
			</trkpt>
			<trkpt lat="50.701276" lon="14.647309">
				<ele>291.000000</ele>
			</trkpt>
			<trkpt lat="50.701321" lon="14.647291">
				<ele>291.000000</ele>
			</trkpt>
			<trkpt lat="50.701475" lon="14.647291">
				<ele>291.000000</ele>
			</trkpt>
			<trkpt lat="50.701520" lon="14.647264">
				<ele>291.000000</ele>
			</trkpt>
			<trkpt lat="50.701554" lon="14.647219">
				<ele>291.000000</ele>
			</trkpt>
			<trkpt lat="50.701634" lon="14.647058">
				<ele>292.000000</ele>
			</trkpt>
			<trkpt lat="50.701753" lon="14.646859">
				<ele>292.000000</ele>
			</trkpt>
			<trkpt lat="50.701799" lon="14.646762">
				<ele>292.000000</ele>
			</trkpt>
			<trkpt lat="50.701833" lon="14.646662">
				<ele>292.000000</ele>
			</trkpt>
			<trkpt lat="50.701851" lon="14.646555">
				<ele>292.000000</ele>
			</trkpt>
			<trkpt lat="50.701851" lon="14.646446">
				<ele>292.000000</ele>
			</trkpt>
			<trkpt lat="50.701822" lon="14.646366">
				<ele>292.000000</ele>
			</trkpt>
			<trkpt lat="50.701663" lon="14.646169">
				<ele>293.000000</ele>
			</trkpt>
			<trkpt lat="50.701469" lon="14.645962">
				<ele>293.000000</ele>
			</trkpt>
			<trkpt lat="50.701515" lon="14.645450">
				<ele>294.000000</ele>
			</trkpt>
			<trkpt lat="50.701503" lon="14.645297">
				<ele>294.000000</ele>
			</trkpt>
			<trkpt lat="50.701481" lon="14.645135">
				<ele>294.000000</ele>
			</trkpt>
			<trkpt lat="50.701435" lon="14.645028">
				<ele>294.000000</ele>
			</trkpt>
			<trkpt lat="50.701389" lon="14.644911">
				<ele>294.000000</ele>
			</trkpt>
			<trkpt lat="50.701299" lon="14.644758">
				<ele>294.000000</ele>
			</trkpt>
			<trkpt lat="50.701128" lon="14.644471">
				<ele>295.000000</ele>
			</trkpt>
			<trkpt lat="50.701025" lon="14.644272">
				<ele>295.000000</ele>
			</trkpt>
			<trkpt lat="50.700991" lon="14.644175">
				<ele>295.000000</ele>
			</trkpt>
			<trkpt lat="50.700980" lon="14.644066">
				<ele>296.000000</ele>
			</trkpt>
			<trkpt lat="50.700991" lon="14.643976">
				<ele>296.000000</ele>
			</trkpt>
			<trkpt lat="50.700997" lon="14.643896">
				<ele>296.000000</ele>
			</trkpt>
			<trkpt lat="50.701059" lon="14.643698">
				<ele>296.000000</ele>
			</trkpt>
			<trkpt lat="50.701151" lon="14.643464">
				<ele>297.000000</ele>
			</trkpt>
			<trkpt lat="50.701338" lon="14.643016">
				<ele>298.000000</ele>
			</trkpt>
			<trkpt lat="50.701424" lon="14.642746">
				<ele>299.000000</ele>
			</trkpt>
			<trkpt lat="50.701481" lon="14.642548">
				<ele>299.000000</ele>
			</trkpt>
			<trkpt lat="50.701515" lon="14.642377">
				<ele>300.000000</ele>
			</trkpt>
			<trkpt lat="50.701577" lon="14.641946">
				<ele>301.000000</ele>
			</trkpt>
			<trkpt lat="50.701577" lon="14.641865">
				<ele>301.000000</ele>
			</trkpt>
			<trkpt lat="50.701577" lon="14.641668">
				<ele>301.000000</ele>
			</trkpt>
			<trkpt lat="50.701566" lon="14.641272">
				<ele>302.000000</ele>
			</trkpt>
			<trkpt lat="50.701572" lon="14.641075">
				<ele>302.000000</ele>
			</trkpt>
			<trkpt lat="50.701588" lon="14.640842">
				<ele>303.000000</ele>
			</trkpt>
			<trkpt lat="50.701680" lon="14.640410">
				<ele>304.000000</ele>
			</trkpt>
			<trkpt lat="50.701686" lon="14.640267">
				<ele>304.000000</ele>
			</trkpt>
			<trkpt lat="50.701697" lon="14.640123">
				<ele>305.000000</ele>
			</trkpt>
			<trkpt lat="50.701686" lon="14.640104">
				<ele>305.000000</ele>
			</trkpt>
			<trkpt lat="50.701686" lon="14.639951">
				<ele>305.000000</ele>
			</trkpt>
			<trkpt lat="50.701657" lon="14.639601">
				<ele>306.000000</ele>
			</trkpt>
			<trkpt lat="50.701668" lon="14.639485">
				<ele>306.000000</ele>
			</trkpt>
			<trkpt lat="50.701686" lon="14.639368">
				<ele>306.000000</ele>
			</trkpt>
			<trkpt lat="50.701839" lon="14.638901">
				<ele>307.000000</ele>
			</trkpt>
			<trkpt lat="50.701862" lon="14.638775">
				<ele>308.000000</ele>
			</trkpt>
			<trkpt lat="50.701890" lon="14.638649">
				<ele>308.000000</ele>
			</trkpt>
			<trkpt lat="50.701913" lon="14.638353">
				<ele>308.000000</ele>
			</trkpt>
			<trkpt lat="50.701924" lon="14.638192">
				<ele>309.000000</ele>
			</trkpt>
			<trkpt lat="50.701941" lon="14.638056">
				<ele>309.000000</ele>
			</trkpt>
			<trkpt lat="50.702038" lon="14.637571">
				<ele>310.000000</ele>
			</trkpt>
			<trkpt lat="50.702089" lon="14.637257">
				<ele>311.000000</ele>
			</trkpt>
			<trkpt lat="50.702135" lon="14.636988">
				<ele>312.000000</ele>
			</trkpt>
			<trkpt lat="50.702243" lon="14.636053">
				<ele>314.000000</ele>
			</trkpt>
			<trkpt lat="50.702277" lon="14.635703">
				<ele>315.000000</ele>
			</trkpt>
			<trkpt lat="50.702282" lon="14.635443">
				<ele>315.000000</ele>
			</trkpt>
			<trkpt lat="50.702277" lon="14.635146">
				<ele>316.000000</ele>
			</trkpt>
			<trkpt lat="50.702282" lon="14.635038">
				<ele>316.000000</ele>
			</trkpt>
			<trkpt lat="50.702300" lon="14.634940">
				<ele>316.000000</ele>
			</trkpt>
			<trkpt lat="50.702362" lon="14.634724">
				<ele>317.000000</ele>
			</trkpt>
			<trkpt lat="50.702414" lon="14.634535">
				<ele>317.000000</ele>
			</trkpt>
			<trkpt lat="50.702499" lon="14.634391">
				<ele>318.000000</ele>
			</trkpt>
			<trkpt lat="50.702596" lon="14.634238">
				<ele>318.000000</ele>
			</trkpt>
			<trkpt lat="50.702806" lon="14.634787">
				<ele>321.000000</ele>
			</trkpt>
			<trkpt lat="50.702857" lon="14.634904">
				<ele>321.000000</ele>
			</trkpt>
			<trkpt lat="50.702903" lon="14.635003">
				<ele>321.000000</ele>
			</trkpt>
			<trkpt lat="50.702966" lon="14.635083">
				<ele>321.000000</ele>
			</trkpt>
			<trkpt lat="50.703040" lon="14.635182">
				<ele>322.000000</ele>
			</trkpt>
			<trkpt lat="50.703113" lon="14.635254">
				<ele>322.000000</ele>
			</trkpt>
			<trkpt lat="50.703193" lon="14.635334">
				<ele>322.000000</ele>
			</trkpt>
			<trkpt lat="50.703381" lon="14.635452">
				<ele>323.000000</ele>
			</trkpt>
			<trkpt lat="50.703614" lon="14.635577">
				<ele>323.000000</ele>
			</trkpt>
			<trkpt lat="50.703830" lon="14.635676">
				<ele>324.000000</ele>
			</trkpt>
			<trkpt lat="50.704001" lon="14.635739">
				<ele>324.000000</ele>
			</trkpt>
			<trkpt lat="50.704171" lon="14.635783">
				<ele>325.000000</ele>
			</trkpt>
			<trkpt lat="50.704342" lon="14.635793">
				<ele>326.000000</ele>
			</trkpt>
			<trkpt lat="50.704524" lon="14.635810">
				<ele>327.000000</ele>
			</trkpt>
			<trkpt lat="50.704712" lon="14.635793">
				<ele>328.000000</ele>
			</trkpt>
			<trkpt lat="50.704963" lon="14.635748">
				<ele>329.000000</ele>
			</trkpt>
			<trkpt lat="50.705315" lon="14.635649">
				<ele>333.000000</ele>
			</trkpt>
			<trkpt lat="50.705623" lon="14.635604">
				<ele>338.000000</ele>
			</trkpt>
			<trkpt lat="50.705918" lon="14.635586">
				<ele>339.000000</ele>
			</trkpt>
			<trkpt lat="50.706260" lon="14.635632">
				<ele>338.000000</ele>
			</trkpt>
			<trkpt lat="50.706584" lon="14.635667">
				<ele>336.000000</ele>
			</trkpt>
			<trkpt lat="50.707386" lon="14.635730">
				<ele>337.000000</ele>
			</trkpt>
			<trkpt lat="50.707773" lon="14.635739">
				<ele>337.000000</ele>
			</trkpt>
			<trkpt lat="50.708103" lon="14.635783">
				<ele>338.000000</ele>
			</trkpt>
			<trkpt lat="50.708399" lon="14.635819">
				<ele>338.000000</ele>
			</trkpt>
			<trkpt lat="50.708735" lon="14.635873">
				<ele>338.000000</ele>
			</trkpt>
			<trkpt lat="50.709087" lon="14.635946">
				<ele>339.000000</ele>
			</trkpt>
			<trkpt lat="50.709354" lon="14.635972">
				<ele>339.000000</ele>
			</trkpt>
			<trkpt lat="50.709730" lon="14.635999">
				<ele>339.000000</ele>
			</trkpt>
			<trkpt lat="50.710066" lon="14.635990">
				<ele>340.000000</ele>
			</trkpt>
			<trkpt lat="50.710452" lon="14.635946">
				<ele>340.000000</ele>
			</trkpt>
			<trkpt lat="50.710890" lon="14.635856">
				<ele>340.000000</ele>
			</trkpt>
			<trkpt lat="50.711317" lon="14.635783">
				<ele>340.000000</ele>
			</trkpt>
			<trkpt lat="50.711704" lon="14.635730">
				<ele>340.000000</ele>
			</trkpt>
			<trkpt lat="50.713120" lon="14.635632">
				<ele>339.000000</ele>
			</trkpt>
			<trkpt lat="50.713274" lon="14.635730">
				<ele>340.000000</ele>
			</trkpt>
			<trkpt lat="50.713438" lon="14.635883">
				<ele>340.000000</ele>
			</trkpt>
			<trkpt lat="50.713581" lon="14.636035">
				<ele>340.000000</ele>
			</trkpt>
			<trkpt lat="50.713922" lon="14.636431">
				<ele>341.000000</ele>
			</trkpt>
			<trkpt lat="50.714485" lon="14.637005">
				<ele>343.000000</ele>
			</trkpt>
			<trkpt lat="50.714554" lon="14.637077">
				<ele>343.000000</ele>
			</trkpt>
			<trkpt lat="50.714639" lon="14.637122">
				<ele>343.000000</ele>
			</trkpt>
			<trkpt lat="50.714707" lon="14.637158">
				<ele>343.000000</ele>
			</trkpt>
			<trkpt lat="50.714918" lon="14.637204">
				<ele>344.000000</ele>
			</trkpt>
			<trkpt lat="50.715094" lon="14.637248">
				<ele>344.000000</ele>
			</trkpt>
			<trkpt lat="50.715185" lon="14.637240">
				<ele>344.000000</ele>
			</trkpt>
			<trkpt lat="50.715276" lon="14.637204">
				<ele>344.000000</ele>
			</trkpt>
			<trkpt lat="50.715321" lon="14.637167">
				<ele>345.000000</ele>
			</trkpt>
			<trkpt lat="50.715367" lon="14.637131">
				<ele>345.000000</ele>
			</trkpt>
			<trkpt lat="50.715418" lon="14.637041">
				<ele>345.000000</ele>
			</trkpt>
			<trkpt lat="50.715742" lon="14.636529">
				<ele>347.000000</ele>
			</trkpt>
			<trkpt lat="50.716288" lon="14.635622">
				<ele>350.000000</ele>
			</trkpt>
			<trkpt lat="50.716493" lon="14.635254">
				<ele>350.000000</ele>
			</trkpt>
			<trkpt lat="50.716919" lon="14.634454">
				<ele>350.000000</ele>
			</trkpt>
			<trkpt lat="50.717170" lon="14.634041">
				<ele>350.000000</ele>
			</trkpt>
			<trkpt lat="50.717318" lon="14.633844">
				<ele>350.000000</ele>
			</trkpt>
			<trkpt lat="50.717602" lon="14.633511">
				<ele>350.000000</ele>
			</trkpt>
			<trkpt lat="50.717698" lon="14.633385">
				<ele>350.000000</ele>
			</trkpt>
			<trkpt lat="50.717801" lon="14.633233">
				<ele>350.000000</ele>
			</trkpt>
			<trkpt lat="50.717886" lon="14.633017">
				<ele>350.000000</ele>
			</trkpt>
			<trkpt lat="50.717961" lon="14.633259">
				<ele>351.000000</ele>
			</trkpt>
			<trkpt lat="50.718006" lon="14.633458">
				<ele>351.000000</ele>
			</trkpt>
			<trkpt lat="50.718034" lon="14.633682">
				<ele>352.000000</ele>
			</trkpt>
			<trkpt lat="50.718046" lon="14.633961">
				<ele>353.000000</ele>
			</trkpt>
			<trkpt lat="50.718034" lon="14.634320">
				<ele>354.000000</ele>
			</trkpt>
			<trkpt lat="50.718000" lon="14.634697">
				<ele>355.000000</ele>
			</trkpt>
			<trkpt lat="50.717977" lon="14.634867">
				<ele>356.000000</ele>
			</trkpt>
			<trkpt lat="50.717915" lon="14.635137">
				<ele>357.000000</ele>
			</trkpt>
			<trkpt lat="50.717886" lon="14.635272">
				<ele>357.000000</ele>
			</trkpt>
			<trkpt lat="50.717881" lon="14.635397">
				<ele>358.000000</ele>
			</trkpt>
			<trkpt lat="50.717886" lon="14.635550">
				<ele>358.000000</ele>
			</trkpt>
			<trkpt lat="50.717904" lon="14.635676">
				<ele>358.000000</ele>
			</trkpt>
			<trkpt lat="50.717943" lon="14.635775">
				<ele>359.000000</ele>
			</trkpt>
			<trkpt lat="50.718234" lon="14.636494">
				<ele>362.000000</ele>
			</trkpt>
			<trkpt lat="50.718507" lon="14.637150">
				<ele>365.000000</ele>
			</trkpt>
			<trkpt lat="50.718654" lon="14.637177">
				<ele>365.000000</ele>
			</trkpt>
			<trkpt lat="50.718802" lon="14.637204">
				<ele>364.000000</ele>
			</trkpt>
			<trkpt lat="50.719240" lon="14.637212">
				<ele>358.000000</ele>
			</trkpt>
			<trkpt lat="50.719473" lon="14.637212">
				<ele>355.000000</ele>
			</trkpt>
			<trkpt lat="50.719701" lon="14.637177">
				<ele>353.000000</ele>
			</trkpt>
			<trkpt lat="50.719815" lon="14.637150">
				<ele>352.000000</ele>
			</trkpt>
			<trkpt lat="50.719923" lon="14.637095">
				<ele>351.000000</ele>
			</trkpt>
			<trkpt lat="50.720025" lon="14.637024">
				<ele>351.000000</ele>
			</trkpt>
			<trkpt lat="50.720167" lon="14.636880">
				<ele>350.000000</ele>
			</trkpt>
			<trkpt lat="50.720247" lon="14.636790">
				<ele>350.000000</ele>
			</trkpt>
			<trkpt lat="50.720304" lon="14.636718">
				<ele>349.000000</ele>
			</trkpt>
			<trkpt lat="50.720343" lon="14.636619">
				<ele>349.000000</ele>
			</trkpt>
			<trkpt lat="50.720389" lon="14.636512">
				<ele>349.000000</ele>
			</trkpt>
			<trkpt lat="50.720469" lon="14.636278">
				<ele>349.000000</ele>
			</trkpt>
			<trkpt lat="50.720526" lon="14.636053">
				<ele>348.000000</ele>
			</trkpt>
			<trkpt lat="50.720702" lon="14.635317">
				<ele>347.000000</ele>
			</trkpt>
			<trkpt lat="50.720770" lon="14.635047">
				<ele>347.000000</ele>
			</trkpt>
			<trkpt lat="50.720878" lon="14.634733">
				<ele>346.000000</ele>
			</trkpt>
			<trkpt lat="50.721003" lon="14.634445">
				<ele>346.000000</ele>
			</trkpt>
			<trkpt lat="50.721083" lon="14.634320">
				<ele>345.000000</ele>
			</trkpt>
			<trkpt lat="50.721128" lon="14.634265">
				<ele>345.000000</ele>
			</trkpt>
			<trkpt lat="50.721174" lon="14.634221">
				<ele>345.000000</ele>
			</trkpt>
			<trkpt lat="50.721230" lon="14.634194">
				<ele>345.000000</ele>
			</trkpt>
			<trkpt lat="50.721293" lon="14.634175">
				<ele>345.000000</ele>
			</trkpt>
			<trkpt lat="50.721452" lon="14.634167">
				<ele>343.000000</ele>
			</trkpt>
			<trkpt lat="50.721543" lon="14.634202">
				<ele>342.000000</ele>
			</trkpt>
			<trkpt lat="50.721617" lon="14.634257">
				<ele>341.000000</ele>
			</trkpt>
			<trkpt lat="50.721669" lon="14.634328">
				<ele>341.000000</ele>
			</trkpt>
			<trkpt lat="50.721714" lon="14.634445">
				<ele>340.000000</ele>
			</trkpt>
			<trkpt lat="50.721759" lon="14.634590">
				<ele>339.000000</ele>
			</trkpt>
			<trkpt lat="50.721908" lon="14.635424">
				<ele>332.000000</ele>
			</trkpt>
			<trkpt lat="50.721998" lon="14.635829">
				<ele>328.000000</ele>
			</trkpt>
			<trkpt lat="50.722032" lon="14.635990">
				<ele>327.000000</ele>
			</trkpt>
			<trkpt lat="50.722089" lon="14.636125">
				<ele>326.000000</ele>
			</trkpt>
			<trkpt lat="50.722226" lon="14.636448">
				<ele>324.000000</ele>
			</trkpt>
			<trkpt lat="50.722260" lon="14.636512">
				<ele>323.000000</ele>
			</trkpt>
			<trkpt lat="50.722305" lon="14.636548">
				<ele>323.000000</ele>
			</trkpt>
			<trkpt lat="50.722396" lon="14.636611">
				<ele>322.000000</ele>
			</trkpt>
			<trkpt lat="50.722476" lon="14.636619">
				<ele>321.000000</ele>
			</trkpt>
			<trkpt lat="50.722567" lon="14.636638">
				<ele>320.000000</ele>
			</trkpt>
			<trkpt lat="50.722687" lon="14.636619">
				<ele>319.000000</ele>
			</trkpt>
			<trkpt lat="50.722754" lon="14.636592">
				<ele>318.000000</ele>
			</trkpt>
			<trkpt lat="50.722811" lon="14.636556">
				<ele>318.000000</ele>
			</trkpt>
			<trkpt lat="50.722863" lon="14.636521">
				<ele>317.000000</ele>
			</trkpt>
			<trkpt lat="50.722897" lon="14.636448">
				<ele>317.000000</ele>
			</trkpt>
			<trkpt lat="50.722942" lon="14.636349">
				<ele>316.000000</ele>
			</trkpt>
			<trkpt lat="50.722960" lon="14.636259">
				<ele>315.000000</ele>
			</trkpt>
			<trkpt lat="50.722976" lon="14.636152">
				<ele>314.000000</ele>
			</trkpt>
			<trkpt lat="50.722988" lon="14.635963">
				<ele>313.000000</ele>
			</trkpt>
			<trkpt lat="50.722994" lon="14.635720">
				<ele>311.000000</ele>
			</trkpt>
			<trkpt lat="50.722976" lon="14.635217">
				<ele>306.000000</ele>
			</trkpt>
			<trkpt lat="50.722988" lon="14.635182">
				<ele>306.000000</ele>
			</trkpt>
			<trkpt lat="50.723011" lon="14.635173">
				<ele>305.000000</ele>
			</trkpt>
			<trkpt lat="50.723050" lon="14.635173">
				<ele>305.000000</ele>
			</trkpt>
			<trkpt lat="50.723551" lon="14.635397">
				<ele>298.000000</ele>
			</trkpt>
			<trkpt lat="50.724102" lon="14.635685">
				<ele>295.000000</ele>
			</trkpt>
			<trkpt lat="50.724228" lon="14.636009">
				<ele>294.000000</ele>
			</trkpt>
			<trkpt lat="50.724409" lon="14.636439">
				<ele>293.000000</ele>
			</trkpt>
			<trkpt lat="50.724580" lon="14.636844">
				<ele>292.000000</ele>
			</trkpt>
			<trkpt lat="50.724700" lon="14.637194">
				<ele>291.000000</ele>
			</trkpt>
			<trkpt lat="50.724762" lon="14.637437">
				<ele>291.000000</ele>
			</trkpt>
			<trkpt lat="50.724802" lon="14.637634">
				<ele>290.000000</ele>
			</trkpt>
			<trkpt lat="50.724830" lon="14.637850">
				<ele>290.000000</ele>
			</trkpt>
			<trkpt lat="50.724865" lon="14.638425">
				<ele>290.000000</ele>
			</trkpt>
			<trkpt lat="50.724876" lon="14.638909">
				<ele>290.000000</ele>
			</trkpt>
			<trkpt lat="50.724916" lon="14.639225">
				<ele>289.000000</ele>
			</trkpt>
			<trkpt lat="50.724950" lon="14.639449">
				<ele>289.000000</ele>
			</trkpt>
			<trkpt lat="50.724995" lon="14.639664">
				<ele>288.000000</ele>
			</trkpt>
			<trkpt lat="50.725087" lon="14.639943">
				<ele>287.000000</ele>
			</trkpt>
			<trkpt lat="50.725376" lon="14.640779">
				<ele>285.000000</ele>
			</trkpt>
			<trkpt lat="50.725439" lon="14.641003">
				<ele>285.000000</ele>
			</trkpt>
			<trkpt lat="50.725484" lon="14.641255">
				<ele>285.000000</ele>
			</trkpt>
			<trkpt lat="50.725525" lon="14.641425">
				<ele>285.000000</ele>
			</trkpt>
			<trkpt lat="50.725530" lon="14.641588">
				<ele>285.000000</ele>
			</trkpt>
			<trkpt lat="50.725525" lon="14.642064">
				<ele>285.000000</ele>
			</trkpt>
			<trkpt lat="50.725598" lon="14.642054">
				<ele>285.000000</ele>
			</trkpt>
			<trkpt lat="50.725667" lon="14.642009">
				<ele>285.000000</ele>
			</trkpt>
			<trkpt lat="50.725956" lon="14.641775">
				<ele>287.000000</ele>
			</trkpt>
			<trkpt lat="50.726064" lon="14.641704">
				<ele>288.000000</ele>
			</trkpt>
			<trkpt lat="50.726110" lon="14.641704">
				<ele>288.000000</ele>
			</trkpt>
			<trkpt lat="50.726144" lon="14.641722">
				<ele>289.000000</ele>
			</trkpt>
			<trkpt lat="50.726201" lon="14.641749">
				<ele>289.000000</ele>
			</trkpt>
			<trkpt lat="50.726241" lon="14.641766">
				<ele>289.000000</ele>
			</trkpt>
			<trkpt lat="50.726314" lon="14.641758">
				<ele>290.000000</ele>
			</trkpt>
			<trkpt lat="50.726423" lon="14.641731">
				<ele>291.000000</ele>
			</trkpt>
			<trkpt lat="50.726542" lon="14.641649">
				<ele>293.000000</ele>
			</trkpt>
			<trkpt lat="50.726729" lon="14.641542">
				<ele>295.000000</ele>
			</trkpt>
			<trkpt lat="50.726793" lon="14.641479">
				<ele>295.000000</ele>
			</trkpt>
			<trkpt lat="50.726827" lon="14.641435">
				<ele>295.000000</ele>
			</trkpt>
			<trkpt lat="50.726855" lon="14.641362">
				<ele>295.000000</ele>
			</trkpt>
			<trkpt lat="50.726872" lon="14.641246">
				<ele>295.000000</ele>
			</trkpt>
			<trkpt lat="50.726900" lon="14.641120">
				<ele>295.000000</ele>
			</trkpt>
			<trkpt lat="50.726951" lon="14.640993">
				<ele>294.000000</ele>
			</trkpt>
			<trkpt lat="50.727003" lon="14.640869">
				<ele>291.000000</ele>
			</trkpt>
			<trkpt lat="50.727088" lon="14.640752">
				<ele>290.000000</ele>
			</trkpt>
			<trkpt lat="50.727134" lon="14.639188">
				<ele>298.000000</ele>
			</trkpt>
			<trkpt lat="50.727151" lon="14.638946">
				<ele>299.000000</ele>
			</trkpt>
			<trkpt lat="50.727185" lon="14.638748">
				<ele>300.000000</ele>
			</trkpt>
			<trkpt lat="50.727242" lon="14.638578">
				<ele>301.000000</ele>
			</trkpt>
			<trkpt lat="50.727332" lon="14.638380">
				<ele>302.000000</ele>
			</trkpt>
			<trkpt lat="50.727481" lon="14.638056">
				<ele>303.000000</ele>
			</trkpt>
			<trkpt lat="50.727634" lon="14.637716">
				<ele>305.000000</ele>
			</trkpt>
			<trkpt lat="50.727964" lon="14.636907">
				<ele>305.000000</ele>
			</trkpt>
			<trkpt lat="50.728180" lon="14.636376">
				<ele>305.000000</ele>
			</trkpt>
			<trkpt lat="50.728447" lon="14.635766">
				<ele>305.000000</ele>
			</trkpt>
			<trkpt lat="50.728595" lon="14.635424">
				<ele>305.000000</ele>
			</trkpt>
			<trkpt lat="50.728657" lon="14.635244">
				<ele>305.000000</ele>
			</trkpt>
			<trkpt lat="50.728686" lon="14.635156">
				<ele>305.000000</ele>
			</trkpt>
			<trkpt lat="50.728828" lon="14.634643">
				<ele>305.000000</ele>
			</trkpt>
			<trkpt lat="50.728907" lon="14.634328">
				<ele>305.000000</ele>
			</trkpt>
			<trkpt lat="50.729050" lon="14.633816">
				<ele>305.000000</ele>
			</trkpt>
			<trkpt lat="50.729095" lon="14.633682">
				<ele>305.000000</ele>
			</trkpt>
			<trkpt lat="50.729141" lon="14.633565">
				<ele>305.000000</ele>
			</trkpt>
			<trkpt lat="50.729192" lon="14.633466">
				<ele>305.000000</ele>
			</trkpt>
			<trkpt lat="50.729237" lon="14.633395">
				<ele>305.000000</ele>
			</trkpt>
			<trkpt lat="50.729300" lon="14.633349">
				<ele>305.000000</ele>
			</trkpt>
			<trkpt lat="50.729374" lon="14.633340">
				<ele>305.000000</ele>
			</trkpt>
			<trkpt lat="50.729453" lon="14.633349">
				<ele>305.000000</ele>
			</trkpt>
			<trkpt lat="50.729533" lon="14.633395">
				<ele>304.000000</ele>
			</trkpt>
			<trkpt lat="50.729835" lon="14.633529">
				<ele>302.000000</ele>
			</trkpt>
			<trkpt lat="50.730119" lon="14.633672">
				<ele>300.000000</ele>
			</trkpt>
			<trkpt lat="50.730335" lon="14.633798">
				<ele>299.000000</ele>
			</trkpt>
			<trkpt lat="50.730426" lon="14.633871">
				<ele>298.000000</ele>
			</trkpt>
			<trkpt lat="50.730591" lon="14.633978">
				<ele>296.000000</ele>
			</trkpt>
			<trkpt lat="50.730744" lon="14.634131">
				<ele>294.000000</ele>
			</trkpt>
			<trkpt lat="50.730869" lon="14.634275">
				<ele>293.000000</ele>
			</trkpt>
			<trkpt lat="50.731142" lon="14.634625">
				<ele>290.000000</ele>
			</trkpt>
			<trkpt lat="50.731285" lon="14.634804">
				<ele>290.000000</ele>
			</trkpt>
			<trkpt lat="50.731404" lon="14.634921">
				<ele>290.000000</ele>
			</trkpt>
			<trkpt lat="50.731580" lon="14.635074">
				<ele>290.000000</ele>
			</trkpt>
			<trkpt lat="50.731580" lon="14.635003">
				<ele>290.000000</ele>
			</trkpt>
			<trkpt lat="50.731592" lon="14.634894">
				<ele>290.000000</ele>
			</trkpt>
			<trkpt lat="50.731626" lon="14.634527">
				<ele>290.000000</ele>
			</trkpt>
			<trkpt lat="50.731631" lon="14.634382">
				<ele>290.000000</ele>
			</trkpt>
			<trkpt lat="50.731631" lon="14.634257">
				<ele>290.000000</ele>
			</trkpt>
			<trkpt lat="50.731614" lon="14.634140">
				<ele>290.000000</ele>
			</trkpt>
			<trkpt lat="50.731580" lon="14.634024">
				<ele>290.000000</ele>
			</trkpt>
			<trkpt lat="50.731495" lon="14.633888">
				<ele>291.000000</ele>
			</trkpt>
			<trkpt lat="50.731387" lon="14.633672">
				<ele>292.000000</ele>
			</trkpt>
			<trkpt lat="50.731324" lon="14.633466">
				<ele>292.000000</ele>
			</trkpt>
			<trkpt lat="50.731182" lon="14.632982">
				<ele>294.000000</ele>
			</trkpt>
			<trkpt lat="50.731125" lon="14.632783">
				<ele>294.000000</ele>
			</trkpt>
			<trkpt lat="50.731108" lon="14.632613">
				<ele>295.000000</ele>
			</trkpt>
			<trkpt lat="50.731097" lon="14.632433">
				<ele>295.000000</ele>
			</trkpt>
			<trkpt lat="50.731108" lon="14.632190">
				<ele>296.000000</ele>
			</trkpt>
			<trkpt lat="50.731131" lon="14.631724">
				<ele>299.000000</ele>
			</trkpt>
			<trkpt lat="50.731154" lon="14.631068">
				<ele>301.000000</ele>
			</trkpt>
			<trkpt lat="50.731171" lon="14.630456">
				<ele>303.000000</ele>
			</trkpt>
			<trkpt lat="50.731165" lon="14.630277">
				<ele>303.000000</ele>
			</trkpt>
			<trkpt lat="50.731142" lon="14.630106">
				<ele>304.000000</ele>
			</trkpt>
			<trkpt lat="50.731177" lon="14.629648">
				<ele>305.000000</ele>
			</trkpt>
			<trkpt lat="50.731267" lon="14.628812">
				<ele>307.000000</ele>
			</trkpt>
			<trkpt lat="50.731301" lon="14.628409">
				<ele>308.000000</ele>
			</trkpt>
			<trkpt lat="50.731307" lon="14.628193">
				<ele>309.000000</ele>
			</trkpt>
			<trkpt lat="50.731319" lon="14.627753">
				<ele>310.000000</ele>
			</trkpt>
			<trkpt lat="50.731336" lon="14.627529">
				<ele>310.000000</ele>
			</trkpt>
			<trkpt lat="50.731358" lon="14.627240">
				<ele>310.000000</ele>
			</trkpt>
			<trkpt lat="50.731449" lon="14.626648">
				<ele>310.000000</ele>
			</trkpt>
			<trkpt lat="50.731472" lon="14.626315">
				<ele>310.000000</ele>
			</trkpt>
			<trkpt lat="50.731484" lon="14.625984">
				<ele>310.000000</ele>
			</trkpt>
			<trkpt lat="50.731478" lon="14.625686">
				<ele>310.000000</ele>
			</trkpt>
			<trkpt lat="50.731432" lon="14.624762">
				<ele>311.000000</ele>
			</trkpt>
			<trkpt lat="50.731421" lon="14.624376">
				<ele>312.000000</ele>
			</trkpt>
			<trkpt lat="50.731421" lon="14.624177">
				<ele>313.000000</ele>
			</trkpt>
			<trkpt lat="50.731432" lon="14.623998">
				<ele>314.000000</ele>
			</trkpt>
			<trkpt lat="50.731472" lon="14.623540">
				<ele>315.000000</ele>
			</trkpt>
			<trkpt lat="50.731586" lon="14.622803">
				<ele>319.000000</ele>
			</trkpt>
			<trkpt lat="50.731631" lon="14.622435">
				<ele>322.000000</ele>
			</trkpt>
			<trkpt lat="50.731677" lon="14.622022">
				<ele>326.000000</ele>
			</trkpt>
			<trkpt lat="50.731734" lon="14.621150">
				<ele>336.000000</ele>
			</trkpt>
			<trkpt lat="50.731791" lon="14.620648">
				<ele>342.000000</ele>
			</trkpt>
			<trkpt lat="50.731830" lon="14.620342">
				<ele>345.000000</ele>
			</trkpt>
			<trkpt lat="50.731955" lon="14.619730">
				<ele>352.000000</ele>
			</trkpt>
			<trkpt lat="50.731984" lon="14.619543">
				<ele>353.000000</ele>
			</trkpt>
			<trkpt lat="50.732001" lon="14.619327">
				<ele>355.000000</ele>
			</trkpt>
			<trkpt lat="50.732018" lon="14.619103">
				<ele>357.000000</ele>
			</trkpt>
			<trkpt lat="50.732018" lon="14.618850">
				<ele>359.000000</ele>
			</trkpt>
			<trkpt lat="50.732007" lon="14.618608">
				<ele>361.000000</ele>
			</trkpt>
			<trkpt lat="50.731966" lon="14.617925">
				<ele>366.000000</ele>
			</trkpt>
			<trkpt lat="50.731966" lon="14.617799">
				<ele>366.000000</ele>
			</trkpt>
			<trkpt lat="50.731978" lon="14.617682">
				<ele>367.000000</ele>
			</trkpt>
			<trkpt lat="50.731938" lon="14.617646">
				<ele>367.000000</ele>
			</trkpt>
			<trkpt lat="50.731916" lon="14.617584">
				<ele>368.000000</ele>
			</trkpt>
			<trkpt lat="50.731904" lon="14.617530">
				<ele>368.000000</ele>
			</trkpt>
			<trkpt lat="50.731887" lon="14.617449">
				<ele>369.000000</ele>
			</trkpt>
			<trkpt lat="50.731865" lon="14.617233">
				<ele>370.000000</ele>
			</trkpt>
			<trkpt lat="50.731865" lon="14.616956">
				<ele>372.000000</ele>
			</trkpt>
			<trkpt lat="50.731859" lon="14.616839">
				<ele>373.000000</ele>
			</trkpt>
			<trkpt lat="50.731876" lon="14.616749">
				<ele>373.000000</ele>
			</trkpt>
			<trkpt lat="50.731893" lon="14.616640">
				<ele>374.000000</ele>
			</trkpt>
			<trkpt lat="50.732223" lon="14.615562">
				<ele>380.000000</ele>
			</trkpt>
			<trkpt lat="50.732353" lon="14.615059">
				<ele>382.000000</ele>
			</trkpt>
			<trkpt lat="50.732404" lon="14.614808">
				<ele>383.000000</ele>
			</trkpt>
			<trkpt lat="50.732450" lon="14.614548">
				<ele>384.000000</ele>
			</trkpt>
			<trkpt lat="50.732581" lon="14.613658">
				<ele>389.000000</ele>
			</trkpt>
			<trkpt lat="50.732672" lon="14.613174">
				<ele>392.000000</ele>
			</trkpt>
			<trkpt lat="50.732718" lon="14.612975">
				<ele>393.000000</ele>
			</trkpt>
			<trkpt lat="50.732842" lon="14.612482">
				<ele>396.000000</ele>
			</trkpt>
			<trkpt lat="50.732962" lon="14.611853">
				<ele>399.000000</ele>
			</trkpt>
			<trkpt lat="50.733007" lon="14.611629">
				<ele>400.000000</ele>
			</trkpt>
			<trkpt lat="50.733053" lon="14.611476">
				<ele>400.000000</ele>
			</trkpt>
			<trkpt lat="50.733098" lon="14.611340">
				<ele>400.000000</ele>
			</trkpt>
			<trkpt lat="50.733275" lon="14.610990">
				<ele>398.000000</ele>
			</trkpt>
			<trkpt lat="50.733667" lon="14.610245">
				<ele>389.000000</ele>
			</trkpt>
			<trkpt lat="50.733803" lon="14.609966">
				<ele>386.000000</ele>
			</trkpt>
			<trkpt lat="50.733894" lon="14.609751">
				<ele>384.000000</ele>
			</trkpt>
			<trkpt lat="50.733945" lon="14.609562">
				<ele>383.000000</ele>
			</trkpt>
			<trkpt lat="50.733997" lon="14.609365">
				<ele>381.000000</ele>
			</trkpt>
			<trkpt lat="50.734053" lon="14.609158">
				<ele>380.000000</ele>
			</trkpt>
			<trkpt lat="50.734071" lon="14.609013">
				<ele>379.000000</ele>
			</trkpt>
			<trkpt lat="50.734105" lon="14.608924">
				<ele>379.000000</ele>
			</trkpt>
			<trkpt lat="50.734309" lon="14.608574">
				<ele>376.000000</ele>
			</trkpt>
			<trkpt lat="50.734372" lon="14.608430">
				<ele>375.000000</ele>
			</trkpt>
			<trkpt lat="50.734434" lon="14.608268">
				<ele>374.000000</ele>
			</trkpt>
			<trkpt lat="50.734622" lon="14.607747">
				<ele>370.000000</ele>
			</trkpt>
			<trkpt lat="50.734764" lon="14.607379">
				<ele>368.000000</ele>
			</trkpt>
			<trkpt lat="50.734935" lon="14.607002">
				<ele>365.000000</ele>
			</trkpt>
			<trkpt lat="50.735156" lon="14.606562">
				<ele>362.000000</ele>
			</trkpt>
			<trkpt lat="50.735230" lon="14.606427">
				<ele>362.000000</ele>
			</trkpt>
			<trkpt lat="50.735310" lon="14.606292">
				<ele>361.000000</ele>
			</trkpt>
			<trkpt lat="50.735401" lon="14.606193">
				<ele>360.000000</ele>
			</trkpt>
			<trkpt lat="50.735492" lon="14.606094">
				<ele>359.000000</ele>
			</trkpt>
			<trkpt lat="50.735401" lon="14.606023">
				<ele>360.000000</ele>
			</trkpt>
			<trkpt lat="50.735339" lon="14.605987">
				<ele>360.000000</ele>
			</trkpt>
			<trkpt lat="50.735293" lon="14.605914">
				<ele>361.000000</ele>
			</trkpt>
			<trkpt lat="50.735236" lon="14.605824">
				<ele>363.000000</ele>
			</trkpt>
			<trkpt lat="50.735174" lon="14.605673">
				<ele>365.000000</ele>
			</trkpt>
			<trkpt lat="50.735117" lon="14.605520">
				<ele>367.000000</ele>
			</trkpt>
			<trkpt lat="50.734957" lon="14.604927">
				<ele>370.000000</ele>
			</trkpt>
			<trkpt lat="50.734838" lon="14.604738">
				<ele>371.000000</ele>
			</trkpt>
			<trkpt lat="50.734810" lon="14.604658">
				<ele>371.000000</ele>
			</trkpt>
			<trkpt lat="50.734775" lon="14.604568">
				<ele>372.000000</ele>
			</trkpt>
			<trkpt lat="50.734759" lon="14.604495">
				<ele>373.000000</ele>
			</trkpt>
			<trkpt lat="50.734713" lon="14.604388">
				<ele>374.000000</ele>
			</trkpt>
			<trkpt lat="50.734673" lon="14.604316">
				<ele>374.000000</ele>
			</trkpt>
			<trkpt lat="50.734667" lon="14.604245">
				<ele>375.000000</ele>
			</trkpt>
			<trkpt lat="50.734645" lon="14.604163">
				<ele>375.000000</ele>
			</trkpt>
			<trkpt lat="50.734645" lon="14.604073">
				<ele>375.000000</ele>
			</trkpt>
			<trkpt lat="50.734645" lon="14.603849">
				<ele>375.000000</ele>
			</trkpt>
			<trkpt lat="50.734633" lon="14.603660">
				<ele>375.000000</ele>
			</trkpt>
			<trkpt lat="50.734610" lon="14.603499">
				<ele>375.000000</ele>
			</trkpt>
			<trkpt lat="50.734582" lon="14.603310">
				<ele>375.000000</ele>
			</trkpt>
			<trkpt lat="50.734553" lon="14.603157">
				<ele>375.000000</ele>
			</trkpt>
			<trkpt lat="50.734542" lon="14.603040">
				<ele>375.000000</ele>
			</trkpt>
			<trkpt lat="50.734542" lon="14.602897">
				<ele>375.000000</ele>
			</trkpt>
			<trkpt lat="50.734542" lon="14.602797">
				<ele>375.000000</ele>
			</trkpt>
			<trkpt lat="50.734560" lon="14.602690">
				<ele>374.000000</ele>
			</trkpt>
			<trkpt lat="50.734588" lon="14.602574">
				<ele>372.000000</ele>
			</trkpt>
			<trkpt lat="50.734617" lon="14.602474">
				<ele>371.000000</ele>
			</trkpt>
			<trkpt lat="50.734667" lon="14.602331">
				<ele>369.000000</ele>
			</trkpt>
			<trkpt lat="50.734718" lon="14.602205">
				<ele>367.000000</ele>
			</trkpt>
			<trkpt lat="50.734759" lon="14.602079">
				<ele>365.000000</ele>
			</trkpt>
			<trkpt lat="50.734793" lon="14.601945">
				<ele>362.000000</ele>
			</trkpt>
			<trkpt lat="50.734826" lon="14.601746">
				<ele>359.000000</ele>
			</trkpt>
			<trkpt lat="50.734952" lon="14.601082">
				<ele>352.000000</ele>
			</trkpt>
			<trkpt lat="50.734980" lon="14.600866">
				<ele>349.000000</ele>
			</trkpt>
			<trkpt lat="50.735003" lon="14.600614">
				<ele>347.000000</ele>
			</trkpt>
			<trkpt lat="50.735032" lon="14.600390">
				<ele>345.000000</ele>
			</trkpt>
			<trkpt lat="50.735066" lon="14.600193">
				<ele>343.000000</ele>
			</trkpt>
			<trkpt lat="50.735111" lon="14.600031">
				<ele>341.000000</ele>
			</trkpt>
			<trkpt lat="50.735128" lon="14.599923">
				<ele>340.000000</ele>
			</trkpt>
			<trkpt lat="50.735145" lon="14.599752">
				<ele>338.000000</ele>
			</trkpt>
			<trkpt lat="50.735162" lon="14.599608">
				<ele>337.000000</ele>
			</trkpt>
			<trkpt lat="50.735197" lon="14.599465">
				<ele>336.000000</ele>
			</trkpt>
			<trkpt lat="50.735270" lon="14.599249">
				<ele>334.000000</ele>
			</trkpt>
			<trkpt lat="50.735355" lon="14.598971">
				<ele>332.000000</ele>
			</trkpt>
			<trkpt lat="50.735401" lon="14.598800">
				<ele>331.000000</ele>
			</trkpt>
			<trkpt lat="50.735429" lon="14.598629">
				<ele>330.000000</ele>
			</trkpt>
			<trkpt lat="50.735452" lon="14.598432">
				<ele>329.000000</ele>
			</trkpt>
			<trkpt lat="50.735463" lon="14.598297">
				<ele>328.000000</ele>
			</trkpt>
			<trkpt lat="50.735463" lon="14.598189">
				<ele>328.000000</ele>
			</trkpt>
			<trkpt lat="50.735452" lon="14.598090">
				<ele>327.000000</ele>
			</trkpt>
			<trkpt lat="50.735418" lon="14.597947">
				<ele>326.000000</ele>
			</trkpt>
			<trkpt lat="50.735498" lon="14.597830">
				<ele>326.000000</ele>
			</trkpt>
			<trkpt lat="50.735577" lon="14.597677">
				<ele>325.000000</ele>
			</trkpt>
			<trkpt lat="50.735668" lon="14.597480">
				<ele>324.000000</ele>
			</trkpt>
			<trkpt lat="50.735702" lon="14.597417">
				<ele>323.000000</ele>
			</trkpt>
			<trkpt lat="50.735748" lon="14.597381">
				<ele>323.000000</ele>
			</trkpt>
			<trkpt lat="50.735702" lon="14.596968">
				<ele>325.000000</ele>
			</trkpt>
			<trkpt lat="50.735691" lon="14.596545">
				<ele>328.000000</ele>
			</trkpt>
			<trkpt lat="50.735691" lon="14.596348">
				<ele>330.000000</ele>
			</trkpt>
			<trkpt lat="50.735697" lon="14.596205">
				<ele>330.000000</ele>
			</trkpt>
			<trkpt lat="50.735714" lon="14.596060">
				<ele>330.000000</ele>
			</trkpt>
			<trkpt lat="50.735742" lon="14.595872">
				<ele>330.000000</ele>
			</trkpt>
			<trkpt lat="50.735776" lon="14.595665">
				<ele>330.000000</ele>
			</trkpt>
			<trkpt lat="50.735776" lon="14.595476">
				<ele>330.000000</ele>
			</trkpt>
			<trkpt lat="50.735748" lon="14.595279">
				<ele>330.000000</ele>
			</trkpt>
			<trkpt lat="50.735702" lon="14.595054">
				<ele>331.000000</ele>
			</trkpt>
			<trkpt lat="50.735759" lon="14.595010">
				<ele>332.000000</ele>
			</trkpt>
			<trkpt lat="50.735856" lon="14.594964">
				<ele>333.000000</ele>
			</trkpt>
			<trkpt lat="50.735935" lon="14.594928">
				<ele>334.000000</ele>
			</trkpt>
			<trkpt lat="50.735975" lon="14.594857">
				<ele>334.000000</ele>
			</trkpt>
			<trkpt lat="50.736026" lon="14.594668">
				<ele>335.000000</ele>
			</trkpt>
			<trkpt lat="50.736060" lon="14.594515">
				<ele>335.000000</ele>
			</trkpt>
			<trkpt lat="50.736072" lon="14.594398">
				<ele>335.000000</ele>
			</trkpt>
			<trkpt lat="50.736060" lon="14.594318">
				<ele>335.000000</ele>
			</trkpt>
			<trkpt lat="50.736043" lon="14.594228">
				<ele>335.000000</ele>
			</trkpt>
			<trkpt lat="50.735986" lon="14.594048">
				<ele>335.000000</ele>
			</trkpt>
			<trkpt lat="50.735924" lon="14.593805">
				<ele>335.000000</ele>
			</trkpt>
			<trkpt lat="50.735822" lon="14.593365">
				<ele>338.000000</ele>
			</trkpt>
			<trkpt lat="50.735799" lon="14.593285">
				<ele>339.000000</ele>
			</trkpt>
			<trkpt lat="50.735742" lon="14.593050">
				<ele>341.000000</ele>
			</trkpt>
			<trkpt lat="50.735708" lon="14.592871">
				<ele>343.000000</ele>
			</trkpt>
			<trkpt lat="50.735634" lon="14.592404">
				<ele>345.000000</ele>
			</trkpt>
			<trkpt lat="50.735634" lon="14.592333">
				<ele>345.000000</ele>
			</trkpt>
			<trkpt lat="50.735612" lon="14.592207">
				<ele>345.000000</ele>
			</trkpt>
			<trkpt lat="50.735606" lon="14.592161">
				<ele>345.000000</ele>
			</trkpt>
			<trkpt lat="50.735577" lon="14.592108">
				<ele>345.000000</ele>
			</trkpt>
			<trkpt lat="50.735429" lon="14.591910">
				<ele>344.000000</ele>
			</trkpt>
			<trkpt lat="50.735378" lon="14.591811">
				<ele>343.000000</ele>
			</trkpt>
			<trkpt lat="50.735333" lon="14.591668">
				<ele>341.000000</ele>
			</trkpt>
			<trkpt lat="50.735305" lon="14.591471">
				<ele>338.000000</ele>
			</trkpt>
			<trkpt lat="50.735293" lon="14.591362">
				<ele>336.000000</ele>
			</trkpt>
			<trkpt lat="50.735305" lon="14.591263">
				<ele>335.000000</ele>
			</trkpt>
			<trkpt lat="50.735349" lon="14.590976">
				<ele>330.000000</ele>
			</trkpt>
			<trkpt lat="50.735355" lon="14.590886">
				<ele>329.000000</ele>
			</trkpt>
			<trkpt lat="50.735367" lon="14.590778">
				<ele>327.000000</ele>
			</trkpt>
			<trkpt lat="50.735355" lon="14.590662">
				<ele>325.000000</ele>
			</trkpt>
			<trkpt lat="50.735339" lon="14.590553">
				<ele>324.000000</ele>
			</trkpt>
			<trkpt lat="50.735310" lon="14.590410">
				<ele>323.000000</ele>
			</trkpt>
			<trkpt lat="50.735282" lon="14.590320">
				<ele>323.000000</ele>
			</trkpt>
			<trkpt lat="50.735236" lon="14.590257">
				<ele>322.000000</ele>
			</trkpt>
			<trkpt lat="50.735185" lon="14.590213">
				<ele>321.000000</ele>
			</trkpt>
			<trkpt lat="50.735099" lon="14.590159">
				<ele>320.000000</ele>
			</trkpt>
			<trkpt lat="50.735020" lon="14.590132">
				<ele>319.000000</ele>
			</trkpt>
			<trkpt lat="50.734867" lon="14.590069">
				<ele>316.000000</ele>
			</trkpt>
			<trkpt lat="50.734844" lon="14.590060">
				<ele>315.000000</ele>
			</trkpt>
			<trkpt lat="50.734787" lon="14.590033">
				<ele>315.000000</ele>
			</trkpt>
			<trkpt lat="50.734730" lon="14.589987">
				<ele>315.000000</ele>
			</trkpt>
			<trkpt lat="50.734713" lon="14.589943">
				<ele>315.000000</ele>
			</trkpt>
			<trkpt lat="50.734696" lon="14.589889">
				<ele>315.000000</ele>
			</trkpt>
			<trkpt lat="50.734696" lon="14.589834">
				<ele>315.000000</ele>
			</trkpt>
			<trkpt lat="50.734707" lon="14.589763">
				<ele>315.000000</ele>
			</trkpt>
			<trkpt lat="50.734667" lon="14.589691">
				<ele>315.000000</ele>
			</trkpt>
			<trkpt lat="50.734617" lon="14.589647">
				<ele>315.000000</ele>
			</trkpt>
			<trkpt lat="50.734417" lon="14.589538">
				<ele>318.000000</ele>
			</trkpt>
			<trkpt lat="50.734406" lon="14.589538">
				<ele>318.000000</ele>
			</trkpt>
			<trkpt lat="50.734401" lon="14.589511">
				<ele>319.000000</ele>
			</trkpt>
			<trkpt lat="50.734406" lon="14.589458">
				<ele>320.000000</ele>
			</trkpt>
			<trkpt lat="50.734440" lon="14.589368">
				<ele>323.000000</ele>
			</trkpt>
			<trkpt lat="50.734514" lon="14.589268">
				<ele>326.000000</ele>
			</trkpt>
			<trkpt lat="50.734525" lon="14.589242">
				<ele>327.000000</ele>
			</trkpt>
			<trkpt lat="50.734503" lon="14.589224">
				<ele>328.000000</ele>
			</trkpt>
			<trkpt lat="50.734395" lon="14.589197">
				<ele>332.000000</ele>
			</trkpt>
			<trkpt lat="50.734326" lon="14.589171">
				<ele>334.000000</ele>
			</trkpt>
			<trkpt lat="50.734287" lon="14.589117">
				<ele>336.000000</ele>
			</trkpt>
			<trkpt lat="50.734236" lon="14.589089">
				<ele>338.000000</ele>
			</trkpt>
			<trkpt lat="50.734190" lon="14.589044">
				<ele>340.000000</ele>
			</trkpt>
			<trkpt lat="50.734082" lon="14.588901">
				<ele>345.000000</ele>
			</trkpt>
			<trkpt lat="50.733963" lon="14.588721">
				<ele>345.000000</ele>
			</trkpt>
			<trkpt lat="50.733911" lon="14.588676">
				<ele>344.000000</ele>
			</trkpt>
			<trkpt lat="50.733849" lon="14.588641">
				<ele>343.000000</ele>
			</trkpt>
			<trkpt lat="50.733701" lon="14.588551">
				<ele>341.000000</ele>
			</trkpt>
			<trkpt lat="50.733667" lon="14.588524">
				<ele>340.000000</ele>
			</trkpt>
			<trkpt lat="50.733633" lon="14.588469">
				<ele>339.000000</ele>
			</trkpt>
			<trkpt lat="50.733610" lon="14.588415">
				<ele>337.000000</ele>
			</trkpt>
			<trkpt lat="50.733610" lon="14.588352">
				<ele>335.000000</ele>
			</trkpt>
			<trkpt lat="50.733621" lon="14.588326">
				<ele>334.000000</ele>
			</trkpt>
			<trkpt lat="50.733638" lon="14.588299">
				<ele>333.000000</ele>
			</trkpt>
			<trkpt lat="50.733695" lon="14.588272">
				<ele>331.000000</ele>
			</trkpt>
			<trkpt lat="50.733798" lon="14.588236">
				<ele>326.000000</ele>
			</trkpt>
			<trkpt lat="50.733821" lon="14.588209">
				<ele>325.000000</ele>
			</trkpt>
			<trkpt lat="50.733837" lon="14.588182">
				<ele>324.000000</ele>
			</trkpt>
			<trkpt lat="50.733826" lon="14.588128">
				<ele>323.000000</ele>
			</trkpt>
			<trkpt lat="50.733798" lon="14.588075">
				<ele>321.000000</ele>
			</trkpt>
			<trkpt lat="50.733764" lon="14.588012">
				<ele>318.000000</ele>
			</trkpt>
			<trkpt lat="50.733764" lon="14.587985">
				<ele>318.000000</ele>
			</trkpt>
			<trkpt lat="50.733764" lon="14.587939">
				<ele>316.000000</ele>
			</trkpt>
			<trkpt lat="50.733775" lon="14.587913">
				<ele>315.000000</ele>
			</trkpt>
			<trkpt lat="50.733792" lon="14.587886">
				<ele>315.000000</ele>
			</trkpt>
			<trkpt lat="50.733855" lon="14.587859">
				<ele>313.000000</ele>
			</trkpt>
			<trkpt lat="50.733945" lon="14.587840">
				<ele>311.000000</ele>
			</trkpt>
			<trkpt lat="50.733951" lon="14.587832">
				<ele>310.000000</ele>
			</trkpt>
			<trkpt lat="50.733963" lon="14.587796">
				<ele>310.000000</ele>
			</trkpt>
			<trkpt lat="50.733963" lon="14.587769">
				<ele>309.000000</ele>
			</trkpt>
			<trkpt lat="50.733951" lon="14.587733">
				<ele>309.000000</ele>
			</trkpt>
			<trkpt lat="50.733906" lon="14.587689">
				<ele>307.000000</ele>
			</trkpt>
			<trkpt lat="50.733860" lon="14.587660">
				<ele>306.000000</ele>
			</trkpt>
			<trkpt lat="50.733832" lon="14.587634">
				<ele>305.000000</ele>
			</trkpt>
			<trkpt lat="50.733826" lon="14.587599">
				<ele>305.000000</ele>
			</trkpt>
			<trkpt lat="50.733826" lon="14.587571">
				<ele>304.000000</ele>
			</trkpt>
			<trkpt lat="50.733843" lon="14.587563">
				<ele>304.000000</ele>
			</trkpt>
			<trkpt lat="50.733894" lon="14.587563">
				<ele>302.000000</ele>
			</trkpt>
			<trkpt lat="50.733922" lon="14.587563">
				<ele>301.000000</ele>
			</trkpt>
			<trkpt lat="50.733934" lon="14.587544">
				<ele>301.000000</ele>
			</trkpt>
			<trkpt lat="50.733922" lon="14.587517">
				<ele>300.000000</ele>
			</trkpt>
			<trkpt lat="50.733906" lon="14.587490">
				<ele>300.000000</ele>
			</trkpt>
			<trkpt lat="50.733860" lon="14.587490">
				<ele>300.000000</ele>
			</trkpt>
			<trkpt lat="50.733849" lon="14.587463">
				<ele>300.000000</ele>
			</trkpt>
			<trkpt lat="50.733849" lon="14.587427">
				<ele>299.000000</ele>
			</trkpt>
			<trkpt lat="50.733860" lon="14.587419">
				<ele>299.000000</ele>
			</trkpt>
			<trkpt lat="50.733934" lon="14.587392">
				<ele>298.000000</ele>
			</trkpt>
			<trkpt lat="50.733934" lon="14.587373">
				<ele>297.000000</ele>
			</trkpt>
			<trkpt lat="50.734110" lon="14.587356">
				<ele>294.000000</ele>
			</trkpt>
			<trkpt lat="50.734366" lon="14.587347">
				<ele>290.000000</ele>
			</trkpt>
			<trkpt lat="50.734497" lon="14.587356">
				<ele>290.000000</ele>
			</trkpt>
			<trkpt lat="50.734957" lon="14.587481">
				<ele>289.000000</ele>
			</trkpt>
			<trkpt lat="50.735037" lon="14.587509">
				<ele>289.000000</ele>
			</trkpt>
			<trkpt lat="50.735122" lon="14.587517">
				<ele>289.000000</ele>
			</trkpt>
			<trkpt lat="50.735333" lon="14.587490">
				<ele>288.000000</ele>
			</trkpt>
			<trkpt lat="50.735486" lon="14.587427">
				<ele>288.000000</ele>
			</trkpt>
			<trkpt lat="50.735981" lon="14.587257">
				<ele>287.000000</ele>
			</trkpt>
			<trkpt lat="50.735929" lon="14.587041">
				<ele>287.000000</ele>
			</trkpt>
			<trkpt lat="50.735884" lon="14.586861">
				<ele>286.000000</ele>
			</trkpt>
			<trkpt lat="50.735828" lon="14.586736">
				<ele>286.000000</ele>
			</trkpt>
			<trkpt lat="50.735765" lon="14.586618">
				<ele>286.000000</ele>
			</trkpt>
			<trkpt lat="50.736094" lon="14.585936">
				<ele>287.000000</ele>
			</trkpt>
			<trkpt lat="50.736021" lon="14.585828">
				<ele>287.000000</ele>
			</trkpt>
			<trkpt lat="50.735941" lon="14.585756">
				<ele>287.000000</ele>
			</trkpt>
			<trkpt lat="50.735862" lon="14.585702">
				<ele>286.000000</ele>
			</trkpt>
			<trkpt lat="50.735771" lon="14.585658">
				<ele>286.000000</ele>
			</trkpt>
			<trkpt lat="50.735679" lon="14.585631">
				<ele>286.000000</ele>
			</trkpt>
			<trkpt lat="50.735617" lon="14.585586">
				<ele>286.000000</ele>
			</trkpt>
			<trkpt lat="50.735571" lon="14.585550">
				<ele>286.000000</ele>
			</trkpt>
			<trkpt lat="50.735526" lon="14.585478">
				<ele>286.000000</ele>
			</trkpt>
			<trkpt lat="50.735492" lon="14.585415">
				<ele>286.000000</ele>
			</trkpt>
			<trkpt lat="50.735447" lon="14.585316">
				<ele>285.000000</ele>
			</trkpt>
			<trkpt lat="50.735298" lon="14.584894">
				<ele>285.000000</ele>
			</trkpt>
			<trkpt lat="50.735264" lon="14.584769">
				<ele>285.000000</ele>
			</trkpt>
			<trkpt lat="50.735236" lon="14.584643">
				<ele>285.000000</ele>
			</trkpt>
			<trkpt lat="50.735236" lon="14.584517">
				<ele>285.000000</ele>
			</trkpt>
			<trkpt lat="50.735241" lon="14.584391">
				<ele>285.000000</ele>
			</trkpt>
			<trkpt lat="50.735270" lon="14.584220">
				<ele>285.000000</ele>
			</trkpt>
			<trkpt lat="50.735333" lon="14.584031">
				<ele>285.000000</ele>
			</trkpt>
			<trkpt lat="50.735441" lon="14.583645">
				<ele>285.000000</ele>
			</trkpt>
			<trkpt lat="50.735526" lon="14.583268">
				<ele>285.000000</ele>
			</trkpt>
			<trkpt lat="50.735606" lon="14.582865">
				<ele>286.000000</ele>
			</trkpt>
			<trkpt lat="50.735702" lon="14.582226">
				<ele>286.000000</ele>
			</trkpt>
			<trkpt lat="50.735736" lon="14.582020">
				<ele>286.000000</ele>
			</trkpt>
			<trkpt lat="50.735776" lon="14.581884">
				<ele>286.000000</ele>
			</trkpt>
			<trkpt lat="50.735810" lon="14.581804">
				<ele>286.000000</ele>
			</trkpt>
			<trkpt lat="50.735884" lon="14.581714">
				<ele>286.000000</ele>
			</trkpt>
			<trkpt lat="50.735964" lon="14.581660">
				<ele>286.000000</ele>
			</trkpt>
			<trkpt lat="50.736089" lon="14.581615">
				<ele>286.000000</ele>
			</trkpt>
			<trkpt lat="50.736140" lon="14.581373">
				<ele>286.000000</ele>
			</trkpt>
			<trkpt lat="50.736197" lon="14.581148">
				<ele>285.000000</ele>
			</trkpt>
			<trkpt lat="50.736265" lon="14.580878">
				<ele>285.000000</ele>
			</trkpt>
			<trkpt lat="50.736299" lon="14.580735">
				<ele>285.000000</ele>
			</trkpt>
			<trkpt lat="50.736310" lon="14.580591">
				<ele>285.000000</ele>
			</trkpt>
			<trkpt lat="50.736299" lon="14.580456">
				<ele>285.000000</ele>
			</trkpt>
			<trkpt lat="50.736271" lon="14.580268">
				<ele>285.000000</ele>
			</trkpt>
			<trkpt lat="50.736191" lon="14.579846">
				<ele>285.000000</ele>
			</trkpt>
			<trkpt lat="50.736168" lon="14.579675">
				<ele>285.000000</ele>
			</trkpt>
			<trkpt lat="50.736163" lon="14.579523">
				<ele>285.000000</ele>
			</trkpt>
			<trkpt lat="50.736186" lon="14.579360">
				<ele>285.000000</ele>
			</trkpt>
			<trkpt lat="50.736225" lon="14.579144">
				<ele>285.000000</ele>
			</trkpt>
			<trkpt lat="50.736481" lon="14.577896">
				<ele>285.000000</ele>
			</trkpt>
			<trkpt lat="50.736504" lon="14.577699">
				<ele>285.000000</ele>
			</trkpt>
			<trkpt lat="50.736504" lon="14.577528">
				<ele>285.000000</ele>
			</trkpt>
			<trkpt lat="50.736493" lon="14.577349">
				<ele>285.000000</ele>
			</trkpt>
			<trkpt lat="50.736447" lon="14.577133">
				<ele>285.000000</ele>
			</trkpt>
			<trkpt lat="50.736379" lon="14.576729">
				<ele>285.000000</ele>
			</trkpt>
			<trkpt lat="50.736351" lon="14.576557">
				<ele>285.000000</ele>
			</trkpt>
			<trkpt lat="50.736339" lon="14.576441">
				<ele>285.000000</ele>
			</trkpt>
			<trkpt lat="50.736339" lon="14.576315">
				<ele>285.000000</ele>
			</trkpt>
			<trkpt lat="50.736356" lon="14.576190">
				<ele>285.000000</ele>
			</trkpt>
			<trkpt lat="50.736408" lon="14.575857">
				<ele>285.000000</ele>
			</trkpt>
			<trkpt lat="50.736418" lon="14.575749">
				<ele>285.000000</ele>
			</trkpt>
			<trkpt lat="50.736418" lon="14.575651">
				<ele>285.000000</ele>
			</trkpt>
			<trkpt lat="50.736390" lon="14.575552">
				<ele>285.000000</ele>
			</trkpt>
			<trkpt lat="50.736356" lon="14.575462">
				<ele>284.000000</ele>
			</trkpt>
			<trkpt lat="50.736316" lon="14.575391">
				<ele>284.000000</ele>
			</trkpt>
			<trkpt lat="50.736174" lon="14.575192">
				<ele>284.000000</ele>
			</trkpt>
			<trkpt lat="50.736037" lon="14.574986">
				<ele>283.000000</ele>
			</trkpt>
			<trkpt lat="50.735992" lon="14.574886">
				<ele>283.000000</ele>
			</trkpt>
			<trkpt lat="50.735958" lon="14.574789">
				<ele>283.000000</ele>
			</trkpt>
			<trkpt lat="50.735935" lon="14.574689">
				<ele>283.000000</ele>
			</trkpt>
			<trkpt lat="50.735935" lon="14.574563">
				<ele>283.000000</ele>
			</trkpt>
			<trkpt lat="50.735924" lon="14.574160">
				<ele>282.000000</ele>
			</trkpt>
			<trkpt lat="50.735918" lon="14.574052">
				<ele>282.000000</ele>
			</trkpt>
			<trkpt lat="50.735895" lon="14.573934">
				<ele>282.000000</ele>
			</trkpt>
			<trkpt lat="50.735878" lon="14.573863">
				<ele>282.000000</ele>
			</trkpt>
			<trkpt lat="50.735833" lon="14.573783">
				<ele>281.000000</ele>
			</trkpt>
			<trkpt lat="50.735725" lon="14.573557">
				<ele>281.000000</ele>
			</trkpt>
			<trkpt lat="50.735691" lon="14.573458">
				<ele>281.000000</ele>
			</trkpt>
			<trkpt lat="50.735663" lon="14.573368">
				<ele>281.000000</ele>
			</trkpt>
			<trkpt lat="50.735634" lon="14.573288">
				<ele>281.000000</ele>
			</trkpt>
			<trkpt lat="50.735628" lon="14.573189">
				<ele>280.000000</ele>
			</trkpt>
			<trkpt lat="50.735622" lon="14.573091">
				<ele>280.000000</ele>
			</trkpt>
			<trkpt lat="50.735622" lon="14.572974">
				<ele>280.000000</ele>
			</trkpt>
			<trkpt lat="50.735651" lon="14.572704">
				<ele>280.000000</ele>
			</trkpt>
			<trkpt lat="50.735697" lon="14.572408">
				<ele>280.000000</ele>
			</trkpt>
			<trkpt lat="50.735714" lon="14.572228">
				<ele>280.000000</ele>
			</trkpt>
			<trkpt lat="50.735714" lon="14.572057">
				<ele>280.000000</ele>
			</trkpt>
			<trkpt lat="50.735691" lon="14.571886">
				<ele>280.000000</ele>
			</trkpt>
			<trkpt lat="50.735600" lon="14.571357">
				<ele>281.000000</ele>
			</trkpt>
			<trkpt lat="50.735566" lon="14.571150">
				<ele>282.000000</ele>
			</trkpt>
			<trkpt lat="50.735555" lon="14.571007">
				<ele>283.000000</ele>
			</trkpt>
			<trkpt lat="50.735537" lon="14.570881">
				<ele>284.000000</ele>
			</trkpt>
			<trkpt lat="50.735537" lon="14.570781">
				<ele>284.000000</ele>
			</trkpt>
			<trkpt lat="50.735555" lon="14.570691">
				<ele>285.000000</ele>
			</trkpt>
			<trkpt lat="50.735583" lon="14.570584">
				<ele>285.000000</ele>
			</trkpt>
			<trkpt lat="50.735622" lon="14.570414">
				<ele>286.000000</ele>
			</trkpt>
			<trkpt lat="50.735759" lon="14.569982">
				<ele>288.000000</ele>
			</trkpt>
			<trkpt lat="50.735828" lon="14.569712">
				<ele>289.000000</ele>
			</trkpt>
			<trkpt lat="50.735884" lon="14.569443">
				<ele>290.000000</ele>
			</trkpt>
			<trkpt lat="50.735935" lon="14.569173">
				<ele>291.000000</ele>
			</trkpt>
			<trkpt lat="50.735981" lon="14.568877">
				<ele>292.000000</ele>
			</trkpt>
			<trkpt lat="50.736094" lon="14.568294">
				<ele>295.000000</ele>
			</trkpt>
			<trkpt lat="50.736135" lon="14.567970">
				<ele>296.000000</ele>
			</trkpt>
			<trkpt lat="50.736145" lon="14.567827">
				<ele>297.000000</ele>
			</trkpt>
			<trkpt lat="50.736135" lon="14.567728">
				<ele>297.000000</ele>
			</trkpt>
			<trkpt lat="50.737214" lon="14.566856">
				<ele>300.000000</ele>
			</trkpt>
			<trkpt lat="50.737425" lon="14.566667">
				<ele>299.000000</ele>
			</trkpt>
			<trkpt lat="50.737533" lon="14.566550">
				<ele>299.000000</ele>
			</trkpt>
			<trkpt lat="50.737652" lon="14.566399">
				<ele>298.000000</ele>
			</trkpt>
			<trkpt lat="50.737999" lon="14.565859">
				<ele>296.000000</ele>
			</trkpt>
			<trkpt lat="50.738312" lon="14.565410">
				<ele>295.000000</ele>
			</trkpt>
			<trkpt lat="50.738306" lon="14.565338">
				<ele>295.000000</ele>
			</trkpt>
			<trkpt lat="50.738306" lon="14.565239">
				<ele>295.000000</ele>
			</trkpt>
			<trkpt lat="50.738323" lon="14.565158">
				<ele>294.000000</ele>
			</trkpt>
			<trkpt lat="50.738408" lon="14.564871">
				<ele>293.000000</ele>
			</trkpt>
			<trkpt lat="50.738505" lon="14.564601">
				<ele>292.000000</ele>
			</trkpt>
			<trkpt lat="50.738579" lon="14.564458">
				<ele>291.000000</ele>
			</trkpt>
			<trkpt lat="50.738642" lon="14.564359">
				<ele>291.000000</ele>
			</trkpt>
			<trkpt lat="50.738778" lon="14.564233">
				<ele>290.000000</ele>
			</trkpt>
			<trkpt lat="50.738783" lon="14.563946">
				<ele>290.000000</ele>
			</trkpt>
			<trkpt lat="50.738801" lon="14.563775">
				<ele>291.000000</ele>
			</trkpt>
			<trkpt lat="50.738829" lon="14.563649">
				<ele>291.000000</ele>
			</trkpt>
			<trkpt lat="50.738914" lon="14.563407">
				<ele>292.000000</ele>
			</trkpt>
			<trkpt lat="50.738925" lon="14.563334">
				<ele>292.000000</ele>
			</trkpt>
			<trkpt lat="50.738937" lon="14.563254">
				<ele>292.000000</ele>
			</trkpt>
			<trkpt lat="50.738932" lon="14.563110">
				<ele>293.000000</ele>
			</trkpt>
			<trkpt lat="50.738914" lon="14.562967">
				<ele>293.000000</ele>
			</trkpt>
			<trkpt lat="50.738897" lon="14.562841">
				<ele>293.000000</ele>
			</trkpt>
			<trkpt lat="50.738812" lon="14.562472">
				<ele>294.000000</ele>
			</trkpt>
			<trkpt lat="50.738789" lon="14.562230">
				<ele>295.000000</ele>
			</trkpt>
			<trkpt lat="50.738795" lon="14.562051">
				<ele>295.000000</ele>
			</trkpt>
			<trkpt lat="50.738829" lon="14.561655">
				<ele>295.000000</ele>
			</trkpt>
			<trkpt lat="50.738835" lon="14.561187">
				<ele>295.000000</ele>
			</trkpt>
			<trkpt lat="50.738852" lon="14.561017">
				<ele>295.000000</ele>
			</trkpt>
			<trkpt lat="50.738954" lon="14.561017">
				<ele>295.000000</ele>
			</trkpt>
			<trkpt lat="50.739034" lon="14.561026">
				<ele>295.000000</ele>
			</trkpt>
			<trkpt lat="50.739113" lon="14.561053">
				<ele>295.000000</ele>
			</trkpt>
			<trkpt lat="50.739204" lon="14.561099">
				<ele>295.000000</ele>
			</trkpt>
			<trkpt lat="50.739432" lon="14.561233">
				<ele>295.000000</ele>
			</trkpt>
			<trkpt lat="50.739585" lon="14.561305">
				<ele>295.000000</ele>
			</trkpt>
			<trkpt lat="50.739585" lon="14.561223">
				<ele>295.000000</ele>
			</trkpt>
			<trkpt lat="50.739620" lon="14.561017">
				<ele>295.000000</ele>
			</trkpt>
			<trkpt lat="50.739699" lon="14.561035">
				<ele>295.000000</ele>
			</trkpt>
			<trkpt lat="50.739762" lon="14.561035">
				<ele>295.000000</ele>
			</trkpt>
			<trkpt lat="50.739824" lon="14.561009">
				<ele>295.000000</ele>
			</trkpt>
			<trkpt lat="50.739886" lon="14.560946">
				<ele>295.000000</ele>
			</trkpt>
			<trkpt lat="50.740102" lon="14.560747">
				<ele>295.000000</ele>
			</trkpt>
			<trkpt lat="50.740148" lon="14.560703">
				<ele>295.000000</ele>
			</trkpt>
			<trkpt lat="50.740177" lon="14.560630">
				<ele>295.000000</ele>
			</trkpt>
			<trkpt lat="50.740194" lon="14.560550">
				<ele>295.000000</ele>
			</trkpt>
			<trkpt lat="50.740210" lon="14.560451">
				<ele>295.000000</ele>
			</trkpt>
			<trkpt lat="50.740244" lon="14.560137">
				<ele>295.000000</ele>
			</trkpt>
			<trkpt lat="50.740256" lon="14.560065">
				<ele>295.000000</ele>
			</trkpt>
			<trkpt lat="50.740273" lon="14.560020">
				<ele>295.000000</ele>
			</trkpt>
			<trkpt lat="50.740352" lon="14.559894">
				<ele>295.000000</ele>
			</trkpt>
			<trkpt lat="50.740415" lon="14.559814">
				<ele>295.000000</ele>
			</trkpt>
			<trkpt lat="50.740483" lon="14.559768">
				<ele>295.000000</ele>
			</trkpt>
			<trkpt lat="50.740574" lon="14.559724">
				<ele>295.000000</ele>
			</trkpt>
			<trkpt lat="50.740666" lon="14.559634">
				<ele>295.000000</ele>
			</trkpt>
			<trkpt lat="50.740739" lon="14.559562">
				<ele>295.000000</ele>
			</trkpt>
			<trkpt lat="50.740836" lon="14.559491">
				<ele>295.000000</ele>
			</trkpt>
			<trkpt lat="50.740978" lon="14.559436">
				<ele>295.000000</ele>
			</trkpt>
			<trkpt lat="50.741024" lon="14.559418">
				<ele>295.000000</ele>
			</trkpt>
			<trkpt lat="50.741081" lon="14.559436">
				<ele>295.000000</ele>
			</trkpt>
			<trkpt lat="50.741114" lon="14.558978">
				<ele>300.000000</ele>
			</trkpt>
			<trkpt lat="50.741228" lon="14.558951">
				<ele>300.000000</ele>
			</trkpt>
			<trkpt lat="50.741376" lon="14.558951">
				<ele>300.000000</ele>
			</trkpt>
			<trkpt lat="50.741455" lon="14.558933">
				<ele>300.000000</ele>
			</trkpt>
			<trkpt lat="50.741490" lon="14.558906">
				<ele>300.000000</ele>
			</trkpt>
			<trkpt lat="50.741518" lon="14.558862">
				<ele>300.000000</ele>
			</trkpt>
			<trkpt lat="50.741581" lon="14.558762">
				<ele>300.000000</ele>
			</trkpt>
			<trkpt lat="50.741626" lon="14.558592">
				<ele>301.000000</ele>
			</trkpt>
			<trkpt lat="50.741677" lon="14.558394">
				<ele>301.000000</ele>
			</trkpt>
			<trkpt lat="50.741723" lon="14.558250">
				<ele>301.000000</ele>
			</trkpt>
			<trkpt lat="50.741774" lon="14.558124">
				<ele>301.000000</ele>
			</trkpt>
			<trkpt lat="50.741865" lon="14.557963">
				<ele>301.000000</ele>
			</trkpt>
			<trkpt lat="50.741944" lon="14.557854">
				<ele>301.000000</ele>
			</trkpt>
			<trkpt lat="50.741979" lon="14.557828">
				<ele>301.000000</ele>
			</trkpt>
			<trkpt lat="50.742024" lon="14.557793">
				<ele>302.000000</ele>
			</trkpt>
			<trkpt lat="50.742126" lon="14.557783">
				<ele>302.000000</ele>
			</trkpt>
			<trkpt lat="50.742257" lon="14.557793">
				<ele>302.000000</ele>
			</trkpt>
			<trkpt lat="50.742564" lon="14.557820">
				<ele>302.000000</ele>
			</trkpt>
			<trkpt lat="50.742655" lon="14.557846">
				<ele>303.000000</ele>
			</trkpt>
			<trkpt lat="50.742860" lon="14.557971">
				<ele>303.000000</ele>
			</trkpt>
			<trkpt lat="50.742945" lon="14.558017">
				<ele>303.000000</ele>
			</trkpt>
			<trkpt lat="50.743053" lon="14.558053">
				<ele>303.000000</ele>
			</trkpt>
			<trkpt lat="50.743275" lon="14.558080">
				<ele>304.000000</ele>
			</trkpt>
			<trkpt lat="50.743366" lon="14.558080">
				<ele>304.000000</ele>
			</trkpt>
			<trkpt lat="50.743428" lon="14.558053">
				<ele>304.000000</ele>
			</trkpt>
			<trkpt lat="50.743462" lon="14.558007">
				<ele>304.000000</ele>
			</trkpt>
			<trkpt lat="50.743502" lon="14.557954">
				<ele>304.000000</ele>
			</trkpt>
			<trkpt lat="50.743616" lon="14.557657">
				<ele>304.000000</ele>
			</trkpt>
			<trkpt lat="50.743724" lon="14.557424">
				<ele>305.000000</ele>
			</trkpt>
			<trkpt lat="50.743866" lon="14.557172">
				<ele>305.000000</ele>
			</trkpt>
			<trkpt lat="50.744019" lon="14.556912">
				<ele>306.000000</ele>
			</trkpt>
			<trkpt lat="50.744486" lon="14.556212">
				<ele>308.000000</ele>
			</trkpt>
			<trkpt lat="50.744610" lon="14.555996">
				<ele>308.000000</ele>
			</trkpt>
			<trkpt lat="50.744707" lon="14.555798">
				<ele>309.000000</ele>
			</trkpt>
			<trkpt lat="50.744849" lon="14.555573">
				<ele>309.000000</ele>
			</trkpt>
			<trkpt lat="50.745003" lon="14.555376">
				<ele>310.000000</ele>
			</trkpt>
			<trkpt lat="50.745117" lon="14.555259">
				<ele>311.000000</ele>
			</trkpt>
			<trkpt lat="50.745264" lon="14.555160">
				<ele>312.000000</ele>
			</trkpt>
			<trkpt lat="50.745389" lon="14.555115">
				<ele>312.000000</ele>
			</trkpt>
			<trkpt lat="50.745542" lon="14.555080">
				<ele>313.000000</ele>
			</trkpt>
			<trkpt lat="50.745702" lon="14.555070">
				<ele>314.000000</ele>
			</trkpt>
			<trkpt lat="50.746088" lon="14.555080">
				<ele>317.000000</ele>
			</trkpt>
			<trkpt lat="50.746458" lon="14.555106">
				<ele>321.000000</ele>
			</trkpt>
			<trkpt lat="50.746657" lon="14.555088">
				<ele>323.000000</ele>
			</trkpt>
			<trkpt lat="50.746935" lon="14.555025">
				<ele>325.000000</ele>
			</trkpt>
			<trkpt lat="50.747004" lon="14.554998">
				<ele>325.000000</ele>
			</trkpt>
			<trkpt lat="50.747049" lon="14.554971">
				<ele>325.000000</ele>
			</trkpt>
			<trkpt lat="50.747174" lon="14.554828">
				<ele>326.000000</ele>
			</trkpt>
			<trkpt lat="50.747282" lon="14.554728">
				<ele>326.000000</ele>
			</trkpt>
			<trkpt lat="50.747470" lon="14.554522">
				<ele>327.000000</ele>
			</trkpt>
			<trkpt lat="50.747572" lon="14.554441">
				<ele>327.000000</ele>
			</trkpt>
			<trkpt lat="50.747635" lon="14.554451">
				<ele>327.000000</ele>
			</trkpt>
			<trkpt lat="50.747794" lon="14.554414">
				<ele>328.000000</ele>
			</trkpt>
			<trkpt lat="50.748009" lon="14.554334">
				<ele>329.000000</ele>
			</trkpt>
			<trkpt lat="50.748101" lon="14.554279">
				<ele>329.000000</ele>
			</trkpt>
			<trkpt lat="50.748152" lon="14.554262">
				<ele>329.000000</ele>
			</trkpt>
			<trkpt lat="50.748191" lon="14.554262">
				<ele>329.000000</ele>
			</trkpt>
			<trkpt lat="50.748271" lon="14.554225">
				<ele>329.000000</ele>
			</trkpt>
			<trkpt lat="50.748379" lon="14.554181">
				<ele>330.000000</ele>
			</trkpt>
			<trkpt lat="50.748459" lon="14.554118">
				<ele>330.000000</ele>
			</trkpt>
			<trkpt lat="50.748532" lon="14.554064">
				<ele>331.000000</ele>
			</trkpt>
			<trkpt lat="50.748601" lon="14.554019">
				<ele>332.000000</ele>
			</trkpt>
			<trkpt lat="50.748834" lon="14.553965">
				<ele>334.000000</ele>
			</trkpt>
			<trkpt lat="50.748925" lon="14.553956">
				<ele>335.000000</ele>
			</trkpt>
			<trkpt lat="50.749016" lon="14.553975">
				<ele>336.000000</ele>
			</trkpt>
			<trkpt lat="50.749106" lon="14.554019">
				<ele>337.000000</ele>
			</trkpt>
			<trkpt lat="50.749260" lon="14.554101">
				<ele>340.000000</ele>
			</trkpt>
			<trkpt lat="50.749351" lon="14.554136">
				<ele>341.000000</ele>
			</trkpt>
			<trkpt lat="50.749414" lon="14.554154">
				<ele>342.000000</ele>
			</trkpt>
			<trkpt lat="50.749675" lon="14.554181">
				<ele>346.000000</ele>
			</trkpt>
			<trkpt lat="50.749925" lon="14.554190">
				<ele>350.000000</ele>
			</trkpt>
			<trkpt lat="50.750112" lon="14.554235">
				<ele>353.000000</ele>
			</trkpt>
			<trkpt lat="50.750511" lon="14.554271">
				<ele>358.000000</ele>
			</trkpt>
			<trkpt lat="50.750698" lon="14.554271">
				<ele>361.000000</ele>
			</trkpt>
			<trkpt lat="50.750925" lon="14.554208">
				<ele>364.000000</ele>
			</trkpt>
			<trkpt lat="50.751056" lon="14.554199">
				<ele>366.000000</ele>
			</trkpt>
			<trkpt lat="50.751227" lon="14.554190">
				<ele>369.000000</ele>
			</trkpt>
			<trkpt lat="50.751380" lon="14.554208">
				<ele>370.000000</ele>
			</trkpt>
			<trkpt lat="50.751471" lon="14.554244">
				<ele>371.000000</ele>
			</trkpt>
			<trkpt lat="50.752056" lon="14.553776">
				<ele>373.000000</ele>
			</trkpt>
			<trkpt lat="50.752966" lon="14.554432">
				<ele>368.000000</ele>
			</trkpt>
			<trkpt lat="50.753346" lon="14.554701">
				<ele>365.000000</ele>
			</trkpt>
			<trkpt lat="50.753460" lon="14.554783">
				<ele>365.000000</ele>
			</trkpt>
			<trkpt lat="50.753642" lon="14.554917">
				<ele>364.000000</ele>
			</trkpt>
			<trkpt lat="50.753824" lon="14.555061">
				<ele>363.000000</ele>
			</trkpt>
			<trkpt lat="50.753949" lon="14.555143">
				<ele>363.000000</ele>
			</trkpt>
			<trkpt lat="50.754120" lon="14.555286">
				<ele>362.000000</ele>
			</trkpt>
			<trkpt lat="50.754290" lon="14.555411">
				<ele>361.000000</ele>
			</trkpt>
			<trkpt lat="50.755068" lon="14.555996">
				<ele>363.000000</ele>
			</trkpt>
			<trkpt lat="50.755444" lon="14.556283">
				<ele>364.000000</ele>
			</trkpt>
			<trkpt lat="50.755819" lon="14.556562">
				<ele>365.000000</ele>
			</trkpt>
			<trkpt lat="50.757188" lon="14.557550">
				<ele>365.000000</ele>
			</trkpt>
			<trkpt lat="50.757268" lon="14.557621">
				<ele>365.000000</ele>
			</trkpt>
			<trkpt lat="50.757342" lon="14.557711">
				<ele>365.000000</ele>
			</trkpt>
			<trkpt lat="50.757410" lon="14.557820">
				<ele>365.000000</ele>
			</trkpt>
			<trkpt lat="50.757500" lon="14.557971">
				<ele>363.000000</ele>
			</trkpt>
			<trkpt lat="50.757739" lon="14.558483">
				<ele>360.000000</ele>
			</trkpt>
			<trkpt lat="50.758626" lon="14.557441">
				<ele>362.000000</ele>
			</trkpt>
			<trkpt lat="50.758756" lon="14.557298">
				<ele>362.000000</ele>
			</trkpt>
			<trkpt lat="50.758813" lon="14.557227">
				<ele>362.000000</ele>
			</trkpt>
			<trkpt lat="50.758859" lon="14.557128">
				<ele>362.000000</ele>
			</trkpt>
			<trkpt lat="50.758905" lon="14.556957">
				<ele>362.000000</ele>
			</trkpt>
			<trkpt lat="50.758972" lon="14.556642">
				<ele>362.000000</ele>
			</trkpt>
			<trkpt lat="50.759109" lon="14.556714">
				<ele>364.000000</ele>
			</trkpt>
			<trkpt lat="50.759325" lon="14.556849">
				<ele>364.000000</ele>
			</trkpt>
			<trkpt lat="50.759587" lon="14.557038">
				<ele>364.000000</ele>
			</trkpt>
			<trkpt lat="50.759654" lon="14.556678">
				<ele>364.000000</ele>
			</trkpt>
			<trkpt lat="50.759893" lon="14.556831">
				<ele>365.000000</ele>
			</trkpt>
			<trkpt lat="50.760132" lon="14.556984">
				<ele>365.000000</ele>
			</trkpt>
			<trkpt lat="50.760205" lon="14.557028">
				<ele>366.000000</ele>
			</trkpt>
			<trkpt lat="50.760439" lon="14.557208">
				<ele>366.000000</ele>
			</trkpt>
			<trkpt lat="50.760518" lon="14.556912">
				<ele>366.000000</ele>
			</trkpt>
			<trkpt lat="50.760728" lon="14.557082">
				<ele>365.000000</ele>
			</trkpt>
			<trkpt lat="50.760836" lon="14.557091">
				<ele>365.000000</ele>
			</trkpt>
			<trkpt lat="50.760871" lon="14.557118">
				<ele>366.000000</ele>
			</trkpt>
		</trkseg>
	</trk>
</gpx>

