<?xml version="1.0" encoding="utf-8"?>
<gpx xmlns="http://www.topografix.com/GPX/1/1" version="1.1" creator="https://mapy.com/">
	<trk>
		<name>Route from Bělá pod Bezdězem to Liberecká</name>
		<trkseg>
			<trkpt lat="50.488402" lon="14.835892">
				<ele>251.000000</ele>
			</trkpt>
			<trkpt lat="50.488282" lon="14.835588">
				<ele>251.000000</ele>
			</trkpt>
			<trkpt lat="50.488447" lon="14.835435">
				<ele>252.000000</ele>
			</trkpt>
			<trkpt lat="50.488585" lon="14.835775">
				<ele>252.000000</ele>
			</trkpt>
			<trkpt lat="50.489196" lon="14.837320">
				<ele>251.000000</ele>
			</trkpt>
			<trkpt lat="50.489333" lon="14.837699">
				<ele>251.000000</ele>
			</trkpt>
			<trkpt lat="50.489471" lon="14.838112">
				<ele>250.000000</ele>
			</trkpt>
			<trkpt lat="50.489607" lon="14.838444">
				<ele>250.000000</ele>
			</trkpt>
			<trkpt lat="50.489716" lon="14.838731">
				<ele>250.000000</ele>
			</trkpt>
			<trkpt lat="50.489848" lon="14.839028">
				<ele>250.000000</ele>
			</trkpt>
			<trkpt lat="50.490208" lon="14.838641">
				<ele>250.000000</ele>
			</trkpt>
			<trkpt lat="50.490271" lon="14.838938">
				<ele>250.000000</ele>
			</trkpt>
			<trkpt lat="50.490316" lon="14.839108">
				<ele>249.000000</ele>
			</trkpt>
			<trkpt lat="50.490362" lon="14.839190">
				<ele>249.000000</ele>
			</trkpt>
			<trkpt lat="50.490407" lon="14.839252">
				<ele>249.000000</ele>
			</trkpt>
			<trkpt lat="50.490454" lon="14.839288">
				<ele>249.000000</ele>
			</trkpt>
			<trkpt lat="50.490516" lon="14.839307">
				<ele>249.000000</ele>
			</trkpt>
			<trkpt lat="50.491408" lon="14.839540">
				<ele>247.000000</ele>
			</trkpt>
			<trkpt lat="50.492042" lon="14.839737">
				<ele>245.000000</ele>
			</trkpt>
			<trkpt lat="50.492259" lon="14.839154">
				<ele>245.000000</ele>
			</trkpt>
			<trkpt lat="50.492482" lon="14.838624">
				<ele>245.000000</ele>
			</trkpt>
			<trkpt lat="50.492699" lon="14.838139">
				<ele>246.000000</ele>
			</trkpt>
			<trkpt lat="50.492968" lon="14.837609">
				<ele>246.000000</ele>
			</trkpt>
			<trkpt lat="50.493157" lon="14.837267">
				<ele>246.000000</ele>
			</trkpt>
			<trkpt lat="50.493374" lon="14.836881">
				<ele>246.000000</ele>
			</trkpt>
			<trkpt lat="50.493991" lon="14.835839">
				<ele>247.000000</ele>
			</trkpt>
			<trkpt lat="50.494151" lon="14.835525">
				<ele>247.000000</ele>
			</trkpt>
			<trkpt lat="50.494277" lon="14.835246">
				<ele>247.000000</ele>
			</trkpt>
			<trkpt lat="50.494322" lon="14.835102">
				<ele>247.000000</ele>
			</trkpt>
			<trkpt lat="50.494374" lon="14.834932">
				<ele>247.000000</ele>
			</trkpt>
			<trkpt lat="50.494448" lon="14.834581">
				<ele>247.000000</ele>
			</trkpt>
			<trkpt lat="50.494637" lon="14.833682">
				<ele>247.000000</ele>
			</trkpt>
			<trkpt lat="50.494677" lon="14.833414">
				<ele>247.000000</ele>
			</trkpt>
			<trkpt lat="50.494700" lon="14.833171">
				<ele>248.000000</ele>
			</trkpt>
			<trkpt lat="50.494717" lon="14.832946">
				<ele>248.000000</ele>
			</trkpt>
			<trkpt lat="50.494705" lon="14.832703">
				<ele>248.000000</ele>
			</trkpt>
			<trkpt lat="50.494688" lon="14.832452">
				<ele>248.000000</ele>
			</trkpt>
			<trkpt lat="50.494648" lon="14.832227">
				<ele>248.000000</ele>
			</trkpt>
			<trkpt lat="50.494580" lon="14.831814">
				<ele>248.000000</ele>
			</trkpt>
			<trkpt lat="50.494517" lon="14.831383">
				<ele>248.000000</ele>
			</trkpt>
			<trkpt lat="50.494471" lon="14.830970">
				<ele>248.000000</ele>
			</trkpt>
			<trkpt lat="50.494442" lon="14.830548">
				<ele>248.000000</ele>
			</trkpt>
			<trkpt lat="50.494425" lon="14.830225">
				<ele>248.000000</ele>
			</trkpt>
			<trkpt lat="50.494403" lon="14.829694">
				<ele>249.000000</ele>
			</trkpt>
			<trkpt lat="50.494403" lon="14.829101">
				<ele>249.000000</ele>
			</trkpt>
			<trkpt lat="50.494403" lon="14.828464">
				<ele>249.000000</ele>
			</trkpt>
			<trkpt lat="50.494408" lon="14.827825">
				<ele>249.000000</ele>
			</trkpt>
			<trkpt lat="50.494425" lon="14.827250">
				<ele>249.000000</ele>
			</trkpt>
			<trkpt lat="50.494454" lon="14.826936">
				<ele>250.000000</ele>
			</trkpt>
			<trkpt lat="50.494500" lon="14.826640">
				<ele>250.000000</ele>
			</trkpt>
			<trkpt lat="50.494562" lon="14.826361">
				<ele>250.000000</ele>
			</trkpt>
			<trkpt lat="50.494643" lon="14.826091">
				<ele>250.000000</ele>
			</trkpt>
			<trkpt lat="50.494740" lon="14.825867">
				<ele>250.000000</ele>
			</trkpt>
			<trkpt lat="50.494836" lon="14.825651">
				<ele>250.000000</ele>
			</trkpt>
			<trkpt lat="50.494962" lon="14.825428">
				<ele>250.000000</ele>
			</trkpt>
			<trkpt lat="50.495117" lon="14.825194">
				<ele>250.000000</ele>
			</trkpt>
			<trkpt lat="50.495448" lon="14.824655">
				<ele>250.000000</ele>
			</trkpt>
			<trkpt lat="50.495654" lon="14.824296">
				<ele>250.000000</ele>
			</trkpt>
			<trkpt lat="50.495871" lon="14.823873">
				<ele>250.000000</ele>
			</trkpt>
			<trkpt lat="50.495951" lon="14.823693">
				<ele>251.000000</ele>
			</trkpt>
			<trkpt lat="50.496025" lon="14.823504">
				<ele>251.000000</ele>
			</trkpt>
			<trkpt lat="50.496248" lon="14.822849">
				<ele>251.000000</ele>
			</trkpt>
			<trkpt lat="50.496311" lon="14.822678">
				<ele>251.000000</ele>
			</trkpt>
			<trkpt lat="50.496379" lon="14.822516">
				<ele>251.000000</ele>
			</trkpt>
			<trkpt lat="50.496540" lon="14.822193">
				<ele>251.000000</ele>
			</trkpt>
			<trkpt lat="50.496757" lon="14.821789">
				<ele>251.000000</ele>
			</trkpt>
			<trkpt lat="50.496997" lon="14.821322">
				<ele>252.000000</ele>
			</trkpt>
			<trkpt lat="50.497260" lon="14.820765">
				<ele>252.000000</ele>
			</trkpt>
			<trkpt lat="50.497511" lon="14.820208">
				<ele>252.000000</ele>
			</trkpt>
			<trkpt lat="50.497637" lon="14.819938">
				<ele>252.000000</ele>
			</trkpt>
			<trkpt lat="50.497808" lon="14.819625">
				<ele>253.000000</ele>
			</trkpt>
			<trkpt lat="50.497997" lon="14.819246">
				<ele>253.000000</ele>
			</trkpt>
			<trkpt lat="50.498266" lon="14.818654">
				<ele>253.000000</ele>
			</trkpt>
			<trkpt lat="50.498443" lon="14.818223">
				<ele>253.000000</ele>
			</trkpt>
			<trkpt lat="50.498677" lon="14.817648">
				<ele>254.000000</ele>
			</trkpt>
			<trkpt lat="50.498883" lon="14.817109">
				<ele>254.000000</ele>
			</trkpt>
			<trkpt lat="50.499785" lon="14.814216">
				<ele>255.000000</ele>
			</trkpt>
			<trkpt lat="50.499894" lon="14.813946">
				<ele>255.000000</ele>
			</trkpt>
			<trkpt lat="50.499980" lon="14.813722">
				<ele>255.000000</ele>
			</trkpt>
			<trkpt lat="50.500134" lon="14.813354">
				<ele>255.000000</ele>
			</trkpt>
			<trkpt lat="50.500528" lon="14.812491">
				<ele>255.000000</ele>
			</trkpt>
			<trkpt lat="50.500585" lon="14.812321">
				<ele>255.000000</ele>
			</trkpt>
			<trkpt lat="50.500682" lon="14.811962">
				<ele>255.000000</ele>
			</trkpt>
			<trkpt lat="50.500637" lon="14.811862">
				<ele>255.000000</ele>
			</trkpt>
			<trkpt lat="50.500619" lon="14.811719">
				<ele>255.000000</ele>
			</trkpt>
			<trkpt lat="50.500596" lon="14.811548">
				<ele>255.000000</ele>
			</trkpt>
			<trkpt lat="50.500591" lon="14.811306">
				<ele>255.000000</ele>
			</trkpt>
			<trkpt lat="50.500591" lon="14.811109">
				<ele>255.000000</ele>
			</trkpt>
			<trkpt lat="50.500580" lon="14.811000">
				<ele>255.000000</ele>
			</trkpt>
			<trkpt lat="50.500551" lon="14.810902">
				<ele>255.000000</ele>
			</trkpt>
			<trkpt lat="50.500528" lon="14.810803">
				<ele>256.000000</ele>
			</trkpt>
			<trkpt lat="50.500608" lon="14.810632">
				<ele>256.000000</ele>
			</trkpt>
			<trkpt lat="50.500671" lon="14.810453">
				<ele>257.000000</ele>
			</trkpt>
			<trkpt lat="50.500723" lon="14.810254">
				<ele>257.000000</ele>
			</trkpt>
			<trkpt lat="50.500837" lon="14.809671">
				<ele>258.000000</ele>
			</trkpt>
			<trkpt lat="50.500877" lon="14.809491">
				<ele>259.000000</ele>
			</trkpt>
			<trkpt lat="50.500894" lon="14.809348">
				<ele>259.000000</ele>
			</trkpt>
			<trkpt lat="50.500894" lon="14.809231">
				<ele>260.000000</ele>
			</trkpt>
			<trkpt lat="50.500882" lon="14.809141">
				<ele>260.000000</ele>
			</trkpt>
			<trkpt lat="50.500865" lon="14.809006">
				<ele>260.000000</ele>
			</trkpt>
			<trkpt lat="50.500831" lon="14.808880">
				<ele>261.000000</ele>
			</trkpt>
			<trkpt lat="50.500786" lon="14.808755">
				<ele>262.000000</ele>
			</trkpt>
			<trkpt lat="50.500723" lon="14.808646">
				<ele>262.000000</ele>
			</trkpt>
			<trkpt lat="50.500854" lon="14.806967">
				<ele>277.000000</ele>
			</trkpt>
			<trkpt lat="50.500871" lon="14.806796">
				<ele>278.000000</ele>
			</trkpt>
			<trkpt lat="50.500940" lon="14.806724">
				<ele>279.000000</ele>
			</trkpt>
			<trkpt lat="50.500985" lon="14.806671">
				<ele>280.000000</ele>
			</trkpt>
			<trkpt lat="50.501031" lon="14.806572">
				<ele>281.000000</ele>
			</trkpt>
			<trkpt lat="50.501088" lon="14.806446">
				<ele>282.000000</ele>
			</trkpt>
			<trkpt lat="50.501265" lon="14.805960">
				<ele>286.000000</ele>
			</trkpt>
			<trkpt lat="50.501328" lon="14.806086">
				<ele>287.000000</ele>
			</trkpt>
			<trkpt lat="50.501380" lon="14.806311">
				<ele>288.000000</ele>
			</trkpt>
			<trkpt lat="50.501408" lon="14.806256">
				<ele>288.000000</ele>
			</trkpt>
			<trkpt lat="50.501425" lon="14.806185">
				<ele>289.000000</ele>
			</trkpt>
			<trkpt lat="50.501437" lon="14.805979">
				<ele>290.000000</ele>
			</trkpt>
			<trkpt lat="50.501482" lon="14.805539">
				<ele>291.000000</ele>
			</trkpt>
			<trkpt lat="50.501643" lon="14.805090">
				<ele>292.000000</ele>
			</trkpt>
			<trkpt lat="50.501648" lon="14.804874">
				<ele>292.000000</ele>
			</trkpt>
			<trkpt lat="50.501705" lon="14.804667">
				<ele>293.000000</ele>
			</trkpt>
			<trkpt lat="50.501745" lon="14.804478">
				<ele>294.000000</ele>
			</trkpt>
			<trkpt lat="50.501802" lon="14.804182">
				<ele>295.000000</ele>
			</trkpt>
			<trkpt lat="50.501871" lon="14.803885">
				<ele>296.000000</ele>
			</trkpt>
			<trkpt lat="50.501820" lon="14.803732">
				<ele>296.000000</ele>
			</trkpt>
			<trkpt lat="50.501734" lon="14.803069">
				<ele>296.000000</ele>
			</trkpt>
			<trkpt lat="50.501693" lon="14.802943">
				<ele>296.000000</ele>
			</trkpt>
			<trkpt lat="50.501665" lon="14.802700">
				<ele>296.000000</ele>
			</trkpt>
			<trkpt lat="50.501591" lon="14.802664">
				<ele>296.000000</ele>
			</trkpt>
			<trkpt lat="50.501248" lon="14.802511">
				<ele>296.000000</ele>
			</trkpt>
			<trkpt lat="50.501162" lon="14.802466">
				<ele>296.000000</ele>
			</trkpt>
			<trkpt lat="50.501357" lon="14.801532">
				<ele>297.000000</ele>
			</trkpt>
			<trkpt lat="50.501391" lon="14.801335">
				<ele>297.000000</ele>
			</trkpt>
			<trkpt lat="50.501465" lon="14.800985">
				<ele>297.000000</ele>
			</trkpt>
			<trkpt lat="50.501722" lon="14.800319">
				<ele>299.000000</ele>
			</trkpt>
			<trkpt lat="50.501757" lon="14.800220">
				<ele>299.000000</ele>
			</trkpt>
			<trkpt lat="50.502145" lon="14.799287">
				<ele>300.000000</ele>
			</trkpt>
			<trkpt lat="50.502431" lon="14.798685">
				<ele>300.000000</ele>
			</trkpt>
			<trkpt lat="50.502493" lon="14.798541">
				<ele>300.000000</ele>
			</trkpt>
			<trkpt lat="50.502665" lon="14.798199">
				<ele>300.000000</ele>
			</trkpt>
			<trkpt lat="50.502888" lon="14.798316">
				<ele>301.000000</ele>
			</trkpt>
			<trkpt lat="50.503025" lon="14.798396">
				<ele>301.000000</ele>
			</trkpt>
			<trkpt lat="50.503168" lon="14.798505">
				<ele>301.000000</ele>
			</trkpt>
			<trkpt lat="50.503305" lon="14.798648">
				<ele>301.000000</ele>
			</trkpt>
			<trkpt lat="50.503356" lon="14.798702">
				<ele>301.000000</ele>
			</trkpt>
			<trkpt lat="50.503419" lon="14.798765">
				<ele>301.000000</ele>
			</trkpt>
			<trkpt lat="50.503494" lon="14.798792">
				<ele>302.000000</ele>
			</trkpt>
			<trkpt lat="50.503574" lon="14.798819">
				<ele>302.000000</ele>
			</trkpt>
			<trkpt lat="50.503579" lon="14.798900">
				<ele>301.000000</ele>
			</trkpt>
			<trkpt lat="50.503619" lon="14.798954">
				<ele>301.000000</ele>
			</trkpt>
			<trkpt lat="50.503654" lon="14.798990">
				<ele>301.000000</ele>
			</trkpt>
			<trkpt lat="50.503688" lon="14.798990">
				<ele>301.000000</ele>
			</trkpt>
			<trkpt lat="50.503728" lon="14.798972">
				<ele>301.000000</ele>
			</trkpt>
			<trkpt lat="50.503751" lon="14.798927">
				<ele>301.000000</ele>
			</trkpt>
			<trkpt lat="50.503837" lon="14.798998">
				<ele>301.000000</ele>
			</trkpt>
			<trkpt lat="50.504071" lon="14.799314">
				<ele>300.000000</ele>
			</trkpt>
			<trkpt lat="50.504185" lon="14.799493">
				<ele>300.000000</ele>
			</trkpt>
			<trkpt lat="50.504322" lon="14.799763">
				<ele>300.000000</ele>
			</trkpt>
			<trkpt lat="50.504390" lon="14.799870">
				<ele>299.000000</ele>
			</trkpt>
			<trkpt lat="50.504431" lon="14.799897">
				<ele>299.000000</ele>
			</trkpt>
			<trkpt lat="50.504465" lon="14.799924">
				<ele>299.000000</ele>
			</trkpt>
			<trkpt lat="50.504510" lon="14.799943">
				<ele>299.000000</ele>
			</trkpt>
			<trkpt lat="50.504574" lon="14.799924">
				<ele>298.000000</ele>
			</trkpt>
			<trkpt lat="50.504653" lon="14.799888">
				<ele>298.000000</ele>
			</trkpt>
			<trkpt lat="50.504779" lon="14.799816">
				<ele>297.000000</ele>
			</trkpt>
			<trkpt lat="50.504853" lon="14.799771">
				<ele>297.000000</ele>
			</trkpt>
			<trkpt lat="50.504962" lon="14.799700">
				<ele>296.000000</ele>
			</trkpt>
			<trkpt lat="50.505048" lon="14.799681">
				<ele>296.000000</ele>
			</trkpt>
			<trkpt lat="50.505168" lon="14.799681">
				<ele>296.000000</ele>
			</trkpt>
			<trkpt lat="50.505339" lon="14.799727">
				<ele>295.000000</ele>
			</trkpt>
			<trkpt lat="50.505448" lon="14.799727">
				<ele>294.000000</ele>
			</trkpt>
			<trkpt lat="50.505533" lon="14.799708">
				<ele>294.000000</ele>
			</trkpt>
			<trkpt lat="50.505608" lon="14.799654">
				<ele>294.000000</ele>
			</trkpt>
			<trkpt lat="50.505716" lon="14.799574">
				<ele>293.000000</ele>
			</trkpt>
			<trkpt lat="50.506333" lon="14.798998">
				<ele>290.000000</ele>
			</trkpt>
			<trkpt lat="50.506567" lon="14.798801">
				<ele>288.000000</ele>
			</trkpt>
			<trkpt lat="50.506865" lon="14.798576">
				<ele>286.000000</ele>
			</trkpt>
			<trkpt lat="50.507287" lon="14.798280">
				<ele>284.000000</ele>
			</trkpt>
			<trkpt lat="50.507482" lon="14.798155">
				<ele>282.000000</ele>
			</trkpt>
			<trkpt lat="50.507682" lon="14.798056">
				<ele>281.000000</ele>
			</trkpt>
			<trkpt lat="50.507870" lon="14.797993">
				<ele>280.000000</ele>
			</trkpt>
			<trkpt lat="50.508184" lon="14.797920">
				<ele>278.000000</ele>
			</trkpt>
			<trkpt lat="50.508264" lon="14.797885">
				<ele>277.000000</ele>
			</trkpt>
			<trkpt lat="50.508344" lon="14.797813">
				<ele>276.000000</ele>
			</trkpt>
			<trkpt lat="50.508407" lon="14.797740">
				<ele>276.000000</ele>
			</trkpt>
			<trkpt lat="50.508470" lon="14.797624">
				<ele>275.000000</ele>
			</trkpt>
			<trkpt lat="50.508532" lon="14.797499">
				<ele>274.000000</ele>
			</trkpt>
			<trkpt lat="50.508590" lon="14.797354">
				<ele>274.000000</ele>
			</trkpt>
			<trkpt lat="50.508716" lon="14.796887">
				<ele>271.000000</ele>
			</trkpt>
			<trkpt lat="50.508995" lon="14.797103">
				<ele>265.000000</ele>
			</trkpt>
			<trkpt lat="50.509081" lon="14.797184">
				<ele>264.000000</ele>
			</trkpt>
			<trkpt lat="50.509190" lon="14.797140">
				<ele>264.000000</ele>
			</trkpt>
			<trkpt lat="50.509269" lon="14.797130">
				<ele>264.000000</ele>
			</trkpt>
			<trkpt lat="50.509355" lon="14.797157">
				<ele>264.000000</ele>
			</trkpt>
			<trkpt lat="50.509470" lon="14.797211">
				<ele>264.000000</ele>
			</trkpt>
			<trkpt lat="50.509578" lon="14.797238">
				<ele>264.000000</ele>
			</trkpt>
			<trkpt lat="50.509892" lon="14.797283">
				<ele>263.000000</ele>
			</trkpt>
			<trkpt lat="50.509967" lon="14.797283">
				<ele>263.000000</ele>
			</trkpt>
			<trkpt lat="50.510053" lon="14.797264">
				<ele>263.000000</ele>
			</trkpt>
			<trkpt lat="50.510327" lon="14.797220">
				<ele>263.000000</ele>
			</trkpt>
			<trkpt lat="50.510452" lon="14.797014">
				<ele>263.000000</ele>
			</trkpt>
			<trkpt lat="50.510555" lon="14.796843">
				<ele>263.000000</ele>
			</trkpt>
			<trkpt lat="50.510681" lon="14.796672">
				<ele>263.000000</ele>
			</trkpt>
			<trkpt lat="50.510818" lon="14.796520">
				<ele>263.000000</ele>
			</trkpt>
			<trkpt lat="50.511006" lon="14.796304">
				<ele>264.000000</ele>
			</trkpt>
			<trkpt lat="50.511400" lon="14.795864">
				<ele>264.000000</ele>
			</trkpt>
			<trkpt lat="50.511475" lon="14.795756">
				<ele>264.000000</ele>
			</trkpt>
			<trkpt lat="50.511515" lon="14.795612">
				<ele>264.000000</ele>
			</trkpt>
			<trkpt lat="50.511538" lon="14.795513">
				<ele>264.000000</ele>
			</trkpt>
			<trkpt lat="50.511555" lon="14.795388">
				<ele>265.000000</ele>
			</trkpt>
			<trkpt lat="50.511589" lon="14.794929">
				<ele>265.000000</ele>
			</trkpt>
			<trkpt lat="50.511595" lon="14.794435">
				<ele>267.000000</ele>
			</trkpt>
			<trkpt lat="50.511858" lon="14.794400">
				<ele>267.000000</ele>
			</trkpt>
			<trkpt lat="50.512092" lon="14.794327">
				<ele>267.000000</ele>
			</trkpt>
			<trkpt lat="50.512314" lon="14.794237">
				<ele>266.000000</ele>
			</trkpt>
			<trkpt lat="50.512754" lon="14.794040">
				<ele>266.000000</ele>
			</trkpt>
			<trkpt lat="50.513131" lon="14.793851">
				<ele>266.000000</ele>
			</trkpt>
			<trkpt lat="50.513463" lon="14.793698">
				<ele>265.000000</ele>
			</trkpt>
			<trkpt lat="50.513754" lon="14.793582">
				<ele>265.000000</ele>
			</trkpt>
			<trkpt lat="50.513926" lon="14.793511">
				<ele>265.000000</ele>
			</trkpt>
			<trkpt lat="50.514085" lon="14.793482">
				<ele>265.000000</ele>
			</trkpt>
			<trkpt lat="50.514223" lon="14.793465">
				<ele>265.000000</ele>
			</trkpt>
			<trkpt lat="50.514246" lon="14.793358">
				<ele>265.000000</ele>
			</trkpt>
			<trkpt lat="50.514285" lon="14.793258">
				<ele>265.000000</ele>
			</trkpt>
			<trkpt lat="50.514325" lon="14.793169">
				<ele>265.000000</ele>
			</trkpt>
			<trkpt lat="50.514388" lon="14.793069">
				<ele>265.000000</ele>
			</trkpt>
			<trkpt lat="50.514634" lon="14.792719">
				<ele>265.000000</ele>
			</trkpt>
			<trkpt lat="50.514994" lon="14.792226">
				<ele>265.000000</ele>
			</trkpt>
			<trkpt lat="50.515473" lon="14.791606">
				<ele>265.000000</ele>
			</trkpt>
			<trkpt lat="50.515685" lon="14.791345">
				<ele>265.000000</ele>
			</trkpt>
			<trkpt lat="50.515845" lon="14.791165">
				<ele>265.000000</ele>
			</trkpt>
			<trkpt lat="50.516004" lon="14.791004">
				<ele>265.000000</ele>
			</trkpt>
			<trkpt lat="50.516176" lon="14.790869">
				<ele>265.000000</ele>
			</trkpt>
			<trkpt lat="50.516490" lon="14.790626">
				<ele>265.000000</ele>
			</trkpt>
			<trkpt lat="50.516753" lon="14.790456">
				<ele>265.000000</ele>
			</trkpt>
			<trkpt lat="50.517038" lon="14.790285">
				<ele>265.000000</ele>
			</trkpt>
			<trkpt lat="50.517381" lon="14.790115">
				<ele>265.000000</ele>
			</trkpt>
			<trkpt lat="50.518946" lon="14.789360">
				<ele>267.000000</ele>
			</trkpt>
			<trkpt lat="50.519112" lon="14.789270">
				<ele>267.000000</ele>
			</trkpt>
			<trkpt lat="50.519346" lon="14.789163">
				<ele>267.000000</ele>
			</trkpt>
			<trkpt lat="50.519466" lon="14.789100">
				<ele>267.000000</ele>
			</trkpt>
			<trkpt lat="50.519558" lon="14.789045">
				<ele>267.000000</ele>
			</trkpt>
			<trkpt lat="50.519654" lon="14.788974">
				<ele>267.000000</ele>
			</trkpt>
			<trkpt lat="50.519735" lon="14.788901">
				<ele>267.000000</ele>
			</trkpt>
			<trkpt lat="50.519814" lon="14.788821">
				<ele>268.000000</ele>
			</trkpt>
			<trkpt lat="50.519878" lon="14.788722">
				<ele>268.000000</ele>
			</trkpt>
			<trkpt lat="50.519940" lon="14.788624">
				<ele>268.000000</ele>
			</trkpt>
			<trkpt lat="50.520100" lon="14.788291">
				<ele>268.000000</ele>
			</trkpt>
			<trkpt lat="50.520283" lon="14.787922">
				<ele>268.000000</ele>
			</trkpt>
			<trkpt lat="50.520586" lon="14.787293">
				<ele>269.000000</ele>
			</trkpt>
			<trkpt lat="50.520808" lon="14.786880">
				<ele>269.000000</ele>
			</trkpt>
			<trkpt lat="50.520763" lon="14.786629">
				<ele>270.000000</ele>
			</trkpt>
			<trkpt lat="50.520740" lon="14.786413">
				<ele>271.000000</ele>
			</trkpt>
			<trkpt lat="50.520728" lon="14.786188">
				<ele>272.000000</ele>
			</trkpt>
			<trkpt lat="50.520728" lon="14.785911">
				<ele>274.000000</ele>
			</trkpt>
			<trkpt lat="50.520734" lon="14.785416">
				<ele>278.000000</ele>
			</trkpt>
			<trkpt lat="50.520808" lon="14.784553">
				<ele>284.000000</ele>
			</trkpt>
			<trkpt lat="50.520820" lon="14.784087">
				<ele>287.000000</ele>
			</trkpt>
			<trkpt lat="50.520820" lon="14.783737">
				<ele>289.000000</ele>
			</trkpt>
			<trkpt lat="50.520802" lon="14.783098">
				<ele>290.000000</ele>
			</trkpt>
			<trkpt lat="50.520802" lon="14.782821">
				<ele>290.000000</ele>
			</trkpt>
			<trkpt lat="50.520831" lon="14.782479">
				<ele>290.000000</ele>
			</trkpt>
			<trkpt lat="50.520865" lon="14.782282">
				<ele>290.000000</ele>
			</trkpt>
			<trkpt lat="50.520899" lon="14.782110">
				<ele>290.000000</ele>
			</trkpt>
			<trkpt lat="50.521026" lon="14.781544">
				<ele>290.000000</ele>
			</trkpt>
			<trkpt lat="50.521168" lon="14.781024">
				<ele>290.000000</ele>
			</trkpt>
			<trkpt lat="50.521237" lon="14.780781">
				<ele>290.000000</ele>
			</trkpt>
			<trkpt lat="50.521328" lon="14.780574">
				<ele>290.000000</ele>
			</trkpt>
			<trkpt lat="50.521408" lon="14.780377">
				<ele>290.000000</ele>
			</trkpt>
			<trkpt lat="50.521562" lon="14.780081">
				<ele>290.000000</ele>
			</trkpt>
			<trkpt lat="50.521739" lon="14.779712">
				<ele>290.000000</ele>
			</trkpt>
			<trkpt lat="50.521819" lon="14.779515">
				<ele>290.000000</ele>
			</trkpt>
			<trkpt lat="50.521899" lon="14.779299">
				<ele>290.000000</ele>
			</trkpt>
			<trkpt lat="50.521962" lon="14.779074">
				<ele>290.000000</ele>
			</trkpt>
			<trkpt lat="50.522145" lon="14.778230">
				<ele>290.000000</ele>
			</trkpt>
			<trkpt lat="50.522196" lon="14.777969">
				<ele>290.000000</ele>
			</trkpt>
			<trkpt lat="50.522224" lon="14.777762">
				<ele>290.000000</ele>
			</trkpt>
			<trkpt lat="50.522230" lon="14.777565">
				<ele>290.000000</ele>
			</trkpt>
			<trkpt lat="50.522230" lon="14.777376">
				<ele>290.000000</ele>
			</trkpt>
			<trkpt lat="50.522219" lon="14.777179">
				<ele>290.000000</ele>
			</trkpt>
			<trkpt lat="50.522185" lon="14.776972">
				<ele>290.000000</ele>
			</trkpt>
			<trkpt lat="50.522133" lon="14.776703">
				<ele>290.000000</ele>
			</trkpt>
			<trkpt lat="50.522059" lon="14.776379">
				<ele>290.000000</ele>
			</trkpt>
			<trkpt lat="50.521979" lon="14.775984">
				<ele>290.000000</ele>
			</trkpt>
			<trkpt lat="50.521939" lon="14.775733">
				<ele>291.000000</ele>
			</trkpt>
			<trkpt lat="50.521927" lon="14.775508">
				<ele>291.000000</ele>
			</trkpt>
			<trkpt lat="50.521956" lon="14.775221">
				<ele>292.000000</ele>
			</trkpt>
			<trkpt lat="50.521990" lon="14.774726">
				<ele>294.000000</ele>
			</trkpt>
			<trkpt lat="50.522053" lon="14.774152">
				<ele>295.000000</ele>
			</trkpt>
			<trkpt lat="50.522082" lon="14.773953">
				<ele>295.000000</ele>
			</trkpt>
			<trkpt lat="50.522116" lon="14.773800">
				<ele>295.000000</ele>
			</trkpt>
			<trkpt lat="50.522162" lon="14.773657">
				<ele>295.000000</ele>
			</trkpt>
			<trkpt lat="50.522213" lon="14.773513">
				<ele>295.000000</ele>
			</trkpt>
			<trkpt lat="50.522401" lon="14.773145">
				<ele>295.000000</ele>
			</trkpt>
			<trkpt lat="50.522767" lon="14.772471">
				<ele>297.000000</ele>
			</trkpt>
			<trkpt lat="50.522955" lon="14.772058">
				<ele>298.000000</ele>
			</trkpt>
			<trkpt lat="50.523075" lon="14.771789">
				<ele>298.000000</ele>
			</trkpt>
			<trkpt lat="50.523201" lon="14.771537">
				<ele>299.000000</ele>
			</trkpt>
			<trkpt lat="50.523578" lon="14.770881">
				<ele>300.000000</ele>
			</trkpt>
			<trkpt lat="50.523772" lon="14.770513">
				<ele>301.000000</ele>
			</trkpt>
			<trkpt lat="50.523926" lon="14.770181">
				<ele>302.000000</ele>
			</trkpt>
			<trkpt lat="50.524075" lon="14.769794">
				<ele>303.000000</ele>
			</trkpt>
			<trkpt lat="50.524366" lon="14.769022">
				<ele>304.000000</ele>
			</trkpt>
			<trkpt lat="50.524406" lon="14.768879">
				<ele>305.000000</ele>
			</trkpt>
			<trkpt lat="50.524446" lon="14.768726">
				<ele>305.000000</ele>
			</trkpt>
			<trkpt lat="50.524532" lon="14.768231">
				<ele>306.000000</ele>
			</trkpt>
			<trkpt lat="50.524589" lon="14.767997">
				<ele>306.000000</ele>
			</trkpt>
			<trkpt lat="50.524978" lon="14.766533">
				<ele>309.000000</ele>
			</trkpt>
			<trkpt lat="50.525389" lon="14.764934">
				<ele>312.000000</ele>
			</trkpt>
			<trkpt lat="50.525589" lon="14.764063">
				<ele>314.000000</ele>
			</trkpt>
			<trkpt lat="50.525657" lon="14.763695">
				<ele>315.000000</ele>
			</trkpt>
			<trkpt lat="50.525771" lon="14.763013">
				<ele>318.000000</ele>
			</trkpt>
			<trkpt lat="50.525834" lon="14.762707">
				<ele>319.000000</ele>
			</trkpt>
			<trkpt lat="50.525897" lon="14.762420">
				<ele>321.000000</ele>
			</trkpt>
			<trkpt lat="50.525971" lon="14.762221">
				<ele>322.000000</ele>
			</trkpt>
			<trkpt lat="50.526040" lon="14.762042">
				<ele>323.000000</ele>
			</trkpt>
			<trkpt lat="50.526159" lon="14.761871">
				<ele>324.000000</ele>
			</trkpt>
			<trkpt lat="50.526354" lon="14.761575">
				<ele>327.000000</ele>
			</trkpt>
			<trkpt lat="50.526497" lon="14.761351">
				<ele>330.000000</ele>
			</trkpt>
			<trkpt lat="50.526513" lon="14.761233">
				<ele>331.000000</ele>
			</trkpt>
			<trkpt lat="50.526560" lon="14.761135">
				<ele>331.000000</ele>
			</trkpt>
			<trkpt lat="50.526633" lon="14.761063">
				<ele>331.000000</ele>
			</trkpt>
			<trkpt lat="50.526742" lon="14.760982">
				<ele>332.000000</ele>
			</trkpt>
			<trkpt lat="50.526845" lon="14.760910">
				<ele>332.000000</ele>
			</trkpt>
			<trkpt lat="50.526919" lon="14.760865">
				<ele>333.000000</ele>
			</trkpt>
			<trkpt lat="50.526982" lon="14.760793">
				<ele>333.000000</ele>
			</trkpt>
			<trkpt lat="50.527056" lon="14.760686">
				<ele>334.000000</ele>
			</trkpt>
			<trkpt lat="50.527153" lon="14.760569">
				<ele>334.000000</ele>
			</trkpt>
			<trkpt lat="50.527284" lon="14.760443">
				<ele>335.000000</ele>
			</trkpt>
			<trkpt lat="50.527325" lon="14.760183">
				<ele>335.000000</ele>
			</trkpt>
			<trkpt lat="50.527404" lon="14.759680">
				<ele>335.000000</ele>
			</trkpt>
			<trkpt lat="50.527422" lon="14.759455">
				<ele>335.000000</ele>
			</trkpt>
			<trkpt lat="50.527502" lon="14.759185">
				<ele>335.000000</ele>
			</trkpt>
			<trkpt lat="50.527588" lon="14.758745">
				<ele>335.000000</ele>
			</trkpt>
			<trkpt lat="50.527616" lon="14.758646">
				<ele>335.000000</ele>
			</trkpt>
			<trkpt lat="50.527633" lon="14.758565">
				<ele>335.000000</ele>
			</trkpt>
			<trkpt lat="50.527673" lon="14.758502">
				<ele>335.000000</ele>
			</trkpt>
			<trkpt lat="50.527713" lon="14.758449">
				<ele>335.000000</ele>
			</trkpt>
			<trkpt lat="50.527958" lon="14.758179">
				<ele>335.000000</ele>
			</trkpt>
			<trkpt lat="50.527993" lon="14.758152">
				<ele>335.000000</ele>
			</trkpt>
			<trkpt lat="50.528038" lon="14.758126">
				<ele>335.000000</ele>
			</trkpt>
			<trkpt lat="50.528119" lon="14.758126">
				<ele>335.000000</ele>
			</trkpt>
			<trkpt lat="50.528181" lon="14.758135">
				<ele>335.000000</ele>
			</trkpt>
			<trkpt lat="50.528301" lon="14.758179">
				<ele>335.000000</ele>
			</trkpt>
			<trkpt lat="50.528444" lon="14.758233">
				<ele>335.000000</ele>
			</trkpt>
			<trkpt lat="50.528507" lon="14.758233">
				<ele>335.000000</ele>
			</trkpt>
			<trkpt lat="50.528569" lon="14.758233">
				<ele>335.000000</ele>
			</trkpt>
			<trkpt lat="50.528809" lon="14.758162">
				<ele>335.000000</ele>
			</trkpt>
			<trkpt lat="50.529295" lon="14.758089">
				<ele>335.000000</ele>
			</trkpt>
			<trkpt lat="50.529540" lon="14.758045">
				<ele>335.000000</ele>
			</trkpt>
			<trkpt lat="50.529900" lon="14.757946">
				<ele>335.000000</ele>
			</trkpt>
			<trkpt lat="50.530225" lon="14.757873">
				<ele>335.000000</ele>
			</trkpt>
			<trkpt lat="50.530620" lon="14.757802">
				<ele>335.000000</ele>
			</trkpt>
			<trkpt lat="50.531362" lon="14.757686">
				<ele>334.000000</ele>
			</trkpt>
			<trkpt lat="50.531510" lon="14.757640">
				<ele>333.000000</ele>
			</trkpt>
			<trkpt lat="50.531624" lon="14.757596">
				<ele>333.000000</ele>
			</trkpt>
			<trkpt lat="50.531733" lon="14.757514">
				<ele>333.000000</ele>
			</trkpt>
			<trkpt lat="50.531887" lon="14.757380">
				<ele>333.000000</ele>
			</trkpt>
			<trkpt lat="50.532082" lon="14.757210">
				<ele>333.000000</ele>
			</trkpt>
			<trkpt lat="50.532373" lon="14.757003">
				<ele>332.000000</ele>
			</trkpt>
			<trkpt lat="50.532898" lon="14.756598">
				<ele>332.000000</ele>
			</trkpt>
			<trkpt lat="50.533932" lon="14.755879">
				<ele>328.000000</ele>
			</trkpt>
			<trkpt lat="50.534211" lon="14.755665">
				<ele>327.000000</ele>
			</trkpt>
			<trkpt lat="50.534445" lon="14.755466">
				<ele>326.000000</ele>
			</trkpt>
			<trkpt lat="50.534616" lon="14.755323">
				<ele>326.000000</ele>
			</trkpt>
			<trkpt lat="50.534793" lon="14.755223">
				<ele>325.000000</ele>
			</trkpt>
			<trkpt lat="50.534976" lon="14.755152">
				<ele>325.000000</ele>
			</trkpt>
			<trkpt lat="50.535165" lon="14.755107">
				<ele>325.000000</ele>
			</trkpt>
			<trkpt lat="50.535290" lon="14.755099">
				<ele>325.000000</ele>
			</trkpt>
			<trkpt lat="50.535381" lon="14.755053">
				<ele>325.000000</ele>
			</trkpt>
			<trkpt lat="50.535450" lon="14.755009">
				<ele>325.000000</ele>
			</trkpt>
			<trkpt lat="50.535570" lon="14.754927">
				<ele>325.000000</ele>
			</trkpt>
			<trkpt lat="50.535798" lon="14.754784">
				<ele>325.000000</ele>
			</trkpt>
			<trkpt lat="50.535884" lon="14.754684">
				<ele>325.000000</ele>
			</trkpt>
			<trkpt lat="50.535935" lon="14.754594">
				<ele>325.000000</ele>
			</trkpt>
			<trkpt lat="50.535964" lon="14.754514">
				<ele>325.000000</ele>
			</trkpt>
			<trkpt lat="50.536016" lon="14.753994">
				<ele>325.000000</ele>
			</trkpt>
			<trkpt lat="50.536095" lon="14.753535">
				<ele>325.000000</ele>
			</trkpt>
			<trkpt lat="50.536187" lon="14.753131">
				<ele>325.000000</ele>
			</trkpt>
			<trkpt lat="50.536415" lon="14.752143">
				<ele>325.000000</ele>
			</trkpt>
			<trkpt lat="50.536427" lon="14.752044">
				<ele>325.000000</ele>
			</trkpt>
			<trkpt lat="50.536415" lon="14.751927">
				<ele>325.000000</ele>
			</trkpt>
			<trkpt lat="50.536369" lon="14.751828">
				<ele>325.000000</ele>
			</trkpt>
			<trkpt lat="50.536318" lon="14.751747">
				<ele>325.000000</ele>
			</trkpt>
			<trkpt lat="50.535901" lon="14.751378">
				<ele>325.000000</ele>
			</trkpt>
			<trkpt lat="50.535416" lon="14.750984">
				<ele>326.000000</ele>
			</trkpt>
			<trkpt lat="50.535045" lon="14.750696">
				<ele>327.000000</ele>
			</trkpt>
			<trkpt lat="50.535199" lon="14.750086">
				<ele>328.000000</ele>
			</trkpt>
			<trkpt lat="50.535359" lon="14.749493">
				<ele>330.000000</ele>
			</trkpt>
			<trkpt lat="50.535804" lon="14.747912">
				<ele>332.000000</ele>
			</trkpt>
			<trkpt lat="50.535855" lon="14.747749">
				<ele>333.000000</ele>
			</trkpt>
			<trkpt lat="50.535912" lon="14.747615">
				<ele>333.000000</ele>
			</trkpt>
			<trkpt lat="50.535964" lon="14.747472">
				<ele>333.000000</ele>
			</trkpt>
			<trkpt lat="50.536055" lon="14.747319">
				<ele>334.000000</ele>
			</trkpt>
			<trkpt lat="50.536146" lon="14.747103">
				<ele>334.000000</ele>
			</trkpt>
			<trkpt lat="50.536216" lon="14.746879">
				<ele>335.000000</ele>
			</trkpt>
			<trkpt lat="50.536369" lon="14.746195">
				<ele>336.000000</ele>
			</trkpt>
			<trkpt lat="50.536718" lon="14.744740">
				<ele>340.000000</ele>
			</trkpt>
			<trkpt lat="50.536752" lon="14.744560">
				<ele>340.000000</ele>
			</trkpt>
			<trkpt lat="50.536757" lon="14.744409">
				<ele>341.000000</ele>
			</trkpt>
			<trkpt lat="50.536741" lon="14.744237">
				<ele>341.000000</ele>
			</trkpt>
			<trkpt lat="50.536689" lon="14.744040">
				<ele>342.000000</ele>
			</trkpt>
			<trkpt lat="50.536558" lon="14.743698">
				<ele>344.000000</ele>
			</trkpt>
			<trkpt lat="50.536450" lon="14.743428">
				<ele>345.000000</ele>
			</trkpt>
			<trkpt lat="50.536529" lon="14.742925">
				<ele>347.000000</ele>
			</trkpt>
			<trkpt lat="50.536438" lon="14.742629">
				<ele>348.000000</ele>
			</trkpt>
			<trkpt lat="50.536358" lon="14.742333">
				<ele>350.000000</ele>
			</trkpt>
			<trkpt lat="50.536130" lon="14.741344">
				<ele>355.000000</ele>
			</trkpt>
			<trkpt lat="50.536095" lon="14.741165">
				<ele>355.000000</ele>
			</trkpt>
			<trkpt lat="50.536050" lon="14.740904">
				<ele>356.000000</ele>
			</trkpt>
			<trkpt lat="50.536032" lon="14.740654">
				<ele>356.000000</ele>
			</trkpt>
			<trkpt lat="50.536021" lon="14.740402">
				<ele>356.000000</ele>
			</trkpt>
			<trkpt lat="50.536032" lon="14.739988">
				<ele>357.000000</ele>
			</trkpt>
			<trkpt lat="50.536067" lon="14.739557">
				<ele>357.000000</ele>
			</trkpt>
			<trkpt lat="50.536067" lon="14.739396">
				<ele>357.000000</ele>
			</trkpt>
			<trkpt lat="50.536055" lon="14.739243">
				<ele>358.000000</ele>
			</trkpt>
			<trkpt lat="50.536039" lon="14.739099">
				<ele>358.000000</ele>
			</trkpt>
			<trkpt lat="50.536010" lon="14.738964">
				<ele>358.000000</ele>
			</trkpt>
			<trkpt lat="50.535964" lon="14.738820">
				<ele>358.000000</ele>
			</trkpt>
			<trkpt lat="50.535918" lon="14.738694">
				<ele>358.000000</ele>
			</trkpt>
			<trkpt lat="50.535747" lon="14.738344">
				<ele>359.000000</ele>
			</trkpt>
			<trkpt lat="50.535387" lon="14.737652">
				<ele>360.000000</ele>
			</trkpt>
			<trkpt lat="50.535313" lon="14.737482">
				<ele>360.000000</ele>
			</trkpt>
			<trkpt lat="50.535262" lon="14.737329">
				<ele>360.000000</ele>
			</trkpt>
			<trkpt lat="50.535142" lon="14.736782">
				<ele>360.000000</ele>
			</trkpt>
			<trkpt lat="50.535108" lon="14.736629">
				<ele>360.000000</ele>
			</trkpt>
			<trkpt lat="50.535085" lon="14.736459">
				<ele>361.000000</ele>
			</trkpt>
			<trkpt lat="50.535079" lon="14.736296">
				<ele>361.000000</ele>
			</trkpt>
			<trkpt lat="50.535085" lon="14.735991">
				<ele>362.000000</ele>
			</trkpt>
			<trkpt lat="50.535085" lon="14.735551">
				<ele>363.000000</ele>
			</trkpt>
			<trkpt lat="50.535102" lon="14.734985">
				<ele>364.000000</ele>
			</trkpt>
			<trkpt lat="50.535108" lon="14.734491">
				<ele>366.000000</ele>
			</trkpt>
			<trkpt lat="50.535090" lon="14.734069">
				<ele>368.000000</ele>
			</trkpt>
			<trkpt lat="50.535045" lon="14.733637">
				<ele>370.000000</ele>
			</trkpt>
			<trkpt lat="50.534965" lon="14.733080">
				<ele>372.000000</ele>
			</trkpt>
			<trkpt lat="50.534897" lon="14.732757">
				<ele>374.000000</ele>
			</trkpt>
			<trkpt lat="50.534754" lon="14.732101">
				<ele>376.000000</ele>
			</trkpt>
			<trkpt lat="50.534708" lon="14.731805">
				<ele>376.000000</ele>
			</trkpt>
			<trkpt lat="50.534679" lon="14.731392">
				<ele>377.000000</ele>
			</trkpt>
			<trkpt lat="50.534668" lon="14.731167">
				<ele>377.000000</ele>
			</trkpt>
			<trkpt lat="50.534679" lon="14.730987">
				<ele>377.000000</ele>
			</trkpt>
			<trkpt lat="50.534713" lon="14.730780">
				<ele>378.000000</ele>
			</trkpt>
			<trkpt lat="50.534793" lon="14.730484">
				<ele>378.000000</ele>
			</trkpt>
			<trkpt lat="50.534936" lon="14.729909">
				<ele>379.000000</ele>
			</trkpt>
			<trkpt lat="50.534999" lon="14.729712">
				<ele>380.000000</ele>
			</trkpt>
			<trkpt lat="50.535074" lon="14.729514">
				<ele>380.000000</ele>
			</trkpt>
			<trkpt lat="50.535108" lon="14.729398">
				<ele>381.000000</ele>
			</trkpt>
			<trkpt lat="50.535142" lon="14.729289">
				<ele>381.000000</ele>
			</trkpt>
			<trkpt lat="50.535159" lon="14.729191">
				<ele>382.000000</ele>
			</trkpt>
			<trkpt lat="50.535159" lon="14.729101">
				<ele>382.000000</ele>
			</trkpt>
			<trkpt lat="50.535159" lon="14.729020">
				<ele>382.000000</ele>
			</trkpt>
			<trkpt lat="50.535147" lon="14.728948">
				<ele>382.000000</ele>
			</trkpt>
			<trkpt lat="50.535125" lon="14.728867">
				<ele>383.000000</ele>
			</trkpt>
			<trkpt lat="50.535085" lon="14.728777">
				<ele>383.000000</ele>
			</trkpt>
			<trkpt lat="50.534954" lon="14.728480">
				<ele>384.000000</ele>
			</trkpt>
			<trkpt lat="50.534759" lon="14.728104">
				<ele>386.000000</ele>
			</trkpt>
			<trkpt lat="50.534599" lon="14.727664">
				<ele>389.000000</ele>
			</trkpt>
			<trkpt lat="50.534520" lon="14.727457">
				<ele>390.000000</ele>
			</trkpt>
			<trkpt lat="50.534400" lon="14.727079">
				<ele>392.000000</ele>
			</trkpt>
			<trkpt lat="50.534354" lon="14.726891">
				<ele>393.000000</ele>
			</trkpt>
			<trkpt lat="50.534325" lon="14.726639">
				<ele>394.000000</ele>
			</trkpt>
			<trkpt lat="50.534274" lon="14.726289">
				<ele>396.000000</ele>
			</trkpt>
			<trkpt lat="50.534200" lon="14.725696">
				<ele>400.000000</ele>
			</trkpt>
			<trkpt lat="50.534091" lon="14.725014">
				<ele>402.000000</ele>
			</trkpt>
			<trkpt lat="50.533989" lon="14.724609">
				<ele>403.000000</ele>
			</trkpt>
			<trkpt lat="50.533914" lon="14.724232">
				<ele>404.000000</ele>
			</trkpt>
			<trkpt lat="50.533869" lon="14.723962">
				<ele>404.000000</ele>
			</trkpt>
			<trkpt lat="50.533851" lon="14.723693">
				<ele>405.000000</ele>
			</trkpt>
			<trkpt lat="50.533863" lon="14.723379">
				<ele>405.000000</ele>
			</trkpt>
			<trkpt lat="50.533897" lon="14.723019">
				<ele>405.000000</ele>
			</trkpt>
			<trkpt lat="50.533920" lon="14.722750">
				<ele>405.000000</ele>
			</trkpt>
			<trkpt lat="50.533932" lon="14.722561">
				<ele>405.000000</ele>
			</trkpt>
			<trkpt lat="50.533885" lon="14.722525">
				<ele>405.000000</ele>
			</trkpt>
			<trkpt lat="50.533840" lon="14.722480">
				<ele>405.000000</ele>
			</trkpt>
			<trkpt lat="50.533766" lon="14.722337">
				<ele>405.000000</ele>
			</trkpt>
			<trkpt lat="50.533743" lon="14.722255">
				<ele>405.000000</ele>
			</trkpt>
			<trkpt lat="50.533720" lon="14.722157">
				<ele>405.000000</ele>
			</trkpt>
			<trkpt lat="50.533714" lon="14.722058">
				<ele>405.000000</ele>
			</trkpt>
			<trkpt lat="50.533714" lon="14.721959">
				<ele>405.000000</ele>
			</trkpt>
			<trkpt lat="50.533720" lon="14.721861">
				<ele>405.000000</ele>
			</trkpt>
			<trkpt lat="50.533749" lon="14.721744">
				<ele>405.000000</ele>
			</trkpt>
			<trkpt lat="50.533817" lon="14.721509">
				<ele>405.000000</ele>
			</trkpt>
			<trkpt lat="50.533846" lon="14.721402">
				<ele>405.000000</ele>
			</trkpt>
			<trkpt lat="50.533863" lon="14.721303">
				<ele>405.000000</ele>
			</trkpt>
			<trkpt lat="50.533863" lon="14.721205">
				<ele>405.000000</ele>
			</trkpt>
			<trkpt lat="50.533857" lon="14.721123">
				<ele>405.000000</ele>
			</trkpt>
			<trkpt lat="50.533920" lon="14.720980">
				<ele>406.000000</ele>
			</trkpt>
			<trkpt lat="50.533989" lon="14.720746">
				<ele>406.000000</ele>
			</trkpt>
			<trkpt lat="50.534223" lon="14.719767">
				<ele>410.000000</ele>
			</trkpt>
			<trkpt lat="50.534337" lon="14.719750">
				<ele>411.000000</ele>
			</trkpt>
			<trkpt lat="50.534428" lon="14.719740">
				<ele>411.000000</ele>
			</trkpt>
			<trkpt lat="50.534508" lon="14.719695">
				<ele>412.000000</ele>
			</trkpt>
			<trkpt lat="50.534582" lon="14.719641">
				<ele>412.000000</ele>
			</trkpt>
			<trkpt lat="50.534622" lon="14.719578">
				<ele>413.000000</ele>
			</trkpt>
			<trkpt lat="50.534668" lon="14.719507">
				<ele>413.000000</ele>
			</trkpt>
			<trkpt lat="50.534708" lon="14.719444">
				<ele>414.000000</ele>
			</trkpt>
			<trkpt lat="50.534742" lon="14.719354">
				<ele>414.000000</ele>
			</trkpt>
			<trkpt lat="50.535170" lon="14.719398">
				<ele>421.000000</ele>
			</trkpt>
			<trkpt lat="50.535513" lon="14.719408">
				<ele>428.000000</ele>
			</trkpt>
			<trkpt lat="50.535639" lon="14.719417">
				<ele>431.000000</ele>
			</trkpt>
			<trkpt lat="50.535724" lon="14.719462">
				<ele>432.000000</ele>
			</trkpt>
			<trkpt lat="50.535776" lon="14.719534">
				<ele>433.000000</ele>
			</trkpt>
			<trkpt lat="50.535827" lon="14.719633">
				<ele>434.000000</ele>
			</trkpt>
			<trkpt lat="50.535896" lon="14.719813">
				<ele>439.000000</ele>
			</trkpt>
			<trkpt lat="50.535930" lon="14.719884">
				<ele>439.000000</ele>
			</trkpt>
			<trkpt lat="50.535975" lon="14.719930">
				<ele>439.000000</ele>
			</trkpt>
			<trkpt lat="50.536021" lon="14.719938">
				<ele>438.000000</ele>
			</trkpt>
			<trkpt lat="50.536084" lon="14.719938">
				<ele>438.000000</ele>
			</trkpt>
			<trkpt lat="50.536118" lon="14.720064">
				<ele>440.000000</ele>
			</trkpt>
			<trkpt lat="50.536181" lon="14.720207">
				<ele>442.000000</ele>
			</trkpt>
			<trkpt lat="50.536461" lon="14.720729">
				<ele>447.000000</ele>
			</trkpt>
			<trkpt lat="50.536643" lon="14.721178">
				<ele>449.000000</ele>
			</trkpt>
			<trkpt lat="50.536678" lon="14.721295">
				<ele>450.000000</ele>
			</trkpt>
			<trkpt lat="50.536723" lon="14.721393">
				<ele>451.000000</ele>
			</trkpt>
			<trkpt lat="50.536786" lon="14.721492">
				<ele>451.000000</ele>
			</trkpt>
			<trkpt lat="50.536866" lon="14.721582">
				<ele>452.000000</ele>
			</trkpt>
			<trkpt lat="50.537174" lon="14.721941">
				<ele>456.000000</ele>
			</trkpt>
			<trkpt lat="50.537511" lon="14.722148">
				<ele>460.000000</ele>
			</trkpt>
			<trkpt lat="50.538282" lon="14.722597">
				<ele>470.000000</ele>
			</trkpt>
			<trkpt lat="50.538591" lon="14.722777">
				<ele>472.000000</ele>
			</trkpt>
			<trkpt lat="50.538796" lon="14.722930">
				<ele>473.000000</ele>
			</trkpt>
			<trkpt lat="50.538893" lon="14.723001">
				<ele>474.000000</ele>
			</trkpt>
			<trkpt lat="50.539041" lon="14.723073">
				<ele>475.000000</ele>
			</trkpt>
			<trkpt lat="50.539138" lon="14.723100">
				<ele>475.000000</ele>
			</trkpt>
			<trkpt lat="50.539167" lon="14.723100">
				<ele>476.000000</ele>
			</trkpt>
			<trkpt lat="50.539184" lon="14.723082">
				<ele>477.000000</ele>
			</trkpt>
			<trkpt lat="50.539190" lon="14.723056">
				<ele>478.000000</ele>
			</trkpt>
			<trkpt lat="50.539201" lon="14.723010">
				<ele>479.000000</ele>
			</trkpt>
			<trkpt lat="50.539190" lon="14.722939">
				<ele>480.000000</ele>
			</trkpt>
			<trkpt lat="50.539173" lon="14.722911">
				<ele>480.000000</ele>
			</trkpt>
			<trkpt lat="50.539150" lon="14.722903">
				<ele>480.000000</ele>
			</trkpt>
			<trkpt lat="50.538967" lon="14.722731">
				<ele>482.000000</ele>
			</trkpt>
			<trkpt lat="50.538813" lon="14.722614">
				<ele>483.000000</ele>
			</trkpt>
			<trkpt lat="50.538721" lon="14.722525">
				<ele>484.000000</ele>
			</trkpt>
			<trkpt lat="50.538636" lon="14.722408">
				<ele>485.000000</ele>
			</trkpt>
			<trkpt lat="50.538562" lon="14.722264">
				<ele>487.000000</ele>
			</trkpt>
			<trkpt lat="50.538442" lon="14.722014">
				<ele>492.000000</ele>
			</trkpt>
			<trkpt lat="50.538351" lon="14.721779">
				<ele>497.000000</ele>
			</trkpt>
			<trkpt lat="50.538271" lon="14.721519">
				<ele>502.000000</ele>
			</trkpt>
			<trkpt lat="50.538145" lon="14.721096">
				<ele>509.000000</ele>
			</trkpt>
			<trkpt lat="50.538088" lon="14.720899">
				<ele>512.000000</ele>
			</trkpt>
			<trkpt lat="50.538071" lon="14.720792">
				<ele>513.000000</ele>
			</trkpt>
			<trkpt lat="50.538065" lon="14.720675">
				<ele>515.000000</ele>
			</trkpt>
			<trkpt lat="50.538060" lon="14.720530">
				<ele>518.000000</ele>
			</trkpt>
			<trkpt lat="50.538082" lon="14.720199">
				<ele>526.000000</ele>
			</trkpt>
			<trkpt lat="50.538105" lon="14.719938">
				<ele>531.000000</ele>
			</trkpt>
			<trkpt lat="50.538122" lon="14.719687">
				<ele>536.000000</ele>
			</trkpt>
			<trkpt lat="50.538139" lon="14.719408">
				<ele>540.000000</ele>
			</trkpt>
			<trkpt lat="50.538157" lon="14.719238">
				<ele>542.000000</ele>
			</trkpt>
			<trkpt lat="50.538185" lon="14.719048">
				<ele>544.000000</ele>
			</trkpt>
			<trkpt lat="50.538310" lon="14.718528">
				<ele>552.000000</ele>
			</trkpt>
			<trkpt lat="50.538362" lon="14.718446">
				<ele>555.000000</ele>
			</trkpt>
			<trkpt lat="50.538419" lon="14.718419">
				<ele>556.000000</ele>
			</trkpt>
			<trkpt lat="50.538471" lon="14.718419">
				<ele>557.000000</ele>
			</trkpt>
			<trkpt lat="50.538528" lon="14.718456">
				<ele>558.000000</ele>
			</trkpt>
			<trkpt lat="50.538716" lon="14.718626">
				<ele>563.000000</ele>
			</trkpt>
			<trkpt lat="50.538825" lon="14.718735">
				<ele>566.000000</ele>
			</trkpt>
			<trkpt lat="50.538910" lon="14.718869">
				<ele>570.000000</ele>
			</trkpt>
			<trkpt lat="50.539018" lon="14.719022">
				<ele>574.000000</ele>
			</trkpt>
			<trkpt lat="50.539075" lon="14.719129">
				<ele>576.000000</ele>
			</trkpt>
			<trkpt lat="50.539110" lon="14.719219">
				<ele>578.000000</ele>
			</trkpt>
			<trkpt lat="50.539184" lon="14.719444">
				<ele>582.000000</ele>
			</trkpt>
			<trkpt lat="50.539390" lon="14.720217">
				<ele>592.000000</ele>
			</trkpt>
			<trkpt lat="50.539504" lon="14.720765">
				<ele>597.000000</ele>
			</trkpt>
			<trkpt lat="50.539493" lon="14.720827">
				<ele>598.000000</ele>
			</trkpt>
			<trkpt lat="50.539475" lon="14.720855">
				<ele>598.000000</ele>
			</trkpt>
			<trkpt lat="50.539458" lon="14.720836">
				<ele>599.000000</ele>
			</trkpt>
			<trkpt lat="50.539413" lon="14.720765">
				<ele>599.000000</ele>
			</trkpt>
			<trkpt lat="50.539350" lon="14.720683">
				<ele>601.000000</ele>
			</trkpt>
			<trkpt lat="50.539350" lon="14.720683">
				<ele>601.000000</ele>
			</trkpt>
			<trkpt lat="50.539413" lon="14.720765">
				<ele>599.000000</ele>
			</trkpt>
			<trkpt lat="50.539458" lon="14.720836">
				<ele>599.000000</ele>
			</trkpt>
			<trkpt lat="50.539475" lon="14.720855">
				<ele>598.000000</ele>
			</trkpt>
			<trkpt lat="50.539493" lon="14.720827">
				<ele>598.000000</ele>
			</trkpt>
			<trkpt lat="50.539504" lon="14.720765">
				<ele>597.000000</ele>
			</trkpt>
			<trkpt lat="50.539390" lon="14.720217">
				<ele>592.000000</ele>
			</trkpt>
			<trkpt lat="50.539184" lon="14.719444">
				<ele>582.000000</ele>
			</trkpt>
			<trkpt lat="50.539110" lon="14.719219">
				<ele>578.000000</ele>
			</trkpt>
			<trkpt lat="50.539075" lon="14.719129">
				<ele>576.000000</ele>
			</trkpt>
			<trkpt lat="50.539018" lon="14.719022">
				<ele>574.000000</ele>
			</trkpt>
			<trkpt lat="50.538910" lon="14.718869">
				<ele>570.000000</ele>
			</trkpt>
			<trkpt lat="50.538825" lon="14.718735">
				<ele>566.000000</ele>
			</trkpt>
			<trkpt lat="50.538716" lon="14.718626">
				<ele>563.000000</ele>
			</trkpt>
			<trkpt lat="50.538528" lon="14.718456">
				<ele>558.000000</ele>
			</trkpt>
			<trkpt lat="50.538471" lon="14.718419">
				<ele>557.000000</ele>
			</trkpt>
			<trkpt lat="50.538419" lon="14.718419">
				<ele>556.000000</ele>
			</trkpt>
			<trkpt lat="50.538362" lon="14.718446">
				<ele>555.000000</ele>
			</trkpt>
			<trkpt lat="50.538310" lon="14.718528">
				<ele>552.000000</ele>
			</trkpt>
			<trkpt lat="50.538185" lon="14.719048">
				<ele>544.000000</ele>
			</trkpt>
			<trkpt lat="50.538157" lon="14.719238">
				<ele>542.000000</ele>
			</trkpt>
			<trkpt lat="50.538139" lon="14.719408">
				<ele>540.000000</ele>
			</trkpt>
			<trkpt lat="50.538122" lon="14.719687">
				<ele>536.000000</ele>
			</trkpt>
			<trkpt lat="50.538105" lon="14.719938">
				<ele>531.000000</ele>
			</trkpt>
			<trkpt lat="50.538082" lon="14.720199">
				<ele>526.000000</ele>
			</trkpt>
			<trkpt lat="50.538060" lon="14.720530">
				<ele>518.000000</ele>
			</trkpt>
			<trkpt lat="50.538065" lon="14.720675">
				<ele>515.000000</ele>
			</trkpt>
			<trkpt lat="50.538071" lon="14.720792">
				<ele>513.000000</ele>
			</trkpt>
			<trkpt lat="50.538088" lon="14.720899">
				<ele>512.000000</ele>
			</trkpt>
			<trkpt lat="50.538145" lon="14.721096">
				<ele>509.000000</ele>
			</trkpt>
			<trkpt lat="50.538271" lon="14.721519">
				<ele>502.000000</ele>
			</trkpt>
			<trkpt lat="50.538351" lon="14.721779">
				<ele>497.000000</ele>
			</trkpt>
			<trkpt lat="50.538442" lon="14.722014">
				<ele>492.000000</ele>
			</trkpt>
			<trkpt lat="50.538562" lon="14.722264">
				<ele>487.000000</ele>
			</trkpt>
			<trkpt lat="50.538636" lon="14.722408">
				<ele>485.000000</ele>
			</trkpt>
			<trkpt lat="50.538721" lon="14.722525">
				<ele>484.000000</ele>
			</trkpt>
			<trkpt lat="50.538813" lon="14.722614">
				<ele>483.000000</ele>
			</trkpt>
			<trkpt lat="50.538967" lon="14.722731">
				<ele>482.000000</ele>
			</trkpt>
			<trkpt lat="50.539150" lon="14.722903">
				<ele>480.000000</ele>
			</trkpt>
			<trkpt lat="50.539173" lon="14.722911">
				<ele>480.000000</ele>
			</trkpt>
			<trkpt lat="50.539190" lon="14.722939">
				<ele>480.000000</ele>
			</trkpt>
			<trkpt lat="50.539201" lon="14.723010">
				<ele>479.000000</ele>
			</trkpt>
			<trkpt lat="50.539190" lon="14.723056">
				<ele>478.000000</ele>
			</trkpt>
			<trkpt lat="50.539184" lon="14.723082">
				<ele>477.000000</ele>
			</trkpt>
			<trkpt lat="50.539167" lon="14.723100">
				<ele>476.000000</ele>
			</trkpt>
			<trkpt lat="50.539138" lon="14.723100">
				<ele>475.000000</ele>
			</trkpt>
			<trkpt lat="50.539041" lon="14.723073">
				<ele>475.000000</ele>
			</trkpt>
			<trkpt lat="50.538893" lon="14.723001">
				<ele>474.000000</ele>
			</trkpt>
			<trkpt lat="50.538796" lon="14.722930">
				<ele>473.000000</ele>
			</trkpt>
			<trkpt lat="50.538591" lon="14.722777">
				<ele>472.000000</ele>
			</trkpt>
			<trkpt lat="50.538282" lon="14.722597">
				<ele>470.000000</ele>
			</trkpt>
			<trkpt lat="50.537511" lon="14.722148">
				<ele>460.000000</ele>
			</trkpt>
			<trkpt lat="50.537174" lon="14.721941">
				<ele>456.000000</ele>
			</trkpt>
			<trkpt lat="50.536866" lon="14.721582">
				<ele>452.000000</ele>
			</trkpt>
			<trkpt lat="50.536786" lon="14.721492">
				<ele>451.000000</ele>
			</trkpt>
			<trkpt lat="50.536723" lon="14.721393">
				<ele>451.000000</ele>
			</trkpt>
			<trkpt lat="50.536678" lon="14.721295">
				<ele>450.000000</ele>
			</trkpt>
			<trkpt lat="50.536643" lon="14.721178">
				<ele>449.000000</ele>
			</trkpt>
			<trkpt lat="50.536461" lon="14.720729">
				<ele>447.000000</ele>
			</trkpt>
			<trkpt lat="50.536181" lon="14.720207">
				<ele>442.000000</ele>
			</trkpt>
			<trkpt lat="50.536118" lon="14.720064">
				<ele>440.000000</ele>
			</trkpt>
			<trkpt lat="50.536084" lon="14.719938">
				<ele>438.000000</ele>
			</trkpt>
			<trkpt lat="50.536044" lon="14.719758">
				<ele>438.000000</ele>
			</trkpt>
			<trkpt lat="50.536027" lon="14.719534">
				<ele>437.000000</ele>
			</trkpt>
			<trkpt lat="50.536016" lon="14.719192">
				<ele>436.000000</ele>
			</trkpt>
			<trkpt lat="50.536010" lon="14.719022">
				<ele>436.000000</ele>
			</trkpt>
			<trkpt lat="50.535981" lon="14.718851">
				<ele>435.000000</ele>
			</trkpt>
			<trkpt lat="50.535935" lon="14.718698">
				<ele>435.000000</ele>
			</trkpt>
			<trkpt lat="50.535901" lon="14.718591">
				<ele>435.000000</ele>
			</trkpt>
			<trkpt lat="50.535878" lon="14.718473">
				<ele>434.000000</ele>
			</trkpt>
			<trkpt lat="50.535873" lon="14.718356">
				<ele>434.000000</ele>
			</trkpt>
			<trkpt lat="50.535873" lon="14.718150">
				<ele>433.000000</ele>
			</trkpt>
			<trkpt lat="50.535975" lon="14.717756">
				<ele>432.000000</ele>
			</trkpt>
			<trkpt lat="50.536039" lon="14.717611">
				<ele>431.000000</ele>
			</trkpt>
			<trkpt lat="50.536175" lon="14.716901">
				<ele>429.000000</ele>
			</trkpt>
			<trkpt lat="50.536193" lon="14.716704">
				<ele>428.000000</ele>
			</trkpt>
			<trkpt lat="50.536209" lon="14.716551">
				<ele>427.000000</ele>
			</trkpt>
			<trkpt lat="50.536209" lon="14.716408">
				<ele>426.000000</ele>
			</trkpt>
			<trkpt lat="50.536198" lon="14.716272">
				<ele>426.000000</ele>
			</trkpt>
			<trkpt lat="50.536169" lon="14.716031">
				<ele>424.000000</ele>
			</trkpt>
			<trkpt lat="50.536152" lon="14.715788">
				<ele>423.000000</ele>
			</trkpt>
			<trkpt lat="50.536152" lon="14.715509">
				<ele>421.000000</ele>
			</trkpt>
			<trkpt lat="50.536227" lon="14.715339">
				<ele>420.000000</ele>
			</trkpt>
			<trkpt lat="50.536295" lon="14.715195">
				<ele>420.000000</ele>
			</trkpt>
			<trkpt lat="50.536369" lon="14.715087">
				<ele>419.000000</ele>
			</trkpt>
			<trkpt lat="50.536450" lon="14.714997">
				<ele>419.000000</ele>
			</trkpt>
			<trkpt lat="50.536495" lon="14.714953">
				<ele>419.000000</ele>
			</trkpt>
			<trkpt lat="50.536575" lon="14.714853">
				<ele>418.000000</ele>
			</trkpt>
			<trkpt lat="50.536638" lon="14.714746">
				<ele>418.000000</ele>
			</trkpt>
			<trkpt lat="50.536684" lon="14.714601">
				<ele>418.000000</ele>
			</trkpt>
			<trkpt lat="50.536700" lon="14.714450">
				<ele>417.000000</ele>
			</trkpt>
			<trkpt lat="50.536700" lon="14.714324">
				<ele>417.000000</ele>
			</trkpt>
			<trkpt lat="50.536706" lon="14.714180">
				<ele>417.000000</ele>
			</trkpt>
			<trkpt lat="50.536735" lon="14.714064">
				<ele>416.000000</ele>
			</trkpt>
			<trkpt lat="50.536781" lon="14.713955">
				<ele>416.000000</ele>
			</trkpt>
			<trkpt lat="50.536906" lon="14.713731">
				<ele>416.000000</ele>
			</trkpt>
			<trkpt lat="50.536940" lon="14.713614">
				<ele>415.000000</ele>
			</trkpt>
			<trkpt lat="50.536958" lon="14.713498">
				<ele>415.000000</ele>
			</trkpt>
			<trkpt lat="50.536946" lon="14.713372">
				<ele>415.000000</ele>
			</trkpt>
			<trkpt lat="50.536929" lon="14.713165">
				<ele>415.000000</ele>
			</trkpt>
			<trkpt lat="50.536912" lon="14.712949">
				<ele>415.000000</ele>
			</trkpt>
			<trkpt lat="50.536918" lon="14.712743">
				<ele>415.000000</ele>
			</trkpt>
			<trkpt lat="50.536963" lon="14.712527">
				<ele>415.000000</ele>
			</trkpt>
			<trkpt lat="50.537038" lon="14.712257">
				<ele>415.000000</ele>
			</trkpt>
			<trkpt lat="50.537311" lon="14.711351">
				<ele>414.000000</ele>
			</trkpt>
			<trkpt lat="50.537408" lon="14.711054">
				<ele>413.000000</ele>
			</trkpt>
			<trkpt lat="50.537528" lon="14.710785">
				<ele>413.000000</ele>
			</trkpt>
			<trkpt lat="50.537711" lon="14.710416">
				<ele>413.000000</ele>
			</trkpt>
			<trkpt lat="50.537803" lon="14.710263">
				<ele>412.000000</ele>
			</trkpt>
			<trkpt lat="50.537911" lon="14.710093">
				<ele>412.000000</ele>
			</trkpt>
			<trkpt lat="50.538019" lon="14.709949">
				<ele>412.000000</ele>
			</trkpt>
			<trkpt lat="50.538128" lon="14.709823">
				<ele>412.000000</ele>
			</trkpt>
			<trkpt lat="50.538276" lon="14.709697">
				<ele>411.000000</ele>
			</trkpt>
			<trkpt lat="50.538442" lon="14.709553">
				<ele>411.000000</ele>
			</trkpt>
			<trkpt lat="50.538556" lon="14.709473">
				<ele>411.000000</ele>
			</trkpt>
			<trkpt lat="50.538676" lon="14.709383">
				<ele>411.000000</ele>
			</trkpt>
			<trkpt lat="50.539030" lon="14.708987">
				<ele>410.000000</ele>
			</trkpt>
			<trkpt lat="50.539133" lon="14.708861">
				<ele>409.000000</ele>
			</trkpt>
			<trkpt lat="50.539213" lon="14.708745">
				<ele>408.000000</ele>
			</trkpt>
			<trkpt lat="50.539338" lon="14.708502">
				<ele>407.000000</ele>
			</trkpt>
			<trkpt lat="50.539372" lon="14.708404">
				<ele>406.000000</ele>
			</trkpt>
			<trkpt lat="50.539390" lon="14.708305">
				<ele>406.000000</ele>
			</trkpt>
			<trkpt lat="50.539424" lon="14.708108">
				<ele>405.000000</ele>
			</trkpt>
			<trkpt lat="50.539481" lon="14.707936">
				<ele>404.000000</ele>
			</trkpt>
			<trkpt lat="50.539515" lon="14.707838">
				<ele>404.000000</ele>
			</trkpt>
			<trkpt lat="50.539578" lon="14.707766">
				<ele>403.000000</ele>
			</trkpt>
			<trkpt lat="50.539652" lon="14.707739">
				<ele>403.000000</ele>
			</trkpt>
			<trkpt lat="50.539733" lon="14.707730">
				<ele>402.000000</ele>
			</trkpt>
			<trkpt lat="50.539881" lon="14.707712">
				<ele>401.000000</ele>
			</trkpt>
			<trkpt lat="50.540001" lon="14.707666">
				<ele>400.000000</ele>
			</trkpt>
			<trkpt lat="50.540126" lon="14.707595">
				<ele>398.000000</ele>
			</trkpt>
			<trkpt lat="50.540252" lon="14.707479">
				<ele>397.000000</ele>
			</trkpt>
			<trkpt lat="50.540423" lon="14.707307">
				<ele>393.000000</ele>
			</trkpt>
			<trkpt lat="50.540674" lon="14.706976">
				<ele>389.000000</ele>
			</trkpt>
			<trkpt lat="50.541057" lon="14.706445">
				<ele>385.000000</ele>
			</trkpt>
			<trkpt lat="50.541182" lon="14.706301">
				<ele>383.000000</ele>
			</trkpt>
			<trkpt lat="50.541325" lon="14.706175">
				<ele>380.000000</ele>
			</trkpt>
			<trkpt lat="50.541508" lon="14.706032">
				<ele>376.000000</ele>
			</trkpt>
			<trkpt lat="50.541639" lon="14.705961">
				<ele>374.000000</ele>
			</trkpt>
			<trkpt lat="50.541805" lon="14.705888">
				<ele>370.000000</ele>
			</trkpt>
			<trkpt lat="50.541930" lon="14.705808">
				<ele>368.000000</ele>
			</trkpt>
			<trkpt lat="50.542307" lon="14.705538">
				<ele>364.000000</ele>
			</trkpt>
			<trkpt lat="50.542592" lon="14.705305">
				<ele>361.000000</ele>
			</trkpt>
			<trkpt lat="50.542986" lon="14.704963">
				<ele>358.000000</ele>
			</trkpt>
			<trkpt lat="50.543186" lon="14.704802">
				<ele>357.000000</ele>
			</trkpt>
			<trkpt lat="50.543283" lon="14.704712">
				<ele>356.000000</ele>
			</trkpt>
			<trkpt lat="50.543363" lon="14.704630">
				<ele>356.000000</ele>
			</trkpt>
			<trkpt lat="50.543443" lon="14.704523">
				<ele>355.000000</ele>
			</trkpt>
			<trkpt lat="50.543529" lon="14.704397">
				<ele>354.000000</ele>
			</trkpt>
			<trkpt lat="50.543689" lon="14.704146">
				<ele>353.000000</ele>
			</trkpt>
			<trkpt lat="50.543848" lon="14.703903">
				<ele>352.000000</ele>
			</trkpt>
			<trkpt lat="50.544025" lon="14.703678">
				<ele>351.000000</ele>
			</trkpt>
			<trkpt lat="50.544305" lon="14.703337">
				<ele>348.000000</ele>
			</trkpt>
			<trkpt lat="50.544465" lon="14.703148">
				<ele>347.000000</ele>
			</trkpt>
			<trkpt lat="50.544602" lon="14.702969">
				<ele>346.000000</ele>
			</trkpt>
			<trkpt lat="50.544693" lon="14.702816">
				<ele>345.000000</ele>
			</trkpt>
			<trkpt lat="50.544773" lon="14.702628">
				<ele>343.000000</ele>
			</trkpt>
			<trkpt lat="50.544899" lon="14.702286">
				<ele>340.000000</ele>
			</trkpt>
			<trkpt lat="50.544968" lon="14.702116">
				<ele>339.000000</ele>
			</trkpt>
			<trkpt lat="50.545093" lon="14.701792">
				<ele>338.000000</ele>
			</trkpt>
			<trkpt lat="50.545355" lon="14.701227">
				<ele>335.000000</ele>
			</trkpt>
			<trkpt lat="50.545407" lon="14.701074">
				<ele>335.000000</ele>
			</trkpt>
			<trkpt lat="50.545458" lon="14.700911">
				<ele>334.000000</ele>
			</trkpt>
			<trkpt lat="50.545504" lon="14.700750">
				<ele>334.000000</ele>
			</trkpt>
			<trkpt lat="50.545550" lon="14.700561">
				<ele>333.000000</ele>
			</trkpt>
			<trkpt lat="50.545635" lon="14.700139">
				<ele>332.000000</ele>
			</trkpt>
			<trkpt lat="50.545698" lon="14.699869">
				<ele>331.000000</ele>
			</trkpt>
			<trkpt lat="50.545806" lon="14.699456">
				<ele>330.000000</ele>
			</trkpt>
			<trkpt lat="50.545920" lon="14.699087">
				<ele>329.000000</ele>
			</trkpt>
			<trkpt lat="50.546058" lon="14.698720">
				<ele>328.000000</ele>
			</trkpt>
			<trkpt lat="50.546234" lon="14.698298">
				<ele>327.000000</ele>
			</trkpt>
			<trkpt lat="50.546452" lon="14.697831">
				<ele>325.000000</ele>
			</trkpt>
			<trkpt lat="50.547034" lon="14.696555">
				<ele>317.000000</ele>
			</trkpt>
			<trkpt lat="50.547176" lon="14.696204">
				<ele>315.000000</ele>
			</trkpt>
			<trkpt lat="50.547308" lon="14.695908">
				<ele>313.000000</ele>
			</trkpt>
			<trkpt lat="50.547467" lon="14.695621">
				<ele>311.000000</ele>
			</trkpt>
			<trkpt lat="50.547736" lon="14.695154">
				<ele>309.000000</ele>
			</trkpt>
			<trkpt lat="50.548090" lon="14.694561">
				<ele>305.000000</ele>
			</trkpt>
			<trkpt lat="50.548278" lon="14.694192">
				<ele>304.000000</ele>
			</trkpt>
			<trkpt lat="50.548426" lon="14.693877">
				<ele>303.000000</ele>
			</trkpt>
			<trkpt lat="50.548587" lon="14.693600">
				<ele>301.000000</ele>
			</trkpt>
			<trkpt lat="50.548712" lon="14.693374">
				<ele>300.000000</ele>
			</trkpt>
			<trkpt lat="50.548849" lon="14.693177">
				<ele>299.000000</ele>
			</trkpt>
			<trkpt lat="50.549083" lon="14.692863">
				<ele>298.000000</ele>
			</trkpt>
			<trkpt lat="50.549163" lon="14.692745">
				<ele>297.000000</ele>
			</trkpt>
			<trkpt lat="50.549232" lon="14.692638">
				<ele>296.000000</ele>
			</trkpt>
			<trkpt lat="50.549289" lon="14.692539">
				<ele>296.000000</ele>
			</trkpt>
			<trkpt lat="50.549334" lon="14.692441">
				<ele>295.000000</ele>
			</trkpt>
			<trkpt lat="50.549368" lon="14.692297">
				<ele>295.000000</ele>
			</trkpt>
			<trkpt lat="50.549431" lon="14.692055">
				<ele>294.000000</ele>
			</trkpt>
			<trkpt lat="50.549511" lon="14.691542">
				<ele>293.000000</ele>
			</trkpt>
			<trkpt lat="50.549608" lon="14.690994">
				<ele>292.000000</ele>
			</trkpt>
			<trkpt lat="50.549659" lon="14.690770">
				<ele>292.000000</ele>
			</trkpt>
			<trkpt lat="50.549722" lon="14.690545">
				<ele>291.000000</ele>
			</trkpt>
			<trkpt lat="50.549882" lon="14.689979">
				<ele>290.000000</ele>
			</trkpt>
			<trkpt lat="50.549962" lon="14.689737">
				<ele>290.000000</ele>
			</trkpt>
			<trkpt lat="50.550122" lon="14.689288">
				<ele>290.000000</ele>
			</trkpt>
			<trkpt lat="50.550305" lon="14.688847">
				<ele>290.000000</ele>
			</trkpt>
			<trkpt lat="50.550470" lon="14.688461">
				<ele>290.000000</ele>
			</trkpt>
			<trkpt lat="50.550653" lon="14.688093">
				<ele>290.000000</ele>
			</trkpt>
			<trkpt lat="50.550858" lon="14.687697">
				<ele>290.000000</ele>
			</trkpt>
			<trkpt lat="50.551098" lon="14.687302">
				<ele>289.000000</ele>
			</trkpt>
			<trkpt lat="50.551772" lon="14.686179">
				<ele>288.000000</ele>
			</trkpt>
			<trkpt lat="50.551840" lon="14.686009">
				<ele>288.000000</ele>
			</trkpt>
			<trkpt lat="50.551948" lon="14.685676">
				<ele>287.000000</ele>
			</trkpt>
			<trkpt lat="50.552040" lon="14.685371">
				<ele>287.000000</ele>
			</trkpt>
			<trkpt lat="50.552108" lon="14.685120">
				<ele>287.000000</ele>
			</trkpt>
			<trkpt lat="50.552302" lon="14.684248">
				<ele>286.000000</ele>
			</trkpt>
			<trkpt lat="50.552359" lon="14.684015">
				<ele>285.000000</ele>
			</trkpt>
			<trkpt lat="50.552422" lon="14.683816">
				<ele>285.000000</ele>
			</trkpt>
			<trkpt lat="50.552485" lon="14.683610">
				<ele>285.000000</ele>
			</trkpt>
			<trkpt lat="50.552554" lon="14.683422">
				<ele>284.000000</ele>
			</trkpt>
			<trkpt lat="50.552633" lon="14.683242">
				<ele>283.000000</ele>
			</trkpt>
			<trkpt lat="50.552725" lon="14.683053">
				<ele>282.000000</ele>
			</trkpt>
			<trkpt lat="50.552959" lon="14.682532">
				<ele>280.000000</ele>
			</trkpt>
			<trkpt lat="50.553392" lon="14.681481">
				<ele>279.000000</ele>
			</trkpt>
			<trkpt lat="50.554009" lon="14.679881">
				<ele>278.000000</ele>
			</trkpt>
			<trkpt lat="50.554088" lon="14.679675">
				<ele>278.000000</ele>
			</trkpt>
			<trkpt lat="50.554151" lon="14.679487">
				<ele>278.000000</ele>
			</trkpt>
			<trkpt lat="50.554197" lon="14.679281">
				<ele>278.000000</ele>
			</trkpt>
			<trkpt lat="50.554243" lon="14.679038">
				<ele>278.000000</ele>
			</trkpt>
			<trkpt lat="50.554288" lon="14.678723">
				<ele>278.000000</ele>
			</trkpt>
			<trkpt lat="50.554306" lon="14.678400">
				<ele>277.000000</ele>
			</trkpt>
			<trkpt lat="50.554311" lon="14.678202">
				<ele>277.000000</ele>
			</trkpt>
			<trkpt lat="50.554340" lon="14.678032">
				<ele>277.000000</ele>
			</trkpt>
			<trkpt lat="50.554363" lon="14.677879">
				<ele>277.000000</ele>
			</trkpt>
			<trkpt lat="50.554420" lon="14.677708">
				<ele>277.000000</ele>
			</trkpt>
			<trkpt lat="50.554465" lon="14.677564">
				<ele>277.000000</ele>
			</trkpt>
			<trkpt lat="50.554483" lon="14.677411">
				<ele>277.000000</ele>
			</trkpt>
			<trkpt lat="50.554488" lon="14.677286">
				<ele>277.000000</ele>
			</trkpt>
			<trkpt lat="50.554506" lon="14.676918">
				<ele>277.000000</ele>
			</trkpt>
			<trkpt lat="50.554522" lon="14.676648">
				<ele>277.000000</ele>
			</trkpt>
			<trkpt lat="50.554556" lon="14.676397">
				<ele>276.000000</ele>
			</trkpt>
			<trkpt lat="50.554670" lon="14.675669">
				<ele>276.000000</ele>
			</trkpt>
			<trkpt lat="50.554711" lon="14.675507">
				<ele>276.000000</ele>
			</trkpt>
			<trkpt lat="50.554745" lon="14.675373">
				<ele>276.000000</ele>
			</trkpt>
			<trkpt lat="50.554904" lon="14.675004">
				<ele>276.000000</ele>
			</trkpt>
			<trkpt lat="50.554939" lon="14.674897">
				<ele>276.000000</ele>
			</trkpt>
			<trkpt lat="50.554968" lon="14.674780">
				<ele>276.000000</ele>
			</trkpt>
			<trkpt lat="50.554985" lon="14.674654">
				<ele>275.000000</ele>
			</trkpt>
			<trkpt lat="50.554996" lon="14.674528">
				<ele>275.000000</ele>
			</trkpt>
			<trkpt lat="50.555002" lon="14.674411">
				<ele>275.000000</ele>
			</trkpt>
			<trkpt lat="50.555019" lon="14.674312">
				<ele>275.000000</ele>
			</trkpt>
			<trkpt lat="50.555036" lon="14.674231">
				<ele>275.000000</ele>
			</trkpt>
			<trkpt lat="50.555082" lon="14.674105">
				<ele>275.000000</ele>
			</trkpt>
			<trkpt lat="50.555259" lon="14.673594">
				<ele>275.000000</ele>
			</trkpt>
			<trkpt lat="50.555333" lon="14.673415">
				<ele>275.000000</ele>
			</trkpt>
			<trkpt lat="50.555424" lon="14.673252">
				<ele>275.000000</ele>
			</trkpt>
			<trkpt lat="50.555521" lon="14.673109">
				<ele>275.000000</ele>
			</trkpt>
			<trkpt lat="50.555675" lon="14.672939">
				<ele>275.000000</ele>
			</trkpt>
			<trkpt lat="50.555790" lon="14.672839">
				<ele>275.000000</ele>
			</trkpt>
			<trkpt lat="50.556012" lon="14.672669">
				<ele>275.000000</ele>
			</trkpt>
			<trkpt lat="50.556263" lon="14.672462">
				<ele>276.000000</ele>
			</trkpt>
			<trkpt lat="50.556354" lon="14.672373">
				<ele>276.000000</ele>
			</trkpt>
			<trkpt lat="50.556451" lon="14.672256">
				<ele>276.000000</ele>
			</trkpt>
			<trkpt lat="50.556874" lon="14.671734">
				<ele>276.000000</ele>
			</trkpt>
			<trkpt lat="50.557747" lon="14.670755">
				<ele>277.000000</ele>
			</trkpt>
			<trkpt lat="50.557804" lon="14.670639">
				<ele>278.000000</ele>
			</trkpt>
			<trkpt lat="50.557844" lon="14.670558">
				<ele>278.000000</ele>
			</trkpt>
			<trkpt lat="50.557890" lon="14.670413">
				<ele>278.000000</ele>
			</trkpt>
			<trkpt lat="50.558010" lon="14.669920">
				<ele>278.000000</ele>
			</trkpt>
			<trkpt lat="50.558278" lon="14.668968">
				<ele>279.000000</ele>
			</trkpt>
			<trkpt lat="50.558392" lon="14.668446">
				<ele>279.000000</ele>
			</trkpt>
			<trkpt lat="50.558500" lon="14.668025">
				<ele>279.000000</ele>
			</trkpt>
			<trkpt lat="50.558797" lon="14.667063">
				<ele>280.000000</ele>
			</trkpt>
			<trkpt lat="50.559099" lon="14.666174">
				<ele>282.000000</ele>
			</trkpt>
			<trkpt lat="50.559356" lon="14.665509">
				<ele>283.000000</ele>
			</trkpt>
			<trkpt lat="50.559454" lon="14.665168">
				<ele>284.000000</ele>
			</trkpt>
			<trkpt lat="50.559556" lon="14.665096">
				<ele>284.000000</ele>
			</trkpt>
			<trkpt lat="50.559625" lon="14.664997">
				<ele>285.000000</ele>
			</trkpt>
			<trkpt lat="50.559716" lon="14.664862">
				<ele>285.000000</ele>
			</trkpt>
			<trkpt lat="50.559824" lon="14.664727">
				<ele>287.000000</ele>
			</trkpt>
			<trkpt lat="50.560235" lon="14.664260">
				<ele>287.000000</ele>
			</trkpt>
			<trkpt lat="50.560389" lon="14.664071">
				<ele>285.000000</ele>
			</trkpt>
			<trkpt lat="50.560504" lon="14.663901">
				<ele>284.000000</ele>
			</trkpt>
			<trkpt lat="50.560555" lon="14.663820">
				<ele>283.000000</ele>
			</trkpt>
			<trkpt lat="50.560595" lon="14.663731">
				<ele>283.000000</ele>
			</trkpt>
			<trkpt lat="50.560618" lon="14.663614">
				<ele>283.000000</ele>
			</trkpt>
			<trkpt lat="50.560646" lon="14.663461">
				<ele>282.000000</ele>
			</trkpt>
			<trkpt lat="50.560720" lon="14.663478">
				<ele>282.000000</ele>
			</trkpt>
			<trkpt lat="50.560783" lon="14.663461">
				<ele>282.000000</ele>
			</trkpt>
			<trkpt lat="50.560880" lon="14.663434">
				<ele>281.000000</ele>
			</trkpt>
			<trkpt lat="50.560863" lon="14.663138">
				<ele>280.000000</ele>
			</trkpt>
			<trkpt lat="50.563260" lon="14.662545">
				<ele>280.000000</ele>
			</trkpt>
			<trkpt lat="50.563528" lon="14.662599">
				<ele>280.000000</ele>
			</trkpt>
			<trkpt lat="50.563648" lon="14.662608">
				<ele>280.000000</ele>
			</trkpt>
			<trkpt lat="50.563699" lon="14.662463">
				<ele>278.000000</ele>
			</trkpt>
			<trkpt lat="50.563836" lon="14.662392">
				<ele>276.000000</ele>
			</trkpt>
			<trkpt lat="50.563962" lon="14.662689">
				<ele>276.000000</ele>
			</trkpt>
			<trkpt lat="50.564064" lon="14.662976">
				<ele>276.000000</ele>
			</trkpt>
			<trkpt lat="50.564378" lon="14.663920">
				<ele>277.000000</ele>
			</trkpt>
			<trkpt lat="50.564560" lon="14.664413">
				<ele>277.000000</ele>
			</trkpt>
			<trkpt lat="50.564744" lon="14.664817">
				<ele>278.000000</ele>
			</trkpt>
			<trkpt lat="50.564851" lon="14.665015">
				<ele>278.000000</ele>
			</trkpt>
			<trkpt lat="50.564960" lon="14.665222">
				<ele>278.000000</ele>
			</trkpt>
			<trkpt lat="50.565114" lon="14.665491">
				<ele>279.000000</ele>
			</trkpt>
			<trkpt lat="50.565194" lon="14.665644">
				<ele>279.000000</ele>
			</trkpt>
			<trkpt lat="50.565251" lon="14.665788">
				<ele>279.000000</ele>
			</trkpt>
			<trkpt lat="50.565291" lon="14.665958">
				<ele>279.000000</ele>
			</trkpt>
			<trkpt lat="50.565348" lon="14.666201">
				<ele>279.000000</ele>
			</trkpt>
			<trkpt lat="50.565377" lon="14.666255">
				<ele>279.000000</ele>
			</trkpt>
			<trkpt lat="50.565405" lon="14.666308">
				<ele>279.000000</ele>
			</trkpt>
			<trkpt lat="50.565440" lon="14.666354">
				<ele>279.000000</ele>
			</trkpt>
			<trkpt lat="50.565485" lon="14.666362">
				<ele>279.000000</ele>
			</trkpt>
			<trkpt lat="50.565394" lon="14.666776">
				<ele>280.000000</ele>
			</trkpt>
			<trkpt lat="50.565377" lon="14.666920">
				<ele>280.000000</ele>
			</trkpt>
			<trkpt lat="50.565377" lon="14.667054">
				<ele>280.000000</ele>
			</trkpt>
			<trkpt lat="50.565297" lon="14.667189">
				<ele>280.000000</ele>
			</trkpt>
			<trkpt lat="50.565245" lon="14.667386">
				<ele>281.000000</ele>
			</trkpt>
			<trkpt lat="50.565188" lon="14.667593">
				<ele>281.000000</ele>
			</trkpt>
			<trkpt lat="50.565006" lon="14.668357">
				<ele>281.000000</ele>
			</trkpt>
			<trkpt lat="50.565051" lon="14.668455">
				<ele>281.000000</ele>
			</trkpt>
			<trkpt lat="50.565074" lon="14.668545">
				<ele>281.000000</ele>
			</trkpt>
			<trkpt lat="50.565085" lon="14.668644">
				<ele>281.000000</ele>
			</trkpt>
			<trkpt lat="50.565103" lon="14.668797">
				<ele>281.000000</ele>
			</trkpt>
			<trkpt lat="50.565131" lon="14.669147">
				<ele>281.000000</ele>
			</trkpt>
			<trkpt lat="50.565160" lon="14.669363">
				<ele>281.000000</ele>
			</trkpt>
			<trkpt lat="50.565206" lon="14.669570">
				<ele>281.000000</ele>
			</trkpt>
			<trkpt lat="50.565263" lon="14.669786">
				<ele>281.000000</ele>
			</trkpt>
			<trkpt lat="50.565348" lon="14.669992">
				<ele>280.000000</ele>
			</trkpt>
			<trkpt lat="50.565371" lon="14.670063">
				<ele>280.000000</ele>
			</trkpt>
			<trkpt lat="50.565388" lon="14.670153">
				<ele>280.000000</ele>
			</trkpt>
			<trkpt lat="50.565405" lon="14.670449">
				<ele>280.000000</ele>
			</trkpt>
			<trkpt lat="50.565434" lon="14.670648">
				<ele>280.000000</ele>
			</trkpt>
			<trkpt lat="50.565485" lon="14.670926">
				<ele>280.000000</ele>
			</trkpt>
			<trkpt lat="50.565508" lon="14.671078">
				<ele>280.000000</ele>
			</trkpt>
			<trkpt lat="50.565508" lon="14.671205">
				<ele>280.000000</ele>
			</trkpt>
			<trkpt lat="50.565497" lon="14.671294">
				<ele>280.000000</ele>
			</trkpt>
			<trkpt lat="50.565445" lon="14.671492">
				<ele>280.000000</ele>
			</trkpt>
			<trkpt lat="50.565417" lon="14.671644">
				<ele>280.000000</ele>
			</trkpt>
			<trkpt lat="50.565399" lon="14.671797">
				<ele>280.000000</ele>
			</trkpt>
			<trkpt lat="50.565394" lon="14.671994">
				<ele>280.000000</ele>
			</trkpt>
			<trkpt lat="50.565377" lon="14.672283">
				<ele>280.000000</ele>
			</trkpt>
			<trkpt lat="50.565314" lon="14.672732">
				<ele>280.000000</ele>
			</trkpt>
			<trkpt lat="50.565297" lon="14.672929">
				<ele>280.000000</ele>
			</trkpt>
			<trkpt lat="50.565251" lon="14.673388">
				<ele>280.000000</ele>
			</trkpt>
			<trkpt lat="50.565183" lon="14.673981">
				<ele>280.000000</ele>
			</trkpt>
			<trkpt lat="50.565120" lon="14.674681">
				<ele>280.000000</ele>
			</trkpt>
			<trkpt lat="50.565097" lon="14.675013">
				<ele>280.000000</ele>
			</trkpt>
			<trkpt lat="50.565051" lon="14.675732">
				<ele>280.000000</ele>
			</trkpt>
			<trkpt lat="50.565006" lon="14.676379">
				<ele>281.000000</ele>
			</trkpt>
			<trkpt lat="50.564954" lon="14.676818">
				<ele>283.000000</ele>
			</trkpt>
			<trkpt lat="50.564937" lon="14.677025">
				<ele>284.000000</ele>
			</trkpt>
			<trkpt lat="50.564937" lon="14.677214">
				<ele>285.000000</ele>
			</trkpt>
			<trkpt lat="50.564937" lon="14.677340">
				<ele>285.000000</ele>
			</trkpt>
			<trkpt lat="50.564960" lon="14.677457">
				<ele>285.000000</ele>
			</trkpt>
			<trkpt lat="50.564977" lon="14.677556">
				<ele>285.000000</ele>
			</trkpt>
			<trkpt lat="50.565012" lon="14.677663">
				<ele>285.000000</ele>
			</trkpt>
			<trkpt lat="50.565046" lon="14.677763">
				<ele>285.000000</ele>
			</trkpt>
			<trkpt lat="50.565103" lon="14.677879">
				<ele>284.000000</ele>
			</trkpt>
			<trkpt lat="50.565228" lon="14.678067">
				<ele>284.000000</ele>
			</trkpt>
			<trkpt lat="50.565291" lon="14.678184">
				<ele>284.000000</ele>
			</trkpt>
			<trkpt lat="50.565354" lon="14.678302">
				<ele>284.000000</ele>
			</trkpt>
			<trkpt lat="50.565502" lon="14.678633">
				<ele>283.000000</ele>
			</trkpt>
			<trkpt lat="50.565582" lon="14.678786">
				<ele>283.000000</ele>
			</trkpt>
			<trkpt lat="50.565679" lon="14.678948">
				<ele>283.000000</ele>
			</trkpt>
			<trkpt lat="50.565861" lon="14.679199">
				<ele>282.000000</ele>
			</trkpt>
			<trkpt lat="50.566175" lon="14.679648">
				<ele>281.000000</ele>
			</trkpt>
			<trkpt lat="50.566313" lon="14.679820">
				<ele>281.000000</ele>
			</trkpt>
			<trkpt lat="50.566455" lon="14.679954">
				<ele>280.000000</ele>
			</trkpt>
			<trkpt lat="50.566604" lon="14.680071">
				<ele>280.000000</ele>
			</trkpt>
			<trkpt lat="50.566797" lon="14.680206">
				<ele>280.000000</ele>
			</trkpt>
			<trkpt lat="50.567043" lon="14.680457">
				<ele>279.000000</ele>
			</trkpt>
			<trkpt lat="50.567123" lon="14.680556">
				<ele>279.000000</ele>
			</trkpt>
			<trkpt lat="50.567197" lon="14.680673">
				<ele>278.000000</ele>
			</trkpt>
			<trkpt lat="50.567254" lon="14.680799">
				<ele>278.000000</ele>
			</trkpt>
			<trkpt lat="50.567316" lon="14.680979">
				<ele>278.000000</ele>
			</trkpt>
			<trkpt lat="50.567385" lon="14.681202">
				<ele>278.000000</ele>
			</trkpt>
			<trkpt lat="50.567414" lon="14.681292">
				<ele>277.000000</ele>
			</trkpt>
			<trkpt lat="50.567425" lon="14.681373">
				<ele>277.000000</ele>
			</trkpt>
			<trkpt lat="50.567471" lon="14.681742">
				<ele>277.000000</ele>
			</trkpt>
			<trkpt lat="50.567499" lon="14.681841">
				<ele>277.000000</ele>
			</trkpt>
			<trkpt lat="50.567568" lon="14.681921">
				<ele>276.000000</ele>
			</trkpt>
			<trkpt lat="50.567779" lon="14.682145">
				<ele>276.000000</ele>
			</trkpt>
			<trkpt lat="50.567813" lon="14.682208">
				<ele>276.000000</ele>
			</trkpt>
			<trkpt lat="50.568469" lon="14.682963">
				<ele>275.000000</ele>
			</trkpt>
			<trkpt lat="50.568572" lon="14.683089">
				<ele>275.000000</ele>
			</trkpt>
			<trkpt lat="50.568663" lon="14.683215">
				<ele>275.000000</ele>
			</trkpt>
			<trkpt lat="50.568931" lon="14.683763">
				<ele>275.000000</ele>
			</trkpt>
			<trkpt lat="50.569468" lon="14.684679">
				<ele>274.000000</ele>
			</trkpt>
			<trkpt lat="50.569547" lon="14.684832">
				<ele>274.000000</ele>
			</trkpt>
			<trkpt lat="50.569645" lon="14.685074">
				<ele>274.000000</ele>
			</trkpt>
			<trkpt lat="50.569816" lon="14.685470">
				<ele>274.000000</ele>
			</trkpt>
			<trkpt lat="50.569952" lon="14.685776">
				<ele>274.000000</ele>
			</trkpt>
			<trkpt lat="50.570181" lon="14.686224">
				<ele>274.000000</ele>
			</trkpt>
			<trkpt lat="50.570318" lon="14.686485">
				<ele>274.000000</ele>
			</trkpt>
			<trkpt lat="50.570404" lon="14.686619">
				<ele>274.000000</ele>
			</trkpt>
			<trkpt lat="50.570695" lon="14.687059">
				<ele>274.000000</ele>
			</trkpt>
			<trkpt lat="50.570791" lon="14.687195">
				<ele>274.000000</ele>
			</trkpt>
			<trkpt lat="50.570900" lon="14.687311">
				<ele>274.000000</ele>
			</trkpt>
			<trkpt lat="50.571008" lon="14.687392">
				<ele>274.000000</ele>
			</trkpt>
			<trkpt lat="50.571116" lon="14.687418">
				<ele>273.000000</ele>
			</trkpt>
			<trkpt lat="50.571282" lon="14.687634">
				<ele>273.000000</ele>
			</trkpt>
			<trkpt lat="50.571516" lon="14.687931">
				<ele>273.000000</ele>
			</trkpt>
			<trkpt lat="50.572041" lon="14.688560">
				<ele>273.000000</ele>
			</trkpt>
			<trkpt lat="50.572046" lon="14.688973">
				<ele>274.000000</ele>
			</trkpt>
			<trkpt lat="50.572041" lon="14.689225">
				<ele>274.000000</ele>
			</trkpt>
			<trkpt lat="50.572024" lon="14.689440">
				<ele>274.000000</ele>
			</trkpt>
			<trkpt lat="50.571978" lon="14.689602">
				<ele>274.000000</ele>
			</trkpt>
			<trkpt lat="50.572069" lon="14.689566">
				<ele>274.000000</ele>
			</trkpt>
			<trkpt lat="50.572167" lon="14.689521">
				<ele>274.000000</ele>
			</trkpt>
			<trkpt lat="50.572246" lon="14.689503">
				<ele>274.000000</ele>
			</trkpt>
			<trkpt lat="50.572349" lon="14.689521">
				<ele>274.000000</ele>
			</trkpt>
			<trkpt lat="50.572435" lon="14.689529">
				<ele>274.000000</ele>
			</trkpt>
			<trkpt lat="50.572537" lon="14.689558">
				<ele>274.000000</ele>
			</trkpt>
			<trkpt lat="50.572822" lon="14.689709">
				<ele>273.000000</ele>
			</trkpt>
			<trkpt lat="50.572993" lon="14.689808">
				<ele>273.000000</ele>
			</trkpt>
			<trkpt lat="50.573097" lon="14.689862">
				<ele>273.000000</ele>
			</trkpt>
			<trkpt lat="50.573176" lon="14.689898">
				<ele>273.000000</ele>
			</trkpt>
			<trkpt lat="50.573627" lon="14.690447">
				<ele>273.000000</ele>
			</trkpt>
			<trkpt lat="50.573644" lon="14.690527">
				<ele>273.000000</ele>
			</trkpt>
			<trkpt lat="50.573678" lon="14.690600">
				<ele>273.000000</ele>
			</trkpt>
			<trkpt lat="50.573787" lon="14.690779">
				<ele>273.000000</ele>
			</trkpt>
			<trkpt lat="50.574089" lon="14.691227">
				<ele>273.000000</ele>
			</trkpt>
			<trkpt lat="50.574306" lon="14.691524">
				<ele>274.000000</ele>
			</trkpt>
			<trkpt lat="50.574328" lon="14.691552">
				<ele>274.000000</ele>
			</trkpt>
			<trkpt lat="50.574420" lon="14.691676">
				<ele>274.000000</ele>
			</trkpt>
			<trkpt lat="50.574511" lon="14.691776">
				<ele>274.000000</ele>
			</trkpt>
			<trkpt lat="50.574540" lon="14.691839">
				<ele>274.000000</ele>
			</trkpt>
			<trkpt lat="50.574574" lon="14.691902">
				<ele>274.000000</ele>
			</trkpt>
			<trkpt lat="50.574808" lon="14.692269">
				<ele>274.000000</ele>
			</trkpt>
			<trkpt lat="50.574945" lon="14.692468">
				<ele>274.000000</ele>
			</trkpt>
			<trkpt lat="50.575019" lon="14.692521">
				<ele>274.000000</ele>
			</trkpt>
			<trkpt lat="50.575144" lon="14.692845">
				<ele>275.000000</ele>
			</trkpt>
			<trkpt lat="50.575304" lon="14.693213">
				<ele>275.000000</ele>
			</trkpt>
			<trkpt lat="50.575333" lon="14.693258">
				<ele>275.000000</ele>
			</trkpt>
			<trkpt lat="50.575367" lon="14.693284">
				<ele>275.000000</ele>
			</trkpt>
			<trkpt lat="50.575413" lon="14.693284">
				<ele>275.000000</ele>
			</trkpt>
			<trkpt lat="50.575521" lon="14.693240">
				<ele>275.000000</ele>
			</trkpt>
			<trkpt lat="50.575663" lon="14.693213">
				<ele>275.000000</ele>
			</trkpt>
			<trkpt lat="50.575795" lon="14.693213">
				<ele>275.000000</ele>
			</trkpt>
			<trkpt lat="50.575834" lon="14.693195">
				<ele>275.000000</ele>
			</trkpt>
			<trkpt lat="50.575863" lon="14.693150">
				<ele>275.000000</ele>
			</trkpt>
			<trkpt lat="50.575891" lon="14.693070">
				<ele>275.000000</ele>
			</trkpt>
			<trkpt lat="50.575914" lon="14.692944">
				<ele>274.000000</ele>
			</trkpt>
			<trkpt lat="50.575618" lon="14.692629">
				<ele>274.000000</ele>
			</trkpt>
			<trkpt lat="50.575675" lon="14.692422">
				<ele>274.000000</ele>
			</trkpt>
			<trkpt lat="50.575681" lon="14.692324">
				<ele>273.000000</ele>
			</trkpt>
			<trkpt lat="50.575681" lon="14.692208">
				<ele>273.000000</ele>
			</trkpt>
			<trkpt lat="50.575681" lon="14.692036">
				<ele>273.000000</ele>
			</trkpt>
			<trkpt lat="50.575663" lon="14.691965">
				<ele>272.000000</ele>
			</trkpt>
			<trkpt lat="50.575635" lon="14.691929">
				<ele>272.000000</ele>
			</trkpt>
			<trkpt lat="50.575601" lon="14.691829">
				<ele>272.000000</ele>
			</trkpt>
			<trkpt lat="50.575555" lon="14.691686">
				<ele>272.000000</ele>
			</trkpt>
			<trkpt lat="50.575515" lon="14.691579">
				<ele>271.000000</ele>
			</trkpt>
			<trkpt lat="50.575475" lon="14.691479">
				<ele>271.000000</ele>
			</trkpt>
			<trkpt lat="50.575407" lon="14.691390">
				<ele>271.000000</ele>
			</trkpt>
			<trkpt lat="50.575338" lon="14.691309">
				<ele>270.000000</ele>
			</trkpt>
			<trkpt lat="50.575293" lon="14.691237">
				<ele>270.000000</ele>
			</trkpt>
			<trkpt lat="50.575276" lon="14.691166">
				<ele>270.000000</ele>
			</trkpt>
			<trkpt lat="50.575276" lon="14.691084">
				<ele>270.000000</ele>
			</trkpt>
			<trkpt lat="50.575293" lon="14.691013">
				<ele>270.000000</ele>
			</trkpt>
			<trkpt lat="50.575378" lon="14.690770">
				<ele>270.000000</ele>
			</trkpt>
			<trkpt lat="50.575441" lon="14.690626">
				<ele>270.000000</ele>
			</trkpt>
			<trkpt lat="50.575486" lon="14.690545">
				<ele>270.000000</ele>
			</trkpt>
			<trkpt lat="50.575527" lon="14.690482">
				<ele>270.000000</ele>
			</trkpt>
			<trkpt lat="50.575567" lon="14.690447">
				<ele>270.000000</ele>
			</trkpt>
			<trkpt lat="50.575624" lon="14.690420">
				<ele>270.000000</ele>
			</trkpt>
			<trkpt lat="50.575829" lon="14.690311">
				<ele>270.000000</ele>
			</trkpt>
			<trkpt lat="50.575926" lon="14.690258">
				<ele>270.000000</ele>
			</trkpt>
			<trkpt lat="50.576017" lon="14.690177">
				<ele>270.000000</ele>
			</trkpt>
			<trkpt lat="50.576080" lon="14.690069">
				<ele>270.000000</ele>
			</trkpt>
			<trkpt lat="50.576143" lon="14.689916">
				<ele>270.000000</ele>
			</trkpt>
			<trkpt lat="50.576217" lon="14.689692">
				<ele>270.000000</ele>
			</trkpt>
			<trkpt lat="50.576239" lon="14.689592">
				<ele>270.000000</ele>
			</trkpt>
			<trkpt lat="50.576257" lon="14.689495">
				<ele>270.000000</ele>
			</trkpt>
			<trkpt lat="50.576268" lon="14.689368">
				<ele>270.000000</ele>
			</trkpt>
			<trkpt lat="50.576268" lon="14.689252">
				<ele>270.000000</ele>
			</trkpt>
			<trkpt lat="50.576257" lon="14.689153">
				<ele>270.000000</ele>
			</trkpt>
			<trkpt lat="50.576211" lon="14.688856">
				<ele>270.000000</ele>
			</trkpt>
			<trkpt lat="50.576194" lon="14.688577">
				<ele>270.000000</ele>
			</trkpt>
			<trkpt lat="50.576166" lon="14.688137">
				<ele>270.000000</ele>
			</trkpt>
			<trkpt lat="50.576120" lon="14.687742">
				<ele>270.000000</ele>
			</trkpt>
			<trkpt lat="50.576074" lon="14.687428">
				<ele>270.000000</ele>
			</trkpt>
			<trkpt lat="50.576057" lon="14.687275">
				<ele>270.000000</ele>
			</trkpt>
			<trkpt lat="50.575891" lon="14.685865">
				<ele>270.000000</ele>
			</trkpt>
			<trkpt lat="50.575818" lon="14.685173">
				<ele>270.000000</ele>
			</trkpt>
			<trkpt lat="50.575869" lon="14.685101">
				<ele>270.000000</ele>
			</trkpt>
			<trkpt lat="50.575966" lon="14.685074">
				<ele>270.000000</ele>
			</trkpt>
			<trkpt lat="50.576137" lon="14.685218">
				<ele>270.000000</ele>
			</trkpt>
			<trkpt lat="50.576416" lon="14.685443">
				<ele>270.000000</ele>
			</trkpt>
			<trkpt lat="50.576987" lon="14.685919">
				<ele>270.000000</ele>
			</trkpt>
			<trkpt lat="50.577295" lon="14.686134">
				<ele>270.000000</ele>
			</trkpt>
			<trkpt lat="50.577454" lon="14.685434">
				<ele>270.000000</ele>
			</trkpt>
			<trkpt lat="50.577495" lon="14.685218">
				<ele>270.000000</ele>
			</trkpt>
			<trkpt lat="50.577524" lon="14.685021">
				<ele>270.000000</ele>
			</trkpt>
			<trkpt lat="50.577535" lon="14.684823">
				<ele>270.000000</ele>
			</trkpt>
			<trkpt lat="50.577529" lon="14.684481">
				<ele>270.000000</ele>
			</trkpt>
			<trkpt lat="50.577540" lon="14.684258">
				<ele>270.000000</ele>
			</trkpt>
			<trkpt lat="50.577558" lon="14.684050">
				<ele>270.000000</ele>
			</trkpt>
			<trkpt lat="50.577586" lon="14.683852">
				<ele>270.000000</ele>
			</trkpt>
			<trkpt lat="50.577654" lon="14.683457">
				<ele>270.000000</ele>
			</trkpt>
			<trkpt lat="50.577689" lon="14.683296">
				<ele>270.000000</ele>
			</trkpt>
			<trkpt lat="50.577746" lon="14.683126">
				<ele>270.000000</ele>
			</trkpt>
			<trkpt lat="50.577809" lon="14.682973">
				<ele>270.000000</ele>
			</trkpt>
			<trkpt lat="50.577991" lon="14.682532">
				<ele>272.000000</ele>
			</trkpt>
			<trkpt lat="50.578219" lon="14.681966">
				<ele>270.000000</ele>
			</trkpt>
			<trkpt lat="50.578299" lon="14.681742">
				<ele>270.000000</ele>
			</trkpt>
			<trkpt lat="50.578379" lon="14.681499">
				<ele>270.000000</ele>
			</trkpt>
			<trkpt lat="50.578448" lon="14.681248">
				<ele>270.000000</ele>
			</trkpt>
			<trkpt lat="50.578505" lon="14.681086">
				<ele>270.000000</ele>
			</trkpt>
			<trkpt lat="50.578567" lon="14.680952">
				<ele>270.000000</ele>
			</trkpt>
			<trkpt lat="50.578647" lon="14.680807">
				<ele>270.000000</ele>
			</trkpt>
			<trkpt lat="50.578733" lon="14.680646">
				<ele>270.000000</ele>
			</trkpt>
			<trkpt lat="50.579046" lon="14.680143">
				<ele>270.000000</ele>
			</trkpt>
			<trkpt lat="50.579172" lon="14.679910">
				<ele>270.000000</ele>
			</trkpt>
			<trkpt lat="50.579309" lon="14.679631">
				<ele>270.000000</ele>
			</trkpt>
			<trkpt lat="50.579606" lon="14.679002">
				<ele>270.000000</ele>
			</trkpt>
			<trkpt lat="50.579908" lon="14.678409">
				<ele>270.000000</ele>
			</trkpt>
			<trkpt lat="50.580307" lon="14.677673">
				<ele>271.000000</ele>
			</trkpt>
			<trkpt lat="50.580364" lon="14.677573">
				<ele>271.000000</ele>
			</trkpt>
			<trkpt lat="50.580489" lon="14.677376">
				<ele>271.000000</ele>
			</trkpt>
			<trkpt lat="50.580541" lon="14.677321">
				<ele>271.000000</ele>
			</trkpt>
			<trkpt lat="50.580603" lon="14.677277">
				<ele>271.000000</ele>
			</trkpt>
			<trkpt lat="50.580758" lon="14.677178">
				<ele>271.000000</ele>
			</trkpt>
			<trkpt lat="50.580963" lon="14.676990">
				<ele>271.000000</ele>
			</trkpt>
			<trkpt lat="50.581100" lon="14.676864">
				<ele>271.000000</ele>
			</trkpt>
			<trkpt lat="50.581197" lon="14.676747">
				<ele>271.000000</ele>
			</trkpt>
			<trkpt lat="50.581288" lon="14.676621">
				<ele>272.000000</ele>
			</trkpt>
			<trkpt lat="50.581385" lon="14.676451">
				<ele>272.000000</ele>
			</trkpt>
			<trkpt lat="50.581556" lon="14.676065">
				<ele>272.000000</ele>
			</trkpt>
			<trkpt lat="50.581619" lon="14.675965">
				<ele>272.000000</ele>
			</trkpt>
			<trkpt lat="50.581688" lon="14.675866">
				<ele>272.000000</ele>
			</trkpt>
			<trkpt lat="50.581824" lon="14.675723">
				<ele>272.000000</ele>
			</trkpt>
			<trkpt lat="50.581984" lon="14.675615">
				<ele>272.000000</ele>
			</trkpt>
			<trkpt lat="50.582075" lon="14.675543">
				<ele>272.000000</ele>
			</trkpt>
			<trkpt lat="50.582150" lon="14.675472">
				<ele>272.000000</ele>
			</trkpt>
			<trkpt lat="50.582218" lon="14.675382">
				<ele>272.000000</ele>
			</trkpt>
			<trkpt lat="50.582292" lon="14.675273">
				<ele>272.000000</ele>
			</trkpt>
			<trkpt lat="50.582480" lon="14.674977">
				<ele>273.000000</ele>
			</trkpt>
			<trkpt lat="50.582646" lon="14.674671">
				<ele>273.000000</ele>
			</trkpt>
			<trkpt lat="50.582737" lon="14.674537">
				<ele>273.000000</ele>
			</trkpt>
			<trkpt lat="50.582817" lon="14.674402">
				<ele>273.000000</ele>
			</trkpt>
			<trkpt lat="50.582834" lon="14.674394">
				<ele>273.000000</ele>
			</trkpt>
			<trkpt lat="50.583125" lon="14.674007">
				<ele>273.000000</ele>
			</trkpt>
			<trkpt lat="50.583302" lon="14.673782">
				<ele>273.000000</ele>
			</trkpt>
			<trkpt lat="50.583399" lon="14.673657">
				<ele>273.000000</ele>
			</trkpt>
			<trkpt lat="50.583484" lon="14.673522">
				<ele>274.000000</ele>
			</trkpt>
			<trkpt lat="50.583552" lon="14.673388">
				<ele>274.000000</ele>
			</trkpt>
			<trkpt lat="50.583609" lon="14.673315">
				<ele>274.000000</ele>
			</trkpt>
			<trkpt lat="50.583735" lon="14.673153">
				<ele>274.000000</ele>
			</trkpt>
			<trkpt lat="50.583815" lon="14.673019">
				<ele>274.000000</ele>
			</trkpt>
			<trkpt lat="50.583895" lon="14.672876">
				<ele>274.000000</ele>
			</trkpt>
			<trkpt lat="50.583975" lon="14.672686">
				<ele>274.000000</ele>
			</trkpt>
			<trkpt lat="50.584169" lon="14.672210">
				<ele>274.000000</ele>
			</trkpt>
			<trkpt lat="50.584328" lon="14.671797">
				<ele>274.000000</ele>
			</trkpt>
			<trkpt lat="50.584403" lon="14.671581">
				<ele>275.000000</ele>
			</trkpt>
			<trkpt lat="50.584454" lon="14.671483">
				<ele>275.000000</ele>
			</trkpt>
			<trkpt lat="50.584528" lon="14.671402">
				<ele>275.000000</ele>
			</trkpt>
			<trkpt lat="50.584579" lon="14.671312">
				<ele>275.000000</ele>
			</trkpt>
			<trkpt lat="50.584654" lon="14.671105">
				<ele>275.000000</ele>
			</trkpt>
			<trkpt lat="50.584722" lon="14.670809">
				<ele>275.000000</ele>
			</trkpt>
			<trkpt lat="50.584847" lon="14.670243">
				<ele>276.000000</ele>
			</trkpt>
			<trkpt lat="50.584927" lon="14.669757">
				<ele>276.000000</ele>
			</trkpt>
			<trkpt lat="50.585070" lon="14.668715">
				<ele>278.000000</ele>
			</trkpt>
			<trkpt lat="50.585213" lon="14.667818">
				<ele>279.000000</ele>
			</trkpt>
			<trkpt lat="50.585361" lon="14.667000">
				<ele>280.000000</ele>
			</trkpt>
			<trkpt lat="50.585629" lon="14.665563">
				<ele>282.000000</ele>
			</trkpt>
			<trkpt lat="50.585732" lon="14.665006">
				<ele>283.000000</ele>
			</trkpt>
			<trkpt lat="50.585823" lon="14.664530">
				<ele>284.000000</ele>
			</trkpt>
			<trkpt lat="50.585863" lon="14.664197">
				<ele>284.000000</ele>
			</trkpt>
			<trkpt lat="50.585908" lon="14.663874">
				<ele>285.000000</ele>
			</trkpt>
			<trkpt lat="50.585942" lon="14.663524">
				<ele>286.000000</ele>
			</trkpt>
			<trkpt lat="50.585988" lon="14.663029">
				<ele>286.000000</ele>
			</trkpt>
			<trkpt lat="50.585988" lon="14.663029">
				<ele>286.000000</ele>
			</trkpt>
			<trkpt lat="50.585988" lon="14.663029">
				<ele>286.000000</ele>
			</trkpt>
			<trkpt lat="50.586051" lon="14.662545">
				<ele>287.000000</ele>
			</trkpt>
			<trkpt lat="50.586091" lon="14.662275">
				<ele>288.000000</ele>
			</trkpt>
			<trkpt lat="50.586154" lon="14.662023">
				<ele>288.000000</ele>
			</trkpt>
			<trkpt lat="50.586256" lon="14.661781">
				<ele>289.000000</ele>
			</trkpt>
			<trkpt lat="50.586416" lon="14.661431">
				<ele>289.000000</ele>
			</trkpt>
			<trkpt lat="50.586541" lon="14.661161">
				<ele>290.000000</ele>
			</trkpt>
			<trkpt lat="50.586764" lon="14.660631">
				<ele>294.000000</ele>
			</trkpt>
			<trkpt lat="50.587021" lon="14.660083">
				<ele>297.000000</ele>
			</trkpt>
			<trkpt lat="50.587129" lon="14.659958">
				<ele>297.000000</ele>
			</trkpt>
			<trkpt lat="50.587271" lon="14.659715">
				<ele>295.000000</ele>
			</trkpt>
			<trkpt lat="50.587380" lon="14.659553">
				<ele>295.000000</ele>
			</trkpt>
			<trkpt lat="50.587477" lon="14.659419">
				<ele>295.000000</ele>
			</trkpt>
			<trkpt lat="50.587585" lon="14.659302">
				<ele>295.000000</ele>
			</trkpt>
			<trkpt lat="50.587694" lon="14.659203">
				<ele>295.000000</ele>
			</trkpt>
			<trkpt lat="50.587853" lon="14.659077">
				<ele>295.000000</ele>
			</trkpt>
			<trkpt lat="50.588098" lon="14.658897">
				<ele>295.000000</ele>
			</trkpt>
			<trkpt lat="50.588207" lon="14.658834">
				<ele>295.000000</ele>
			</trkpt>
			<trkpt lat="50.589382" lon="14.657622">
				<ele>293.000000</ele>
			</trkpt>
			<trkpt lat="50.590072" lon="14.656894">
				<ele>289.000000</ele>
			</trkpt>
			<trkpt lat="50.590750" lon="14.656184">
				<ele>284.000000</ele>
			</trkpt>
			<trkpt lat="50.591332" lon="14.655574">
				<ele>281.000000</ele>
			</trkpt>
			<trkpt lat="50.592268" lon="14.654603">
				<ele>274.000000</ele>
			</trkpt>
			<trkpt lat="50.592359" lon="14.654460">
				<ele>272.000000</ele>
			</trkpt>
			<trkpt lat="50.592427" lon="14.654451">
				<ele>272.000000</ele>
			</trkpt>
			<trkpt lat="50.592501" lon="14.654423">
				<ele>272.000000</ele>
			</trkpt>
			<trkpt lat="50.592781" lon="14.654209">
				<ele>271.000000</ele>
			</trkpt>
			<trkpt lat="50.592860" lon="14.654136">
				<ele>271.000000</ele>
			</trkpt>
			<trkpt lat="50.592912" lon="14.654037">
				<ele>271.000000</ele>
			</trkpt>
			<trkpt lat="50.592958" lon="14.653939">
				<ele>271.000000</ele>
			</trkpt>
			<trkpt lat="50.593009" lon="14.653741">
				<ele>271.000000</ele>
			</trkpt>
			<trkpt lat="50.593072" lon="14.653471">
				<ele>270.000000</ele>
			</trkpt>
			<trkpt lat="50.593151" lon="14.653184">
				<ele>270.000000</ele>
			</trkpt>
			<trkpt lat="50.593288" lon="14.652636">
				<ele>270.000000</ele>
			</trkpt>
			<trkpt lat="50.593339" lon="14.652465">
				<ele>270.000000</ele>
			</trkpt>
			<trkpt lat="50.593436" lon="14.652178">
				<ele>270.000000</ele>
			</trkpt>
			<trkpt lat="50.593556" lon="14.651882">
				<ele>270.000000</ele>
			</trkpt>
			<trkpt lat="50.593591" lon="14.651800">
				<ele>270.000000</ele>
			</trkpt>
			<trkpt lat="50.593659" lon="14.651683">
				<ele>270.000000</ele>
			</trkpt>
			<trkpt lat="50.593733" lon="14.651612">
				<ele>270.000000</ele>
			</trkpt>
			<trkpt lat="50.593807" lon="14.651559">
				<ele>270.000000</ele>
			</trkpt>
			<trkpt lat="50.593892" lon="14.651532">
				<ele>270.000000</ele>
			</trkpt>
			<trkpt lat="50.593876" lon="14.651297">
				<ele>270.000000</ele>
			</trkpt>
			<trkpt lat="50.594121" lon="14.651217">
				<ele>270.000000</ele>
			</trkpt>
			<trkpt lat="50.594201" lon="14.651190">
				<ele>270.000000</ele>
			</trkpt>
			<trkpt lat="50.594514" lon="14.651109">
				<ele>270.000000</ele>
			</trkpt>
			<trkpt lat="50.594885" lon="14.651056">
				<ele>270.000000</ele>
			</trkpt>
			<trkpt lat="50.595529" lon="14.650993">
				<ele>270.000000</ele>
			</trkpt>
			<trkpt lat="50.595638" lon="14.650947">
				<ele>270.000000</ele>
			</trkpt>
			<trkpt lat="50.595797" lon="14.650867">
				<ele>270.000000</ele>
			</trkpt>
			<trkpt lat="50.595900" lon="14.650830">
				<ele>270.000000</ele>
			</trkpt>
			<trkpt lat="50.595985" lon="14.650804">
				<ele>270.000000</ele>
			</trkpt>
			<trkpt lat="50.596076" lon="14.650804">
				<ele>270.000000</ele>
			</trkpt>
			<trkpt lat="50.596305" lon="14.650830">
				<ele>270.000000</ele>
			</trkpt>
			<trkpt lat="50.596430" lon="14.650731">
				<ele>270.000000</ele>
			</trkpt>
			<trkpt lat="50.596652" lon="14.650570">
				<ele>270.000000</ele>
			</trkpt>
			<trkpt lat="50.596858" lon="14.650400">
				<ele>270.000000</ele>
			</trkpt>
			<trkpt lat="50.597046" lon="14.650228">
				<ele>270.000000</ele>
			</trkpt>
			<trkpt lat="50.597217" lon="14.650049">
				<ele>270.000000</ele>
			</trkpt>
			<trkpt lat="50.597440" lon="14.649779">
				<ele>270.000000</ele>
			</trkpt>
			<trkpt lat="50.597753" lon="14.649393">
				<ele>270.000000</ele>
			</trkpt>
			<trkpt lat="50.597964" lon="14.649096">
				<ele>270.000000</ele>
			</trkpt>
			<trkpt lat="50.598346" lon="14.648513">
				<ele>270.000000</ele>
			</trkpt>
			<trkpt lat="50.598535" lon="14.648261">
				<ele>270.000000</ele>
			</trkpt>
			<trkpt lat="50.598643" lon="14.648127">
				<ele>270.000000</ele>
			</trkpt>
			<trkpt lat="50.599036" lon="14.647641">
				<ele>270.000000</ele>
			</trkpt>
			<trkpt lat="50.599082" lon="14.646995">
				<ele>270.000000</ele>
			</trkpt>
			<trkpt lat="50.599116" lon="14.646357">
				<ele>270.000000</ele>
			</trkpt>
			<trkpt lat="50.599127" lon="14.645809">
				<ele>270.000000</ele>
			</trkpt>
			<trkpt lat="50.599150" lon="14.644264">
				<ele>270.000000</ele>
			</trkpt>
			<trkpt lat="50.599150" lon="14.643940">
				<ele>270.000000</ele>
			</trkpt>
			<trkpt lat="50.599139" lon="14.643643">
				<ele>270.000000</ele>
			</trkpt>
			<trkpt lat="50.598825" lon="14.643464">
				<ele>270.000000</ele>
			</trkpt>
			<trkpt lat="50.598688" lon="14.643383">
				<ele>270.000000</ele>
			</trkpt>
			<trkpt lat="50.598540" lon="14.643257">
				<ele>270.000000</ele>
			</trkpt>
			<trkpt lat="50.598392" lon="14.643114">
				<ele>270.000000</ele>
			</trkpt>
			<trkpt lat="50.598266" lon="14.643016">
				<ele>270.000000</ele>
			</trkpt>
			<trkpt lat="50.598158" lon="14.642961">
				<ele>270.000000</ele>
			</trkpt>
			<trkpt lat="50.598061" lon="14.642961">
				<ele>270.000000</ele>
			</trkpt>
			<trkpt lat="50.597941" lon="14.643006">
				<ele>270.000000</ele>
			</trkpt>
			<trkpt lat="50.597719" lon="14.643133">
				<ele>270.000000</ele>
			</trkpt>
			<trkpt lat="50.597308" lon="14.643420">
				<ele>270.000000</ele>
			</trkpt>
			<trkpt lat="50.597223" lon="14.643446">
				<ele>270.000000</ele>
			</trkpt>
			<trkpt lat="50.597155" lon="14.643464">
				<ele>270.000000</ele>
			</trkpt>
			<trkpt lat="50.597075" lon="14.643437">
				<ele>270.000000</ele>
			</trkpt>
			<trkpt lat="50.596984" lon="14.643383">
				<ele>270.000000</ele>
			</trkpt>
			<trkpt lat="50.596875" lon="14.643320">
				<ele>270.000000</ele>
			</trkpt>
			<trkpt lat="50.596818" lon="14.643320">
				<ele>270.000000</ele>
			</trkpt>
			<trkpt lat="50.596772" lon="14.643330">
				<ele>270.000000</ele>
			</trkpt>
			<trkpt lat="50.596721" lon="14.643339">
				<ele>270.000000</ele>
			</trkpt>
			<trkpt lat="50.596675" lon="14.643366">
				<ele>270.000000</ele>
			</trkpt>
			<trkpt lat="50.596584" lon="14.643437">
				<ele>270.000000</ele>
			</trkpt>
			<trkpt lat="50.596470" lon="14.643582">
				<ele>270.000000</ele>
			</trkpt>
			<trkpt lat="50.596139" lon="14.643913">
				<ele>270.000000</ele>
			</trkpt>
			<trkpt lat="50.596060" lon="14.643976">
				<ele>270.000000</ele>
			</trkpt>
			<trkpt lat="50.595985" lon="14.644012">
				<ele>270.000000</ele>
			</trkpt>
			<trkpt lat="50.595905" lon="14.644022">
				<ele>270.000000</ele>
			</trkpt>
			<trkpt lat="50.595780" lon="14.644012">
				<ele>270.000000</ele>
			</trkpt>
			<trkpt lat="50.595661" lon="14.643995">
				<ele>270.000000</ele>
			</trkpt>
			<trkpt lat="50.595552" lon="14.643940">
				<ele>270.000000</ele>
			</trkpt>
			<trkpt lat="50.595455" lon="14.643869">
				<ele>270.000000</ele>
			</trkpt>
			<trkpt lat="50.595375" lon="14.643788">
				<ele>270.000000</ele>
			</trkpt>
			<trkpt lat="50.595290" lon="14.643643">
				<ele>270.000000</ele>
			</trkpt>
			<trkpt lat="50.594634" lon="14.642377">
				<ele>270.000000</ele>
			</trkpt>
			<trkpt lat="50.594343" lon="14.642746">
				<ele>270.000000</ele>
			</trkpt>
			<trkpt lat="50.594149" lon="14.643060">
				<ele>270.000000</ele>
			</trkpt>
			<trkpt lat="50.593648" lon="14.643886">
				<ele>270.000000</ele>
			</trkpt>
			<trkpt lat="50.593534" lon="14.644058">
				<ele>270.000000</ele>
			</trkpt>
			<trkpt lat="50.593488" lon="14.644138">
				<ele>270.000000</ele>
			</trkpt>
			<trkpt lat="50.593425" lon="14.644299">
				<ele>270.000000</ele>
			</trkpt>
			<trkpt lat="50.593396" lon="14.644372">
				<ele>270.000000</ele>
			</trkpt>
			<trkpt lat="50.593351" lon="14.644498">
				<ele>270.000000</ele>
			</trkpt>
			<trkpt lat="50.593322" lon="14.644551">
				<ele>270.000000</ele>
			</trkpt>
			<trkpt lat="50.593288" lon="14.644578">
				<ele>270.000000</ele>
			</trkpt>
			<trkpt lat="50.593254" lon="14.644596">
				<ele>270.000000</ele>
			</trkpt>
			<trkpt lat="50.593208" lon="14.644605">
				<ele>270.000000</ele>
			</trkpt>
			<trkpt lat="50.593100" lon="14.644578">
				<ele>270.000000</ele>
			</trkpt>
			<trkpt lat="50.592958" lon="14.644488">
				<ele>270.000000</ele>
			</trkpt>
			<trkpt lat="50.592901" lon="14.644389">
				<ele>270.000000</ele>
			</trkpt>
			<trkpt lat="50.592849" lon="14.644299">
				<ele>270.000000</ele>
			</trkpt>
			<trkpt lat="50.592359" lon="14.643725">
				<ele>280.000000</ele>
			</trkpt>
			<trkpt lat="50.592290" lon="14.643626">
				<ele>281.000000</ele>
			</trkpt>
			<trkpt lat="50.592216" lon="14.643519">
				<ele>281.000000</ele>
			</trkpt>
			<trkpt lat="50.592119" lon="14.643293">
				<ele>282.000000</ele>
			</trkpt>
			<trkpt lat="50.592091" lon="14.643249">
				<ele>282.000000</ele>
			</trkpt>
			<trkpt lat="50.592034" lon="14.643133">
				<ele>283.000000</ele>
			</trkpt>
			<trkpt lat="50.591982" lon="14.642953">
				<ele>284.000000</ele>
			</trkpt>
			<trkpt lat="50.591959" lon="14.642854">
				<ele>284.000000</ele>
			</trkpt>
			<trkpt lat="50.591942" lon="14.642737">
				<ele>285.000000</ele>
			</trkpt>
			<trkpt lat="50.591925" lon="14.642431">
				<ele>285.000000</ele>
			</trkpt>
			<trkpt lat="50.591914" lon="14.642064">
				<ele>286.000000</ele>
			</trkpt>
			<trkpt lat="50.591902" lon="14.641596">
				<ele>287.000000</ele>
			</trkpt>
			<trkpt lat="50.591874" lon="14.640932">
				<ele>288.000000</ele>
			</trkpt>
			<trkpt lat="50.591885" lon="14.640733">
				<ele>289.000000</ele>
			</trkpt>
			<trkpt lat="50.591902" lon="14.640517">
				<ele>289.000000</ele>
			</trkpt>
			<trkpt lat="50.591942" lon="14.640141">
				<ele>290.000000</ele>
			</trkpt>
			<trkpt lat="50.591954" lon="14.639871">
				<ele>290.000000</ele>
			</trkpt>
			<trkpt lat="50.591959" lon="14.639674">
				<ele>290.000000</ele>
			</trkpt>
			<trkpt lat="50.592016" lon="14.639278">
				<ele>290.000000</ele>
			</trkpt>
			<trkpt lat="50.592034" lon="14.639035">
				<ele>290.000000</ele>
			</trkpt>
			<trkpt lat="50.592039" lon="14.638640">
				<ele>290.000000</ele>
			</trkpt>
			<trkpt lat="50.592068" lon="14.638416">
				<ele>290.000000</ele>
			</trkpt>
			<trkpt lat="50.591948" lon="14.637806">
				<ele>285.000000</ele>
			</trkpt>
			<trkpt lat="50.591863" lon="14.637328">
				<ele>279.000000</ele>
			</trkpt>
			<trkpt lat="50.591817" lon="14.636961">
				<ele>275.000000</ele>
			</trkpt>
			<trkpt lat="50.591806" lon="14.636691">
				<ele>275.000000</ele>
			</trkpt>
			<trkpt lat="50.591822" lon="14.636466">
				<ele>275.000000</ele>
			</trkpt>
			<trkpt lat="50.591897" lon="14.635865">
				<ele>274.000000</ele>
			</trkpt>
			<trkpt lat="50.591942" lon="14.635604">
				<ele>273.000000</ele>
			</trkpt>
			<trkpt lat="50.591993" lon="14.635326">
				<ele>272.000000</ele>
			</trkpt>
			<trkpt lat="50.592011" lon="14.635227">
				<ele>272.000000</ele>
			</trkpt>
			<trkpt lat="50.592016" lon="14.635110">
				<ele>272.000000</ele>
			</trkpt>
			<trkpt lat="50.592016" lon="14.635011">
				<ele>271.000000</ele>
			</trkpt>
			<trkpt lat="50.592011" lon="14.634894">
				<ele>271.000000</ele>
			</trkpt>
			<trkpt lat="50.591954" lon="14.634490">
				<ele>268.000000</ele>
			</trkpt>
			<trkpt lat="50.591863" lon="14.634112">
				<ele>265.000000</ele>
			</trkpt>
			<trkpt lat="50.591954" lon="14.634051">
				<ele>265.000000</ele>
			</trkpt>
			<trkpt lat="50.592045" lon="14.633978">
				<ele>265.000000</ele>
			</trkpt>
			<trkpt lat="50.592130" lon="14.633898">
				<ele>265.000000</ele>
			</trkpt>
			<trkpt lat="50.592233" lon="14.633762">
				<ele>265.000000</ele>
			</trkpt>
			<trkpt lat="50.592461" lon="14.633430">
				<ele>265.000000</ele>
			</trkpt>
			<trkpt lat="50.592729" lon="14.632972">
				<ele>265.000000</ele>
			</trkpt>
			<trkpt lat="50.593026" lon="14.632433">
				<ele>265.000000</ele>
			</trkpt>
			<trkpt lat="50.593225" lon="14.632047">
				<ele>265.000000</ele>
			</trkpt>
			<trkpt lat="50.593419" lon="14.631651">
				<ele>265.000000</ele>
			</trkpt>
			<trkpt lat="50.593682" lon="14.631068">
				<ele>265.000000</ele>
			</trkpt>
			<trkpt lat="50.593778" lon="14.630869">
				<ele>265.000000</ele>
			</trkpt>
			<trkpt lat="50.593864" lon="14.630699">
				<ele>265.000000</ele>
			</trkpt>
			<trkpt lat="50.593984" lon="14.630519">
				<ele>265.000000</ele>
			</trkpt>
			<trkpt lat="50.594098" lon="14.630393">
				<ele>266.000000</ele>
			</trkpt>
			<trkpt lat="50.594224" lon="14.630286">
				<ele>266.000000</ele>
			</trkpt>
			<trkpt lat="50.594343" lon="14.630214">
				<ele>266.000000</ele>
			</trkpt>
			<trkpt lat="50.594452" lon="14.630206">
				<ele>267.000000</ele>
			</trkpt>
			<trkpt lat="50.594503" lon="14.630214">
				<ele>267.000000</ele>
			</trkpt>
			<trkpt lat="50.594577" lon="14.630242">
				<ele>267.000000</ele>
			</trkpt>
			<trkpt lat="50.594702" lon="14.630332">
				<ele>267.000000</ele>
			</trkpt>
			<trkpt lat="50.594857" lon="14.630456">
				<ele>268.000000</ele>
			</trkpt>
			<trkpt lat="50.594993" lon="14.630592">
				<ele>268.000000</ele>
			</trkpt>
			<trkpt lat="50.595124" lon="14.630753">
				<ele>269.000000</ele>
			</trkpt>
			<trkpt lat="50.595386" lon="14.631085">
				<ele>270.000000</ele>
			</trkpt>
			<trkpt lat="50.595604" lon="14.631391">
				<ele>270.000000</ele>
			</trkpt>
			<trkpt lat="50.595683" lon="14.631552">
				<ele>270.000000</ele>
			</trkpt>
			<trkpt lat="50.595757" lon="14.631705">
				<ele>270.000000</ele>
			</trkpt>
			<trkpt lat="50.595848" lon="14.631903">
				<ele>270.000000</ele>
			</trkpt>
			<trkpt lat="50.595911" lon="14.631885">
				<ele>270.000000</ele>
			</trkpt>
			<trkpt lat="50.595991" lon="14.631903">
				<ele>270.000000</ele>
			</trkpt>
			<trkpt lat="50.596054" lon="14.631912">
				<ele>270.000000</ele>
			</trkpt>
			<trkpt lat="50.596174" lon="14.631984">
				<ele>270.000000</ele>
			</trkpt>
			<trkpt lat="50.596658" lon="14.632236">
				<ele>270.000000</ele>
			</trkpt>
			<trkpt lat="50.597120" lon="14.632496">
				<ele>270.000000</ele>
			</trkpt>
			<trkpt lat="50.597342" lon="14.632640">
				<ele>270.000000</ele>
			</trkpt>
			<trkpt lat="50.597542" lon="14.632766">
				<ele>270.000000</ele>
			</trkpt>
			<trkpt lat="50.597696" lon="14.632846">
				<ele>270.000000</ele>
			</trkpt>
			<trkpt lat="50.597833" lon="14.632900">
				<ele>270.000000</ele>
			</trkpt>
			<trkpt lat="50.597964" lon="14.632927">
				<ele>270.000000</ele>
			</trkpt>
			<trkpt lat="50.598130" lon="14.632946">
				<ele>270.000000</ele>
			</trkpt>
			<trkpt lat="50.598380" lon="14.632927">
				<ele>270.000000</ele>
			</trkpt>
			<trkpt lat="50.598603" lon="14.632909">
				<ele>270.000000</ele>
			</trkpt>
			<trkpt lat="50.598831" lon="14.632864">
				<ele>270.000000</ele>
			</trkpt>
			<trkpt lat="50.599173" lon="14.632793">
				<ele>270.000000</ele>
			</trkpt>
			<trkpt lat="50.599361" lon="14.632739">
				<ele>270.000000</ele>
			</trkpt>
			<trkpt lat="50.599709" lon="14.632594">
				<ele>270.000000</ele>
			</trkpt>
			<trkpt lat="50.600057" lon="14.632477">
				<ele>270.000000</ele>
			</trkpt>
			<trkpt lat="50.600302" lon="14.632406">
				<ele>269.000000</ele>
			</trkpt>
			<trkpt lat="50.600553" lon="14.632343">
				<ele>268.000000</ele>
			</trkpt>
			<trkpt lat="50.600849" lon="14.632298">
				<ele>267.000000</ele>
			</trkpt>
			<trkpt lat="50.601015" lon="14.632271">
				<ele>266.000000</ele>
			</trkpt>
			<trkpt lat="50.601271" lon="14.632253">
				<ele>265.000000</ele>
			</trkpt>
			<trkpt lat="50.601460" lon="14.632208">
				<ele>265.000000</ele>
			</trkpt>
			<trkpt lat="50.601784" lon="14.632127">
				<ele>265.000000</ele>
			</trkpt>
			<trkpt lat="50.602115" lon="14.632064">
				<ele>265.000000</ele>
			</trkpt>
			<trkpt lat="50.602412" lon="14.632020">
				<ele>265.000000</ele>
			</trkpt>
			<trkpt lat="50.602514" lon="14.632020">
				<ele>265.000000</ele>
			</trkpt>
			<trkpt lat="50.602594" lon="14.632020">
				<ele>265.000000</ele>
			</trkpt>
			<trkpt lat="50.602691" lon="14.632028">
				<ele>265.000000</ele>
			</trkpt>
			<trkpt lat="50.602845" lon="14.632074">
				<ele>265.000000</ele>
			</trkpt>
			<trkpt lat="50.603136" lon="14.632173">
				<ele>265.000000</ele>
			</trkpt>
			<trkpt lat="50.603227" lon="14.632200">
				<ele>265.000000</ele>
			</trkpt>
			<trkpt lat="50.603296" lon="14.632181">
				<ele>265.000000</ele>
			</trkpt>
			<trkpt lat="50.603375" lon="14.632154">
				<ele>265.000000</ele>
			</trkpt>
			<trkpt lat="50.603501" lon="14.632101">
				<ele>265.000000</ele>
			</trkpt>
			<trkpt lat="50.603666" lon="14.631984">
				<ele>265.000000</ele>
			</trkpt>
			<trkpt lat="50.603900" lon="14.631787">
				<ele>265.000000</ele>
			</trkpt>
			<trkpt lat="50.603980" lon="14.631625">
				<ele>265.000000</ele>
			</trkpt>
			<trkpt lat="50.604065" lon="14.631472">
				<ele>265.000000</ele>
			</trkpt>
			<trkpt lat="50.604419" lon="14.630888">
				<ele>265.000000</ele>
			</trkpt>
			<trkpt lat="50.604675" lon="14.630420">
				<ele>265.000000</ele>
			</trkpt>
			<trkpt lat="50.604766" lon="14.630223">
				<ele>265.000000</ele>
			</trkpt>
			<trkpt lat="50.604863" lon="14.629999">
				<ele>265.000000</ele>
			</trkpt>
			<trkpt lat="50.605262" lon="14.628957">
				<ele>265.000000</ele>
			</trkpt>
			<trkpt lat="50.605604" lon="14.628049">
				<ele>265.000000</ele>
			</trkpt>
			<trkpt lat="50.605935" lon="14.627116">
				<ele>265.000000</ele>
			</trkpt>
			<trkpt lat="50.606379" lon="14.625804">
				<ele>265.000000</ele>
			</trkpt>
			<trkpt lat="50.606830" lon="14.624483">
				<ele>265.000000</ele>
			</trkpt>
			<trkpt lat="50.607178" lon="14.623504">
				<ele>265.000000</ele>
			</trkpt>
			<trkpt lat="50.607286" lon="14.623162">
				<ele>265.000000</ele>
			</trkpt>
			<trkpt lat="50.607377" lon="14.622839">
				<ele>265.000000</ele>
			</trkpt>
			<trkpt lat="50.607440" lon="14.622498">
				<ele>265.000000</ele>
			</trkpt>
			<trkpt lat="50.607525" lon="14.621950">
				<ele>265.000000</ele>
			</trkpt>
			<trkpt lat="50.607577" lon="14.621617">
				<ele>265.000000</ele>
			</trkpt>
			<trkpt lat="50.607634" lon="14.621384">
				<ele>265.000000</ele>
			</trkpt>
			<trkpt lat="50.607702" lon="14.621150">
				<ele>265.000000</ele>
			</trkpt>
			<trkpt lat="50.607828" lon="14.620845">
				<ele>265.000000</ele>
			</trkpt>
			<trkpt lat="50.607890" lon="14.620674">
				<ele>265.000000</ele>
			</trkpt>
			<trkpt lat="50.607862" lon="14.620504">
				<ele>265.000000</ele>
			</trkpt>
			<trkpt lat="50.607845" lon="14.620378">
				<ele>264.000000</ele>
			</trkpt>
			<trkpt lat="50.607833" lon="14.619919">
				<ele>263.000000</ele>
			</trkpt>
			<trkpt lat="50.607822" lon="14.619713">
				<ele>262.000000</ele>
			</trkpt>
			<trkpt lat="50.607845" lon="14.619587">
				<ele>262.000000</ele>
			</trkpt>
			<trkpt lat="50.607867" lon="14.619443">
				<ele>262.000000</ele>
			</trkpt>
			<trkpt lat="50.607993" lon="14.619048">
				<ele>261.000000</ele>
			</trkpt>
			<trkpt lat="50.608153" lon="14.618321">
				<ele>260.000000</ele>
			</trkpt>
			<trkpt lat="50.608187" lon="14.618168">
				<ele>260.000000</ele>
			</trkpt>
			<trkpt lat="50.608204" lon="14.618015">
				<ele>260.000000</ele>
			</trkpt>
			<trkpt lat="50.608256" lon="14.617485">
				<ele>260.000000</ele>
			</trkpt>
			<trkpt lat="50.608267" lon="14.617225">
				<ele>260.000000</ele>
			</trkpt>
			<trkpt lat="50.608267" lon="14.616982">
				<ele>260.000000</ele>
			</trkpt>
			<trkpt lat="50.608256" lon="14.616740">
				<ele>260.000000</ele>
			</trkpt>
			<trkpt lat="50.608221" lon="14.616524">
				<ele>260.000000</ele>
			</trkpt>
			<trkpt lat="50.608199" lon="14.616398">
				<ele>260.000000</ele>
			</trkpt>
			<trkpt lat="50.608199" lon="14.616246">
				<ele>260.000000</ele>
			</trkpt>
			<trkpt lat="50.608199" lon="14.616128">
				<ele>260.000000</ele>
			</trkpt>
			<trkpt lat="50.608227" lon="14.615994">
				<ele>260.000000</ele>
			</trkpt>
			<trkpt lat="50.608256" lon="14.615860">
				<ele>260.000000</ele>
			</trkpt>
			<trkpt lat="50.608307" lon="14.615734">
				<ele>260.000000</ele>
			</trkpt>
			<trkpt lat="50.608478" lon="14.615356">
				<ele>260.000000</ele>
			</trkpt>
			<trkpt lat="50.608751" lon="14.614782">
				<ele>260.000000</ele>
			</trkpt>
			<trkpt lat="50.609002" lon="14.614305">
				<ele>260.000000</ele>
			</trkpt>
			<trkpt lat="50.609943" lon="14.612598">
				<ele>263.000000</ele>
			</trkpt>
			<trkpt lat="50.609977" lon="14.612499">
				<ele>263.000000</ele>
			</trkpt>
			<trkpt lat="50.610057" lon="14.612302">
				<ele>263.000000</ele>
			</trkpt>
			<trkpt lat="50.610336" lon="14.611673">
				<ele>263.000000</ele>
			</trkpt>
			<trkpt lat="50.610530" lon="14.611250">
				<ele>263.000000</ele>
			</trkpt>
			<trkpt lat="50.610656" lon="14.610828">
				<ele>263.000000</ele>
			</trkpt>
			<trkpt lat="50.610467" lon="14.610505">
				<ele>260.000000</ele>
			</trkpt>
			<trkpt lat="50.610348" lon="14.610317">
				<ele>260.000000</ele>
			</trkpt>
			<trkpt lat="50.610319" lon="14.610254">
				<ele>260.000000</ele>
			</trkpt>
			<trkpt lat="50.610291" lon="14.610182">
				<ele>260.000000</ele>
			</trkpt>
			<trkpt lat="50.610228" lon="14.610065">
				<ele>260.000000</ele>
			</trkpt>
			<trkpt lat="50.610194" lon="14.610011">
				<ele>260.000000</ele>
			</trkpt>
			<trkpt lat="50.610165" lon="14.609939">
				<ele>260.000000</ele>
			</trkpt>
			<trkpt lat="50.610159" lon="14.609868">
				<ele>260.000000</ele>
			</trkpt>
			<trkpt lat="50.610524" lon="14.608960">
				<ele>260.000000</ele>
			</trkpt>
			<trkpt lat="50.610798" lon="14.608277">
				<ele>260.000000</ele>
			</trkpt>
			<trkpt lat="50.611408" lon="14.606849">
				<ele>260.000000</ele>
			</trkpt>
			<trkpt lat="50.611681" lon="14.606157">
				<ele>260.000000</ele>
			</trkpt>
			<trkpt lat="50.611984" lon="14.605358">
				<ele>260.000000</ele>
			</trkpt>
			<trkpt lat="50.612263" lon="14.604666">
				<ele>260.000000</ele>
			</trkpt>
			<trkpt lat="50.612611" lon="14.603660">
				<ele>260.000000</ele>
			</trkpt>
			<trkpt lat="50.612691" lon="14.603417">
				<ele>260.000000</ele>
			</trkpt>
			<trkpt lat="50.612707" lon="14.603300">
				<ele>260.000000</ele>
			</trkpt>
			<trkpt lat="50.612725" lon="14.603174">
				<ele>260.000000</ele>
			</trkpt>
			<trkpt lat="50.612742" lon="14.602941">
				<ele>260.000000</ele>
			</trkpt>
			<trkpt lat="50.612730" lon="14.602574">
				<ele>260.000000</ele>
			</trkpt>
			<trkpt lat="50.612821" lon="14.602241">
				<ele>260.000000</ele>
			</trkpt>
			<trkpt lat="50.612884" lon="14.602061">
				<ele>260.000000</ele>
			</trkpt>
			<trkpt lat="50.612998" lon="14.601792">
				<ele>260.000000</ele>
			</trkpt>
			<trkpt lat="50.613090" lon="14.601505">
				<ele>260.000000</ele>
			</trkpt>
			<trkpt lat="50.613169" lon="14.601253">
				<ele>260.000000</ele>
			</trkpt>
			<trkpt lat="50.613277" lon="14.600992">
				<ele>260.000000</ele>
			</trkpt>
			<trkpt lat="50.613391" lon="14.600759">
				<ele>260.000000</ele>
			</trkpt>
			<trkpt lat="50.613505" lon="14.600497">
				<ele>260.000000</ele>
			</trkpt>
			<trkpt lat="50.613580" lon="14.600345">
				<ele>260.000000</ele>
			</trkpt>
			<trkpt lat="50.613631" lon="14.600157">
				<ele>260.000000</ele>
			</trkpt>
			<trkpt lat="50.613694" lon="14.599977">
				<ele>260.000000</ele>
			</trkpt>
			<trkpt lat="50.613774" lon="14.599591">
				<ele>260.000000</ele>
			</trkpt>
			<trkpt lat="50.613916" lon="14.598926">
				<ele>260.000000</ele>
			</trkpt>
			<trkpt lat="50.613922" lon="14.598872">
				<ele>260.000000</ele>
			</trkpt>
			<trkpt lat="50.614059" lon="14.598289">
				<ele>260.000000</ele>
			</trkpt>
			<trkpt lat="50.614241" lon="14.597641">
				<ele>260.000000</ele>
			</trkpt>
			<trkpt lat="50.614503" lon="14.596761">
				<ele>260.000000</ele>
			</trkpt>
			<trkpt lat="50.614617" lon="14.596348">
				<ele>260.000000</ele>
			</trkpt>
			<trkpt lat="50.614708" lon="14.595979">
				<ele>260.000000</ele>
			</trkpt>
			<trkpt lat="50.614765" lon="14.595656">
				<ele>260.000000</ele>
			</trkpt>
			<trkpt lat="50.614811" lon="14.595270">
				<ele>260.000000</ele>
			</trkpt>
			<trkpt lat="50.614828" lon="14.595063">
				<ele>260.000000</ele>
			</trkpt>
			<trkpt lat="50.614828" lon="14.594874">
				<ele>260.000000</ele>
			</trkpt>
			<trkpt lat="50.614879" lon="14.594677">
				<ele>260.000000</ele>
			</trkpt>
			<trkpt lat="50.614936" lon="14.594479">
				<ele>260.000000</ele>
			</trkpt>
			<trkpt lat="50.614971" lon="14.594281">
				<ele>260.000000</ele>
			</trkpt>
			<trkpt lat="50.615005" lon="14.594066">
				<ele>260.000000</ele>
			</trkpt>
			<trkpt lat="50.615067" lon="14.593644">
				<ele>260.000000</ele>
			</trkpt>
			<trkpt lat="50.615136" lon="14.593276">
				<ele>260.000000</ele>
			</trkpt>
			<trkpt lat="50.615210" lon="14.592934">
				<ele>260.000000</ele>
			</trkpt>
			<trkpt lat="50.615501" lon="14.591731">
				<ele>260.000000</ele>
			</trkpt>
			<trkpt lat="50.615649" lon="14.591155">
				<ele>260.000000</ele>
			</trkpt>
			<trkpt lat="50.615729" lon="14.590823">
				<ele>260.000000</ele>
			</trkpt>
			<trkpt lat="50.615791" lon="14.590616">
				<ele>260.000000</ele>
			</trkpt>
			<trkpt lat="50.615866" lon="14.590400">
				<ele>260.000000</ele>
			</trkpt>
			<trkpt lat="50.615951" lon="14.590159">
				<ele>260.000000</ele>
			</trkpt>
			<trkpt lat="50.617136" lon="14.587247">
				<ele>260.000000</ele>
			</trkpt>
			<trkpt lat="50.617245" lon="14.586978">
				<ele>260.000000</ele>
			</trkpt>
			<trkpt lat="50.617325" lon="14.586817">
				<ele>260.000000</ele>
			</trkpt>
			<trkpt lat="50.617387" lon="14.586700">
				<ele>260.000000</ele>
			</trkpt>
			<trkpt lat="50.617450" lon="14.586610">
				<ele>260.000000</ele>
			</trkpt>
			<trkpt lat="50.617524" lon="14.586538">
				<ele>260.000000</ele>
			</trkpt>
			<trkpt lat="50.617592" lon="14.586502">
				<ele>260.000000</ele>
			</trkpt>
			<trkpt lat="50.618995" lon="14.585586">
				<ele>260.000000</ele>
			</trkpt>
			<trkpt lat="50.619172" lon="14.585442">
				<ele>260.000000</ele>
			</trkpt>
			<trkpt lat="50.619479" lon="14.585182">
				<ele>260.000000</ele>
			</trkpt>
			<trkpt lat="50.619639" lon="14.585056">
				<ele>260.000000</ele>
			</trkpt>
			<trkpt lat="50.619963" lon="14.584840">
				<ele>260.000000</ele>
			</trkpt>
			<trkpt lat="50.620152" lon="14.584697">
				<ele>260.000000</ele>
			</trkpt>
			<trkpt lat="50.620391" lon="14.584499">
				<ele>260.000000</ele>
			</trkpt>
			<trkpt lat="50.620716" lon="14.584257">
				<ele>260.000000</ele>
			</trkpt>
			<trkpt lat="50.620875" lon="14.584121">
				<ele>260.000000</ele>
			</trkpt>
			<trkpt lat="50.621166" lon="14.583834">
				<ele>260.000000</ele>
			</trkpt>
			<trkpt lat="50.621559" lon="14.583484">
				<ele>260.000000</ele>
			</trkpt>
			<trkpt lat="50.621730" lon="14.583322">
				<ele>260.000000</ele>
			</trkpt>
			<trkpt lat="50.621970" lon="14.583152">
				<ele>260.000000</ele>
			</trkpt>
			<trkpt lat="50.622369" lon="14.582926">
				<ele>260.000000</ele>
			</trkpt>
			<trkpt lat="50.622437" lon="14.582882">
				<ele>260.000000</ele>
			</trkpt>
			<trkpt lat="50.622517" lon="14.582882">
				<ele>260.000000</ele>
			</trkpt>
			<trkpt lat="50.622591" lon="14.582891">
				<ele>260.000000</ele>
			</trkpt>
			<trkpt lat="50.622727" lon="14.582936">
				<ele>260.000000</ele>
			</trkpt>
			<trkpt lat="50.623041" lon="14.583026">
				<ele>260.000000</ele>
			</trkpt>
			<trkpt lat="50.623304" lon="14.583115">
				<ele>260.000000</ele>
			</trkpt>
			<trkpt lat="50.623942" lon="14.583376">
				<ele>260.000000</ele>
			</trkpt>
			<trkpt lat="50.623987" lon="14.583402">
				<ele>260.000000</ele>
			</trkpt>
			<trkpt lat="50.624022" lon="14.583431">
				<ele>260.000000</ele>
			</trkpt>
			<trkpt lat="50.624084" lon="14.583528">
				<ele>260.000000</ele>
			</trkpt>
			<trkpt lat="50.624175" lon="14.583672">
				<ele>260.000000</ele>
			</trkpt>
			<trkpt lat="50.624204" lon="14.583708">
				<ele>260.000000</ele>
			</trkpt>
			<trkpt lat="50.624238" lon="14.583727">
				<ele>260.000000</ele>
			</trkpt>
			<trkpt lat="50.624295" lon="14.583727">
				<ele>260.000000</ele>
			</trkpt>
			<trkpt lat="50.624340" lon="14.583708">
				<ele>260.000000</ele>
			</trkpt>
			<trkpt lat="50.624386" lon="14.583681">
				<ele>260.000000</ele>
			</trkpt>
			<trkpt lat="50.624466" lon="14.583555">
				<ele>260.000000</ele>
			</trkpt>
			<trkpt lat="50.624529" lon="14.583465">
				<ele>260.000000</ele>
			</trkpt>
			<trkpt lat="50.624625" lon="14.583385">
				<ele>260.000000</ele>
			</trkpt>
			<trkpt lat="50.624677" lon="14.583341">
				<ele>260.000000</ele>
			</trkpt>
			<trkpt lat="50.624785" lon="14.583286">
				<ele>260.000000</ele>
			</trkpt>
			<trkpt lat="50.626654" lon="14.582110">
				<ele>260.000000</ele>
			</trkpt>
			<trkpt lat="50.626745" lon="14.582064">
				<ele>260.000000</ele>
			</trkpt>
			<trkpt lat="50.626831" lon="14.582037">
				<ele>260.000000</ele>
			</trkpt>
			<trkpt lat="50.627002" lon="14.582002">
				<ele>260.000000</ele>
			</trkpt>
			<trkpt lat="50.627264" lon="14.581974">
				<ele>260.000000</ele>
			</trkpt>
			<trkpt lat="50.627389" lon="14.581947">
				<ele>260.000000</ele>
			</trkpt>
			<trkpt lat="50.627578" lon="14.581884">
				<ele>261.000000</ele>
			</trkpt>
			<trkpt lat="50.627965" lon="14.581768">
				<ele>264.000000</ele>
			</trkpt>
			<trkpt lat="50.628085" lon="14.581714">
				<ele>264.000000</ele>
			</trkpt>
			<trkpt lat="50.628181" lon="14.581624">
				<ele>265.000000</ele>
			</trkpt>
			<trkpt lat="50.628261" lon="14.581498">
				<ele>265.000000</ele>
			</trkpt>
			<trkpt lat="50.628341" lon="14.581301">
				<ele>265.000000</ele>
			</trkpt>
			<trkpt lat="50.628484" lon="14.580932">
				<ele>264.000000</ele>
			</trkpt>
			<trkpt lat="50.628626" lon="14.580591">
				<ele>263.000000</ele>
			</trkpt>
			<trkpt lat="50.628723" lon="14.580376">
				<ele>263.000000</ele>
			</trkpt>
			<trkpt lat="50.628928" lon="14.579980">
				<ele>262.000000</ele>
			</trkpt>
			<trkpt lat="50.629031" lon="14.579756">
				<ele>262.000000</ele>
			</trkpt>
			<trkpt lat="50.629036" lon="14.579739">
				<ele>262.000000</ele>
			</trkpt>
			<trkpt lat="50.629196" lon="14.579343">
				<ele>261.000000</ele>
			</trkpt>
			<trkpt lat="50.629287" lon="14.579073">
				<ele>261.000000</ele>
			</trkpt>
			<trkpt lat="50.629355" lon="14.578848">
				<ele>260.000000</ele>
			</trkpt>
			<trkpt lat="50.629430" lon="14.578678">
				<ele>260.000000</ele>
			</trkpt>
			<trkpt lat="50.629521" lon="14.578489">
				<ele>260.000000</ele>
			</trkpt>
			<trkpt lat="50.629583" lon="14.578337">
				<ele>260.000000</ele>
			</trkpt>
			<trkpt lat="50.629617" lon="14.578220">
				<ele>260.000000</ele>
			</trkpt>
			<trkpt lat="50.629634" lon="14.578121">
				<ele>260.000000</ele>
			</trkpt>
			<trkpt lat="50.629640" lon="14.578013">
				<ele>260.000000</ele>
			</trkpt>
			<trkpt lat="50.629640" lon="14.577915">
				<ele>260.000000</ele>
			</trkpt>
			<trkpt lat="50.629720" lon="14.577771">
				<ele>261.000000</ele>
			</trkpt>
			<trkpt lat="50.629782" lon="14.577636">
				<ele>262.000000</ele>
			</trkpt>
			<trkpt lat="50.629937" lon="14.577240">
				<ele>264.000000</ele>
			</trkpt>
			<trkpt lat="50.629988" lon="14.577115">
				<ele>265.000000</ele>
			</trkpt>
			<trkpt lat="50.630051" lon="14.577016">
				<ele>265.000000</ele>
			</trkpt>
			<trkpt lat="50.630124" lon="14.576926">
				<ele>265.000000</ele>
			</trkpt>
			<trkpt lat="50.630233" lon="14.576854">
				<ele>265.000000</ele>
			</trkpt>
			<trkpt lat="50.630358" lon="14.576783">
				<ele>265.000000</ele>
			</trkpt>
			<trkpt lat="50.630558" lon="14.576710">
				<ele>265.000000</ele>
			</trkpt>
			<trkpt lat="50.630660" lon="14.576657">
				<ele>265.000000</ele>
			</trkpt>
			<trkpt lat="50.630751" lon="14.576603">
				<ele>265.000000</ele>
			</trkpt>
			<trkpt lat="50.630849" lon="14.576494">
				<ele>265.000000</ele>
			</trkpt>
			<trkpt lat="50.630957" lon="14.576370">
				<ele>265.000000</ele>
			</trkpt>
			<trkpt lat="50.631253" lon="14.576018">
				<ele>265.000000</ele>
			</trkpt>
			<trkpt lat="50.631435" lon="14.575812">
				<ele>265.000000</ele>
			</trkpt>
			<trkpt lat="50.631612" lon="14.575632">
				<ele>265.000000</ele>
			</trkpt>
			<trkpt lat="50.631732" lon="14.575534">
				<ele>265.000000</ele>
			</trkpt>
			<trkpt lat="50.631834" lon="14.575462">
				<ele>265.000000</ele>
			</trkpt>
			<trkpt lat="50.631954" lon="14.575417">
				<ele>265.000000</ele>
			</trkpt>
			<trkpt lat="50.632068" lon="14.575417">
				<ele>265.000000</ele>
			</trkpt>
			<trkpt lat="50.632187" lon="14.575471">
				<ele>265.000000</ele>
			</trkpt>
			<trkpt lat="50.632296" lon="14.575570">
				<ele>266.000000</ele>
			</trkpt>
			<trkpt lat="50.632421" lon="14.575695">
				<ele>266.000000</ele>
			</trkpt>
			<trkpt lat="50.632586" lon="14.575821">
				<ele>266.000000</ele>
			</trkpt>
			<trkpt lat="50.632677" lon="14.575928">
				<ele>267.000000</ele>
			</trkpt>
			<trkpt lat="50.632740" lon="14.576028">
				<ele>267.000000</ele>
			</trkpt>
			<trkpt lat="50.632837" lon="14.576181">
				<ele>267.000000</ele>
			</trkpt>
			<trkpt lat="50.632939" lon="14.576370">
				<ele>267.000000</ele>
			</trkpt>
			<trkpt lat="50.633002" lon="14.576504">
				<ele>268.000000</ele>
			</trkpt>
			<trkpt lat="50.633071" lon="14.576693">
				<ele>268.000000</ele>
			</trkpt>
			<trkpt lat="50.633184" lon="14.577043">
				<ele>268.000000</ele>
			</trkpt>
			<trkpt lat="50.633344" lon="14.577708">
				<ele>269.000000</ele>
			</trkpt>
			<trkpt lat="50.633686" lon="14.579199">
				<ele>272.000000</ele>
			</trkpt>
			<trkpt lat="50.633851" lon="14.579882">
				<ele>274.000000</ele>
			</trkpt>
			<trkpt lat="50.633897" lon="14.580026">
				<ele>274.000000</ele>
			</trkpt>
			<trkpt lat="50.633959" lon="14.580152">
				<ele>275.000000</ele>
			</trkpt>
			<trkpt lat="50.634028" lon="14.580232">
				<ele>275.000000</ele>
			</trkpt>
			<trkpt lat="50.634119" lon="14.580304">
				<ele>275.000000</ele>
			</trkpt>
			<trkpt lat="50.634409" lon="14.580528">
				<ele>275.000000</ele>
			</trkpt>
			<trkpt lat="50.634689" lon="14.580807">
				<ele>275.000000</ele>
			</trkpt>
			<trkpt lat="50.634780" lon="14.580861">
				<ele>275.000000</ele>
			</trkpt>
			<trkpt lat="50.634894" lon="14.580905">
				<ele>276.000000</ele>
			</trkpt>
			<trkpt lat="50.635121" lon="14.580941">
				<ele>276.000000</ele>
			</trkpt>
			<trkpt lat="50.635372" lon="14.580987">
				<ele>276.000000</ele>
			</trkpt>
			<trkpt lat="50.635606" lon="14.581022">
				<ele>276.000000</ele>
			</trkpt>
			<trkpt lat="50.635668" lon="14.581022">
				<ele>276.000000</ele>
			</trkpt>
			<trkpt lat="50.635725" lon="14.581005">
				<ele>276.000000</ele>
			</trkpt>
			<trkpt lat="50.635851" lon="14.580924">
				<ele>276.000000</ele>
			</trkpt>
			<trkpt lat="50.635993" lon="14.580798">
				<ele>276.000000</ele>
			</trkpt>
			<trkpt lat="50.636227" lon="14.580565">
				<ele>276.000000</ele>
			</trkpt>
			<trkpt lat="50.636261" lon="14.580538">
				<ele>276.000000</ele>
			</trkpt>
			<trkpt lat="50.636307" lon="14.580538">
				<ele>276.000000</ele>
			</trkpt>
			<trkpt lat="50.636352" lon="14.580565">
				<ele>276.000000</ele>
			</trkpt>
			<trkpt lat="50.636398" lon="14.580609">
				<ele>276.000000</ele>
			</trkpt>
			<trkpt lat="50.636506" lon="14.580781">
				<ele>276.000000</ele>
			</trkpt>
			<trkpt lat="50.636694" lon="14.580718">
				<ele>276.000000</ele>
			</trkpt>
			<trkpt lat="50.637104" lon="14.580645">
				<ele>276.000000</ele>
			</trkpt>
			<trkpt lat="50.637173" lon="14.581068">
				<ele>275.000000</ele>
			</trkpt>
			<trkpt lat="50.637532" lon="14.580699">
				<ele>275.000000</ele>
			</trkpt>
			<trkpt lat="50.637555" lon="14.580655">
				<ele>275.000000</ele>
			</trkpt>
			<trkpt lat="50.637583" lon="14.580609">
				<ele>275.000000</ele>
			</trkpt>
			<trkpt lat="50.637594" lon="14.580555">
				<ele>275.000000</ele>
			</trkpt>
			<trkpt lat="50.637612" lon="14.580465">
				<ele>275.000000</ele>
			</trkpt>
			<trkpt lat="50.637800" lon="14.580339">
				<ele>275.000000</ele>
			</trkpt>
			<trkpt lat="50.638005" lon="14.580169">
				<ele>275.000000</ele>
			</trkpt>
			<trkpt lat="50.638352" lon="14.579828">
				<ele>275.000000</ele>
			</trkpt>
			<trkpt lat="50.638848" lon="14.579352">
				<ele>275.000000</ele>
			</trkpt>
			<trkpt lat="50.639275" lon="14.578911">
				<ele>275.000000</ele>
			</trkpt>
			<trkpt lat="50.640847" lon="14.577213">
				<ele>275.000000</ele>
			</trkpt>
			<trkpt lat="50.641087" lon="14.576944">
				<ele>275.000000</ele>
			</trkpt>
			<trkpt lat="50.641161" lon="14.576846">
				<ele>275.000000</ele>
			</trkpt>
			<trkpt lat="50.641229" lon="14.576729">
				<ele>275.000000</ele>
			</trkpt>
			<trkpt lat="50.641286" lon="14.576630">
				<ele>275.000000</ele>
			</trkpt>
			<trkpt lat="50.641337" lon="14.576504">
				<ele>275.000000</ele>
			</trkpt>
			<trkpt lat="50.641479" lon="14.576450">
				<ele>275.000000</ele>
			</trkpt>
			<trkpt lat="50.641577" lon="14.576378">
				<ele>275.000000</ele>
			</trkpt>
			<trkpt lat="50.641668" lon="14.576307">
				<ele>275.000000</ele>
			</trkpt>
			<trkpt lat="50.641793" lon="14.576163">
				<ele>276.000000</ele>
			</trkpt>
			<trkpt lat="50.641890" lon="14.576018">
				<ele>276.000000</ele>
			</trkpt>
			<trkpt lat="50.642038" lon="14.575794">
				<ele>276.000000</ele>
			</trkpt>
			<trkpt lat="50.642687" lon="14.575004">
				<ele>277.000000</ele>
			</trkpt>
			<trkpt lat="50.643234" lon="14.574339">
				<ele>278.000000</ele>
			</trkpt>
			<trkpt lat="50.643280" lon="14.574267">
				<ele>278.000000</ele>
			</trkpt>
			<trkpt lat="50.643479" lon="14.574716">
				<ele>278.000000</ele>
			</trkpt>
			<trkpt lat="50.643542" lon="14.574886">
				<ele>278.000000</ele>
			</trkpt>
			<trkpt lat="50.643599" lon="14.575094">
				<ele>279.000000</ele>
			</trkpt>
			<trkpt lat="50.643633" lon="14.575192">
				<ele>279.000000</ele>
			</trkpt>
			<trkpt lat="50.643673" lon="14.575265">
				<ele>279.000000</ele>
			</trkpt>
			<trkpt lat="50.643725" lon="14.575309">
				<ele>279.000000</ele>
			</trkpt>
			<trkpt lat="50.643781" lon="14.575318">
				<ele>279.000000</ele>
			</trkpt>
			<trkpt lat="50.643844" lon="14.575309">
				<ele>279.000000</ele>
			</trkpt>
			<trkpt lat="50.643912" lon="14.575246">
				<ele>279.000000</ele>
			</trkpt>
			<trkpt lat="50.644146" lon="14.575039">
				<ele>279.000000</ele>
			</trkpt>
			<trkpt lat="50.644351" lon="14.574825">
				<ele>280.000000</ele>
			</trkpt>
			<trkpt lat="50.644533" lon="14.574626">
				<ele>280.000000</ele>
			</trkpt>
			<trkpt lat="50.645102" lon="14.573926">
				<ele>283.000000</ele>
			</trkpt>
			<trkpt lat="50.645211" lon="14.573800">
				<ele>284.000000</ele>
			</trkpt>
			<trkpt lat="50.645291" lon="14.573693">
				<ele>285.000000</ele>
			</trkpt>
			<trkpt lat="50.645428" lon="14.573594">
				<ele>285.000000</ele>
			</trkpt>
			<trkpt lat="50.645581" lon="14.573513">
				<ele>285.000000</ele>
			</trkpt>
			<trkpt lat="50.645912" lon="14.573351">
				<ele>285.000000</ele>
			</trkpt>
			<trkpt lat="50.646049" lon="14.573261">
				<ele>285.000000</ele>
			</trkpt>
			<trkpt lat="50.646828" lon="14.572623">
				<ele>285.000000</ele>
			</trkpt>
			<trkpt lat="50.647085" lon="14.572425">
				<ele>285.000000</ele>
			</trkpt>
			<trkpt lat="50.647330" lon="14.572236">
				<ele>285.000000</ele>
			</trkpt>
			<trkpt lat="50.647877" lon="14.571788">
				<ele>285.000000</ele>
			</trkpt>
			<trkpt lat="50.648469" lon="14.571204">
				<ele>285.000000</ele>
			</trkpt>
			<trkpt lat="50.648663" lon="14.571033">
				<ele>285.000000</ele>
			</trkpt>
			<trkpt lat="50.648834" lon="14.570907">
				<ele>285.000000</ele>
			</trkpt>
			<trkpt lat="50.649301" lon="14.570567">
				<ele>285.000000</ele>
			</trkpt>
			<trkpt lat="50.649472" lon="14.570431">
				<ele>285.000000</ele>
			</trkpt>
			<trkpt lat="50.649614" lon="14.570288">
				<ele>285.000000</ele>
			</trkpt>
			<trkpt lat="50.649751" lon="14.570135">
				<ele>285.000000</ele>
			</trkpt>
			<trkpt lat="50.649859" lon="14.569991">
				<ele>285.000000</ele>
			</trkpt>
			<trkpt lat="50.649956" lon="14.569838">
				<ele>285.000000</ele>
			</trkpt>
			<trkpt lat="50.650053" lon="14.569668">
				<ele>284.000000</ele>
			</trkpt>
			<trkpt lat="50.650144" lon="14.569462">
				<ele>284.000000</ele>
			</trkpt>
			<trkpt lat="50.650230" lon="14.569255">
				<ele>283.000000</ele>
			</trkpt>
			<trkpt lat="50.650463" lon="14.568599">
				<ele>282.000000</ele>
			</trkpt>
			<trkpt lat="50.650651" lon="14.568060">
				<ele>280.000000</ele>
			</trkpt>
			<trkpt lat="50.650839" lon="14.567538">
				<ele>278.000000</ele>
			</trkpt>
			<trkpt lat="50.651431" lon="14.566003">
				<ele>275.000000</ele>
			</trkpt>
			<trkpt lat="50.651614" lon="14.565535">
				<ele>274.000000</ele>
			</trkpt>
			<trkpt lat="50.651762" lon="14.565167">
				<ele>274.000000</ele>
			</trkpt>
			<trkpt lat="50.651881" lon="14.564835">
				<ele>274.000000</ele>
			</trkpt>
			<trkpt lat="50.652000" lon="14.564466">
				<ele>274.000000</ele>
			</trkpt>
			<trkpt lat="50.652120" lon="14.564072">
				<ele>274.000000</ele>
			</trkpt>
			<trkpt lat="50.652234" lon="14.563604">
				<ele>273.000000</ele>
			</trkpt>
			<trkpt lat="50.652377" lon="14.562993">
				<ele>273.000000</ele>
			</trkpt>
			<trkpt lat="50.652428" lon="14.562795">
				<ele>273.000000</ele>
			</trkpt>
			<trkpt lat="50.652491" lon="14.562580">
				<ele>273.000000</ele>
			</trkpt>
			<trkpt lat="50.652553" lon="14.562401">
				<ele>273.000000</ele>
			</trkpt>
			<trkpt lat="50.652616" lon="14.562230">
				<ele>273.000000</ele>
			</trkpt>
			<trkpt lat="50.652696" lon="14.562059">
				<ele>273.000000</ele>
			</trkpt>
			<trkpt lat="50.652792" lon="14.561871">
				<ele>273.000000</ele>
			</trkpt>
			<trkpt lat="50.653055" lon="14.561449">
				<ele>272.000000</ele>
			</trkpt>
			<trkpt lat="50.653231" lon="14.561152">
				<ele>272.000000</ele>
			</trkpt>
			<trkpt lat="50.653293" lon="14.561017">
				<ele>272.000000</ele>
			</trkpt>
			<trkpt lat="50.653464" lon="14.560640">
				<ele>272.000000</ele>
			</trkpt>
			<trkpt lat="50.653562" lon="14.560451">
				<ele>272.000000</ele>
			</trkpt>
			<trkpt lat="50.653681" lon="14.560200">
				<ele>272.000000</ele>
			</trkpt>
			<trkpt lat="50.653795" lon="14.559930">
				<ele>271.000000</ele>
			</trkpt>
			<trkpt lat="50.653966" lon="14.559454">
				<ele>271.000000</ele>
			</trkpt>
			<trkpt lat="50.654159" lon="14.558933">
				<ele>271.000000</ele>
			</trkpt>
			<trkpt lat="50.654250" lon="14.558709">
				<ele>271.000000</ele>
			</trkpt>
			<trkpt lat="50.654398" lon="14.558394">
				<ele>271.000000</ele>
			</trkpt>
			<trkpt lat="50.654604" lon="14.557999">
				<ele>270.000000</ele>
			</trkpt>
			<trkpt lat="50.654837" lon="14.557550">
				<ele>270.000000</ele>
			</trkpt>
			<trkpt lat="50.655218" lon="14.556912">
				<ele>271.000000</ele>
			</trkpt>
			<trkpt lat="50.655418" lon="14.556571">
				<ele>272.000000</ele>
			</trkpt>
			<trkpt lat="50.655543" lon="14.556275">
				<ele>272.000000</ele>
			</trkpt>
			<trkpt lat="50.655925" lon="14.555223">
				<ele>274.000000</ele>
			</trkpt>
			<trkpt lat="50.656050" lon="14.554935">
				<ele>275.000000</ele>
			</trkpt>
			<trkpt lat="50.656267" lon="14.554468">
				<ele>274.000000</ele>
			</trkpt>
			<trkpt lat="50.656283" lon="14.554424">
				<ele>274.000000</ele>
			</trkpt>
			<trkpt lat="50.656283" lon="14.554369">
				<ele>274.000000</ele>
			</trkpt>
			<trkpt lat="50.656272" lon="14.554325">
				<ele>274.000000</ele>
			</trkpt>
			<trkpt lat="50.656255" lon="14.554288">
				<ele>274.000000</ele>
			</trkpt>
			<trkpt lat="50.656226" lon="14.554217">
				<ele>273.000000</ele>
			</trkpt>
			<trkpt lat="50.656210" lon="14.554162">
				<ele>273.000000</ele>
			</trkpt>
			<trkpt lat="50.656198" lon="14.554091">
				<ele>273.000000</ele>
			</trkpt>
			<trkpt lat="50.656210" lon="14.554001">
				<ele>273.000000</ele>
			</trkpt>
			<trkpt lat="50.656324" lon="14.553975">
				<ele>272.000000</ele>
			</trkpt>
			<trkpt lat="50.656409" lon="14.553921">
				<ele>272.000000</ele>
			</trkpt>
			<trkpt lat="50.656557" lon="14.553812">
				<ele>271.000000</ele>
			</trkpt>
			<trkpt lat="50.656614" lon="14.553759">
				<ele>271.000000</ele>
			</trkpt>
			<trkpt lat="50.656665" lon="14.553686">
				<ele>271.000000</ele>
			</trkpt>
			<trkpt lat="50.656728" lon="14.553606">
				<ele>271.000000</ele>
			</trkpt>
			<trkpt lat="50.656819" lon="14.553516">
				<ele>270.000000</ele>
			</trkpt>
			<trkpt lat="50.656995" lon="14.553399">
				<ele>269.000000</ele>
			</trkpt>
			<trkpt lat="50.657103" lon="14.553319">
				<ele>269.000000</ele>
			</trkpt>
			<trkpt lat="50.657240" lon="14.553183">
				<ele>268.000000</ele>
			</trkpt>
			<trkpt lat="50.657286" lon="14.553130">
				<ele>268.000000</ele>
			</trkpt>
			<trkpt lat="50.657434" lon="14.552914">
				<ele>267.000000</ele>
			</trkpt>
			<trkpt lat="50.657525" lon="14.552879">
				<ele>266.000000</ele>
			</trkpt>
			<trkpt lat="50.657605" lon="14.552887">
				<ele>266.000000</ele>
			</trkpt>
			<trkpt lat="50.657633" lon="14.552833">
				<ele>266.000000</ele>
			</trkpt>
			<trkpt lat="50.657667" lon="14.552789">
				<ele>265.000000</ele>
			</trkpt>
			<trkpt lat="50.657708" lon="14.552761">
				<ele>265.000000</ele>
			</trkpt>
			<trkpt lat="50.657758" lon="14.552734">
				<ele>265.000000</ele>
			</trkpt>
			<trkpt lat="50.657832" lon="14.552663">
				<ele>264.000000</ele>
			</trkpt>
			<trkpt lat="50.657941" lon="14.552501">
				<ele>264.000000</ele>
			</trkpt>
			<trkpt lat="50.658037" lon="14.552384">
				<ele>263.000000</ele>
			</trkpt>
			<trkpt lat="50.658135" lon="14.552277">
				<ele>262.000000</ele>
			</trkpt>
			<trkpt lat="50.658288" lon="14.552133">
				<ele>261.000000</ele>
			</trkpt>
			<trkpt lat="50.658425" lon="14.551988">
				<ele>260.000000</ele>
			</trkpt>
			<trkpt lat="50.658550" lon="14.551845">
				<ele>260.000000</ele>
			</trkpt>
			<trkpt lat="50.658675" lon="14.551692">
				<ele>260.000000</ele>
			</trkpt>
			<trkpt lat="50.658801" lon="14.551504">
				<ele>260.000000</ele>
			</trkpt>
			<trkpt lat="50.658864" lon="14.551414">
				<ele>260.000000</ele>
			</trkpt>
			<trkpt lat="50.658926" lon="14.551361">
				<ele>260.000000</ele>
			</trkpt>
			<trkpt lat="50.658994" lon="14.551333">
				<ele>260.000000</ele>
			</trkpt>
			<trkpt lat="50.659086" lon="14.551315">
				<ele>260.000000</ele>
			</trkpt>
			<trkpt lat="50.659609" lon="14.551315">
				<ele>260.000000</ele>
			</trkpt>
			<trkpt lat="50.659757" lon="14.551325">
				<ele>260.000000</ele>
			</trkpt>
			<trkpt lat="50.659906" lon="14.551351">
				<ele>260.000000</ele>
			</trkpt>
			<trkpt lat="50.660048" lon="14.551422">
				<ele>260.000000</ele>
			</trkpt>
			<trkpt lat="50.660276" lon="14.551531">
				<ele>260.000000</ele>
			</trkpt>
			<trkpt lat="50.660299" lon="14.551477">
				<ele>260.000000</ele>
			</trkpt>
			<trkpt lat="50.660315" lon="14.551361">
				<ele>260.000000</ele>
			</trkpt>
			<trkpt lat="50.660350" lon="14.551162">
				<ele>260.000000</ele>
			</trkpt>
			<trkpt lat="50.660361" lon="14.551019">
				<ele>260.000000</ele>
			</trkpt>
			<trkpt lat="50.660378" lon="14.550866">
				<ele>260.000000</ele>
			</trkpt>
			<trkpt lat="50.660407" lon="14.550722">
				<ele>260.000000</ele>
			</trkpt>
			<trkpt lat="50.660441" lon="14.550596">
				<ele>260.000000</ele>
			</trkpt>
			<trkpt lat="50.660509" lon="14.550380">
				<ele>260.000000</ele>
			</trkpt>
			<trkpt lat="50.660680" lon="14.550004">
				<ele>260.000000</ele>
			</trkpt>
			<trkpt lat="50.660760" lon="14.549788">
				<ele>260.000000</ele>
			</trkpt>
			<trkpt lat="50.660879" lon="14.549464">
				<ele>260.000000</ele>
			</trkpt>
			<trkpt lat="50.661021" lon="14.549132">
				<ele>260.000000</ele>
			</trkpt>
			<trkpt lat="50.661170" lon="14.548791">
				<ele>260.000000</ele>
			</trkpt>
			<trkpt lat="50.661357" lon="14.548405">
				<ele>260.000000</ele>
			</trkpt>
			<trkpt lat="50.661517" lon="14.548099">
				<ele>260.000000</ele>
			</trkpt>
			<trkpt lat="50.661591" lon="14.548000">
				<ele>260.000000</ele>
			</trkpt>
			<trkpt lat="50.661682" lon="14.547910">
				<ele>260.000000</ele>
			</trkpt>
			<trkpt lat="50.661745" lon="14.547866">
				<ele>260.000000</ele>
			</trkpt>
			<trkpt lat="50.661859" lon="14.547749">
				<ele>260.000000</ele>
			</trkpt>
			<trkpt lat="50.661921" lon="14.547696">
				<ele>260.000000</ele>
			</trkpt>
			<trkpt lat="50.662485" lon="14.547327">
				<ele>260.000000</ele>
			</trkpt>
			<trkpt lat="50.662650" lon="14.547210">
				<ele>260.000000</ele>
			</trkpt>
			<trkpt lat="50.662758" lon="14.547183">
				<ele>260.000000</ele>
			</trkpt>
			<trkpt lat="50.662827" lon="14.547147">
				<ele>260.000000</ele>
			</trkpt>
			<trkpt lat="50.662935" lon="14.547075">
				<ele>260.000000</ele>
			</trkpt>
			<trkpt lat="50.663294" lon="14.546851">
				<ele>260.000000</ele>
			</trkpt>
			<trkpt lat="50.663607" lon="14.546707">
				<ele>260.000000</ele>
			</trkpt>
			<trkpt lat="50.663886" lon="14.546564">
				<ele>260.000000</ele>
			</trkpt>
			<trkpt lat="50.664113" lon="14.546419">
				<ele>260.000000</ele>
			</trkpt>
			<trkpt lat="50.664199" lon="14.546357">
				<ele>260.000000</ele>
			</trkpt>
			<trkpt lat="50.664284" lon="14.546311">
				<ele>260.000000</ele>
			</trkpt>
			<trkpt lat="50.664540" lon="14.546239">
				<ele>260.000000</ele>
			</trkpt>
			<trkpt lat="50.664814" lon="14.546141">
				<ele>260.000000</ele>
			</trkpt>
			<trkpt lat="50.664928" lon="14.546096">
				<ele>260.000000</ele>
			</trkpt>
			<trkpt lat="50.665127" lon="14.546069">
				<ele>260.000000</ele>
			</trkpt>
			<trkpt lat="50.665582" lon="14.546006">
				<ele>260.000000</ele>
			</trkpt>
			<trkpt lat="50.665890" lon="14.545988">
				<ele>260.000000</ele>
			</trkpt>
			<trkpt lat="50.666095" lon="14.545971">
				<ele>260.000000</ele>
			</trkpt>
			<trkpt lat="50.666277" lon="14.545988">
				<ele>260.000000</ele>
			</trkpt>
			<trkpt lat="50.666716" lon="14.545998">
				<ele>262.000000</ele>
			</trkpt>
			<trkpt lat="50.666926" lon="14.545988">
				<ele>262.000000</ele>
			</trkpt>
			<trkpt lat="50.667057" lon="14.545988">
				<ele>263.000000</ele>
			</trkpt>
			<trkpt lat="50.667182" lon="14.546015">
				<ele>264.000000</ele>
			</trkpt>
			<trkpt lat="50.667302" lon="14.546061">
				<ele>264.000000</ele>
			</trkpt>
			<trkpt lat="50.667536" lon="14.546168">
				<ele>265.000000</ele>
			</trkpt>
			<trkpt lat="50.667689" lon="14.546239">
				<ele>266.000000</ele>
			</trkpt>
			<trkpt lat="50.667797" lon="14.546248">
				<ele>266.000000</ele>
			</trkpt>
			<trkpt lat="50.667906" lon="14.546248">
				<ele>266.000000</ele>
			</trkpt>
			<trkpt lat="50.668060" lon="14.546275">
				<ele>266.000000</ele>
			</trkpt>
			<trkpt lat="50.668110" lon="14.546294">
				<ele>267.000000</ele>
			</trkpt>
			<trkpt lat="50.668156" lon="14.546267">
				<ele>267.000000</ele>
			</trkpt>
			<trkpt lat="50.668202" lon="14.546231">
				<ele>267.000000</ele>
			</trkpt>
			<trkpt lat="50.668247" lon="14.546177">
				<ele>267.000000</ele>
			</trkpt>
			<trkpt lat="50.668310" lon="14.546096">
				<ele>267.000000</ele>
			</trkpt>
			<trkpt lat="50.668389" lon="14.546025">
				<ele>267.000000</ele>
			</trkpt>
			<trkpt lat="50.668509" lon="14.545916">
				<ele>268.000000</ele>
			</trkpt>
			<trkpt lat="50.668595" lon="14.545835">
				<ele>268.000000</ele>
			</trkpt>
			<trkpt lat="50.668777" lon="14.545619">
				<ele>268.000000</ele>
			</trkpt>
			<trkpt lat="50.668874" lon="14.545503">
				<ele>269.000000</ele>
			</trkpt>
			<trkpt lat="50.669056" lon="14.545359">
				<ele>269.000000</ele>
			</trkpt>
			<trkpt lat="50.669204" lon="14.545252">
				<ele>270.000000</ele>
			</trkpt>
			<trkpt lat="50.669415" lon="14.545135">
				<ele>270.000000</ele>
			</trkpt>
			<trkpt lat="50.669665" lon="14.545036">
				<ele>270.000000</ele>
			</trkpt>
			<trkpt lat="50.669808" lon="14.544964">
				<ele>270.000000</ele>
			</trkpt>
			<trkpt lat="50.669932" lon="14.544893">
				<ele>269.000000</ele>
			</trkpt>
			<trkpt lat="50.670115" lon="14.544973">
				<ele>269.000000</ele>
			</trkpt>
			<trkpt lat="50.670400" lon="14.545135">
				<ele>267.000000</ele>
			</trkpt>
			<trkpt lat="50.670724" lon="14.545287">
				<ele>266.000000</ele>
			</trkpt>
			<trkpt lat="50.670764" lon="14.545359">
				<ele>266.000000</ele>
			</trkpt>
			<trkpt lat="50.670798" lon="14.545386">
				<ele>265.000000</ele>
			</trkpt>
			<trkpt lat="50.670832" lon="14.545405">
				<ele>265.000000</ele>
			</trkpt>
			<trkpt lat="50.670895" lon="14.545405">
				<ele>265.000000</ele>
			</trkpt>
			<trkpt lat="50.670906" lon="14.545342">
				<ele>265.000000</ele>
			</trkpt>
			<trkpt lat="50.670923" lon="14.545287">
				<ele>265.000000</ele>
			</trkpt>
			<trkpt lat="50.670958" lon="14.545243">
				<ele>265.000000</ele>
			</trkpt>
			<trkpt lat="50.671003" lon="14.545216">
				<ele>265.000000</ele>
			</trkpt>
			<trkpt lat="50.672250" lon="14.544254">
				<ele>258.000000</ele>
			</trkpt>
			<trkpt lat="50.672666" lon="14.544012">
				<ele>257.000000</ele>
			</trkpt>
			<trkpt lat="50.672950" lon="14.543868">
				<ele>256.000000</ele>
			</trkpt>
			<trkpt lat="50.673217" lon="14.543769">
				<ele>255.000000</ele>
			</trkpt>
			<trkpt lat="50.673599" lon="14.543679">
				<ele>254.000000</ele>
			</trkpt>
			<trkpt lat="50.673724" lon="14.543661">
				<ele>254.000000</ele>
			</trkpt>
			<trkpt lat="50.675682" lon="14.543392">
				<ele>252.000000</ele>
			</trkpt>
			<trkpt lat="50.675888" lon="14.543356">
				<ele>251.000000</ele>
			</trkpt>
			<trkpt lat="50.677202" lon="14.543195">
				<ele>249.000000</ele>
			</trkpt>
			<trkpt lat="50.677180" lon="14.542755">
				<ele>249.000000</ele>
			</trkpt>
			<trkpt lat="50.677191" lon="14.542386">
				<ele>249.000000</ele>
			</trkpt>
			<trkpt lat="50.677214" lon="14.542027">
				<ele>249.000000</ele>
			</trkpt>
			<trkpt lat="50.677225" lon="14.542000">
				<ele>249.000000</ele>
			</trkpt>
			<trkpt lat="50.677265" lon="14.541658">
				<ele>249.000000</ele>
			</trkpt>
			<trkpt lat="50.677305" lon="14.541461">
				<ele>249.000000</ele>
			</trkpt>
			<trkpt lat="50.677339" lon="14.541308">
				<ele>249.000000</ele>
			</trkpt>
			<trkpt lat="50.677442" lon="14.540922">
				<ele>249.000000</ele>
			</trkpt>
			<trkpt lat="50.677527" lon="14.540652">
				<ele>249.000000</ele>
			</trkpt>
			<trkpt lat="50.677584" lon="14.540401">
				<ele>249.000000</ele>
			</trkpt>
			<trkpt lat="50.677641" lon="14.540140">
				<ele>249.000000</ele>
			</trkpt>
			<trkpt lat="50.677675" lon="14.539870">
				<ele>249.000000</ele>
			</trkpt>
			<trkpt lat="50.677709" lon="14.539394">
				<ele>248.000000</ele>
			</trkpt>
			<trkpt lat="50.677715" lon="14.538901">
				<ele>248.000000</ele>
			</trkpt>
			<trkpt lat="50.677703" lon="14.538371">
				<ele>248.000000</ele>
			</trkpt>
			<trkpt lat="50.677703" lon="14.538021">
				<ele>248.000000</ele>
			</trkpt>
			<trkpt lat="50.677692" lon="14.537382">
				<ele>248.000000</ele>
			</trkpt>
			<trkpt lat="50.677652" lon="14.537130">
				<ele>248.000000</ele>
			</trkpt>
			<trkpt lat="50.677669" lon="14.536933">
				<ele>248.000000</ele>
			</trkpt>
			<trkpt lat="50.677669" lon="14.536897">
				<ele>248.000000</ele>
			</trkpt>
			<trkpt lat="50.677624" lon="14.536367">
				<ele>248.000000</ele>
			</trkpt>
			<trkpt lat="50.677766" lon="14.536295">
				<ele>247.000000</ele>
			</trkpt>
			<trkpt lat="50.678210" lon="14.536061">
				<ele>247.000000</ele>
			</trkpt>
			<trkpt lat="50.678432" lon="14.535945">
				<ele>247.000000</ele>
			</trkpt>
			<trkpt lat="50.678700" lon="14.535828">
				<ele>247.000000</ele>
			</trkpt>
			<trkpt lat="50.678780" lon="14.535218">
				<ele>247.000000</ele>
			</trkpt>
			<trkpt lat="50.678927" lon="14.535541">
				<ele>247.000000</ele>
			</trkpt>
			<trkpt lat="50.679013" lon="14.535711">
				<ele>247.000000</ele>
			</trkpt>
			<trkpt lat="50.679281" lon="14.536277">
				<ele>247.000000</ele>
			</trkpt>
			<trkpt lat="50.679360" lon="14.536430">
				<ele>247.000000</ele>
			</trkpt>
			<trkpt lat="50.679474" lon="14.536350">
				<ele>247.000000</ele>
			</trkpt>
			<trkpt lat="50.679548" lon="14.536511">
				<ele>247.000000</ele>
			</trkpt>
			<trkpt lat="50.679610" lon="14.536727">
				<ele>247.000000</ele>
			</trkpt>
			<trkpt lat="50.679912" lon="14.536727">
				<ele>247.000000</ele>
			</trkpt>
			<trkpt lat="50.680168" lon="14.536736">
				<ele>248.000000</ele>
			</trkpt>
			<trkpt lat="50.680612" lon="14.536727">
				<ele>248.000000</ele>
			</trkpt>
			<trkpt lat="50.680595" lon="14.536564">
				<ele>248.000000</ele>
			</trkpt>
			<trkpt lat="50.680629" lon="14.536564">
				<ele>248.000000</ele>
			</trkpt>
			<trkpt lat="50.680646" lon="14.536574">
				<ele>248.000000</ele>
			</trkpt>
			<trkpt lat="50.680675" lon="14.536591">
				<ele>248.000000</ele>
			</trkpt>
			<trkpt lat="50.680709" lon="14.536591">
				<ele>248.000000</ele>
			</trkpt>
			<trkpt lat="50.680925" lon="14.536583">
				<ele>248.000000</ele>
			</trkpt>
			<trkpt lat="50.681557" lon="14.536556">
				<ele>249.000000</ele>
			</trkpt>
			<trkpt lat="50.682212" lon="14.536520">
				<ele>249.000000</ele>
			</trkpt>
			<trkpt lat="50.682371" lon="14.536511">
				<ele>249.000000</ele>
			</trkpt>
			<trkpt lat="50.682456" lon="14.536574">
				<ele>249.000000</ele>
			</trkpt>
			<trkpt lat="50.682542" lon="14.536574">
				<ele>249.000000</ele>
			</trkpt>
			<trkpt lat="50.682627" lon="14.536556">
				<ele>249.000000</ele>
			</trkpt>
			<trkpt lat="50.682661" lon="14.536529">
				<ele>249.000000</ele>
			</trkpt>
			<trkpt lat="50.682667" lon="14.536466">
				<ele>249.000000</ele>
			</trkpt>
			<trkpt lat="50.682661" lon="14.536331">
				<ele>249.000000</ele>
			</trkpt>
			<trkpt lat="50.682712" lon="14.536331">
				<ele>249.000000</ele>
			</trkpt>
			<trkpt lat="50.682769" lon="14.536331">
				<ele>249.000000</ele>
			</trkpt>
			<trkpt lat="50.682775" lon="14.536340">
				<ele>249.000000</ele>
			</trkpt>
			<trkpt lat="50.682775" lon="14.536358">
				<ele>249.000000</ele>
			</trkpt>
			<trkpt lat="50.682775" lon="14.536440">
				<ele>250.000000</ele>
			</trkpt>
			<trkpt lat="50.682787" lon="14.536484">
				<ele>250.000000</ele>
			</trkpt>
			<trkpt lat="50.682798" lon="14.536511">
				<ele>250.000000</ele>
			</trkpt>
			<trkpt lat="50.682815" lon="14.536538">
				<ele>250.000000</ele>
			</trkpt>
			<trkpt lat="50.682843" lon="14.536556">
				<ele>250.000000</ele>
			</trkpt>
			<trkpt lat="50.682906" lon="14.536556">
				<ele>250.000000</ele>
			</trkpt>
			<trkpt lat="50.683122" lon="14.536538">
				<ele>250.000000</ele>
			</trkpt>
			<trkpt lat="50.683122" lon="14.536646">
				<ele>250.000000</ele>
			</trkpt>
			<trkpt lat="50.683122" lon="14.536744">
				<ele>250.000000</ele>
			</trkpt>
			<trkpt lat="50.683145" lon="14.536790">
				<ele>250.000000</ele>
			</trkpt>
			<trkpt lat="50.683174" lon="14.536834">
				<ele>250.000000</ele>
			</trkpt>
			<trkpt lat="50.683185" lon="14.536880">
				<ele>250.000000</ele>
			</trkpt>
			<trkpt lat="50.683191" lon="14.536943">
				<ele>250.000000</ele>
			</trkpt>
			<trkpt lat="50.683276" lon="14.536943">
				<ele>250.000000</ele>
			</trkpt>
			<trkpt lat="50.683231" lon="14.537948">
				<ele>250.000000</ele>
			</trkpt>
			<trkpt lat="50.683179" lon="14.538021">
				<ele>250.000000</ele>
			</trkpt>
			<trkpt lat="50.683145" lon="14.538111">
				<ele>250.000000</ele>
			</trkpt>
			<trkpt lat="50.683083" lon="14.538281">
				<ele>250.000000</ele>
			</trkpt>
			<trkpt lat="50.683048" lon="14.538461">
				<ele>250.000000</ele>
			</trkpt>
			<trkpt lat="50.683014" lon="14.538855">
				<ele>250.000000</ele>
			</trkpt>
			<trkpt lat="50.682997" lon="14.539214">
				<ele>250.000000</ele>
			</trkpt>
			<trkpt lat="50.682986" lon="14.539566">
				<ele>250.000000</ele>
			</trkpt>
			<trkpt lat="50.682997" lon="14.540293">
				<ele>250.000000</ele>
			</trkpt>
			<trkpt lat="50.683014" lon="14.541227">
				<ele>250.000000</ele>
			</trkpt>
			<trkpt lat="50.683043" lon="14.541927">
				<ele>250.000000</ele>
			</trkpt>
			<trkpt lat="50.683088" lon="14.542619">
				<ele>250.000000</ele>
			</trkpt>
			<trkpt lat="50.683191" lon="14.543499">
				<ele>250.000000</ele>
			</trkpt>
			<trkpt lat="50.683362" lon="14.544730">
				<ele>250.000000</ele>
			</trkpt>
			<trkpt lat="50.683481" lon="14.545522">
				<ele>250.000000</ele>
			</trkpt>
			<trkpt lat="50.683589" lon="14.545495">
				<ele>250.000000</ele>
			</trkpt>
			<trkpt lat="50.683669" lon="14.545467">
				<ele>250.000000</ele>
			</trkpt>
			<trkpt lat="50.683703" lon="14.545449">
				<ele>250.000000</ele>
			</trkpt>
			<trkpt lat="50.683748" lon="14.545522">
				<ele>250.000000</ele>
			</trkpt>
			<trkpt lat="50.683919" lon="14.545602">
				<ele>250.000000</ele>
			</trkpt>
			<trkpt lat="50.683913" lon="14.545701">
				<ele>250.000000</ele>
			</trkpt>
			<trkpt lat="50.684192" lon="14.545826">
				<ele>250.000000</ele>
			</trkpt>
			<trkpt lat="50.684255" lon="14.545881">
				<ele>250.000000</ele>
			</trkpt>
			<trkpt lat="50.684551" lon="14.546088">
				<ele>250.000000</ele>
			</trkpt>
			<trkpt lat="50.684585" lon="14.546231">
				<ele>250.000000</ele>
			</trkpt>
			<trkpt lat="50.684551" lon="14.546357">
				<ele>250.000000</ele>
			</trkpt>
			<trkpt lat="50.684568" lon="14.546491">
				<ele>250.000000</ele>
			</trkpt>
			<trkpt lat="50.684670" lon="14.546627">
				<ele>250.000000</ele>
			</trkpt>
			<trkpt lat="50.684744" lon="14.546698">
				<ele>250.000000</ele>
			</trkpt>
			<trkpt lat="50.684711" lon="14.547291">
				<ele>250.000000</ele>
			</trkpt>
			<trkpt lat="50.684693" lon="14.547434">
				<ele>250.000000</ele>
			</trkpt>
			<trkpt lat="50.684665" lon="14.547856">
				<ele>250.000000</ele>
			</trkpt>
			<trkpt lat="50.684613" lon="14.548216">
				<ele>250.000000</ele>
			</trkpt>
			<trkpt lat="50.684545" lon="14.548566">
				<ele>250.000000</ele>
			</trkpt>
			<trkpt lat="50.684426" lon="14.548971">
				<ele>250.000000</ele>
			</trkpt>
			<trkpt lat="50.684312" lon="14.549393">
				<ele>250.000000</ele>
			</trkpt>
			<trkpt lat="50.684221" lon="14.549788">
				<ele>250.000000</ele>
			</trkpt>
			<trkpt lat="50.684187" lon="14.550030">
				<ele>250.000000</ele>
			</trkpt>
			<trkpt lat="50.684153" lon="14.550256">
				<ele>250.000000</ele>
			</trkpt>
			<trkpt lat="50.684084" lon="14.550920">
				<ele>250.000000</ele>
			</trkpt>
			<trkpt lat="50.684016" lon="14.551845">
				<ele>250.000000</ele>
			</trkpt>
			<trkpt lat="50.683988" lon="14.552114">
				<ele>250.000000</ele>
			</trkpt>
			<trkpt lat="50.683982" lon="14.552438">
				<ele>250.000000</ele>
			</trkpt>
			<trkpt lat="50.683976" lon="14.553399">
				<ele>251.000000</ele>
			</trkpt>
			<trkpt lat="50.683976" lon="14.553741">
				<ele>252.000000</ele>
			</trkpt>
			<trkpt lat="50.683982" lon="14.554235">
				<ele>252.000000</ele>
			</trkpt>
			<trkpt lat="50.685524" lon="14.554109">
				<ele>263.000000</ele>
			</trkpt>
			<trkpt lat="50.687818" lon="14.553885">
				<ele>277.000000</ele>
			</trkpt>
			<trkpt lat="50.688899" lon="14.553803">
				<ele>282.000000</ele>
			</trkpt>
			<trkpt lat="50.689138" lon="14.553776">
				<ele>283.000000</ele>
			</trkpt>
			<trkpt lat="50.689201" lon="14.553749">
				<ele>283.000000</ele>
			</trkpt>
			<trkpt lat="50.689258" lon="14.553686">
				<ele>283.000000</ele>
			</trkpt>
			<trkpt lat="50.689309" lon="14.553803">
				<ele>284.000000</ele>
			</trkpt>
			<trkpt lat="50.689349" lon="14.553956">
				<ele>285.000000</ele>
			</trkpt>
			<trkpt lat="50.689400" lon="14.554199">
				<ele>285.000000</ele>
			</trkpt>
			<trkpt lat="50.689514" lon="14.554522">
				<ele>286.000000</ele>
			</trkpt>
			<trkpt lat="50.689622" lon="14.554774">
				<ele>287.000000</ele>
			</trkpt>
			<trkpt lat="50.689747" lon="14.555070">
				<ele>288.000000</ele>
			</trkpt>
			<trkpt lat="50.689901" lon="14.555384">
				<ele>289.000000</ele>
			</trkpt>
			<trkpt lat="50.690054" lon="14.555690">
				<ele>291.000000</ele>
			</trkpt>
			<trkpt lat="50.690163" lon="14.555977">
				<ele>292.000000</ele>
			</trkpt>
			<trkpt lat="50.690253" lon="14.556283">
				<ele>293.000000</ele>
			</trkpt>
			<trkpt lat="50.690373" lon="14.556722">
				<ele>294.000000</ele>
			</trkpt>
			<trkpt lat="50.690418" lon="14.556894">
				<ele>295.000000</ele>
			</trkpt>
			<trkpt lat="50.690464" lon="14.557019">
				<ele>295.000000</ele>
			</trkpt>
			<trkpt lat="50.690510" lon="14.557137">
				<ele>295.000000</ele>
			</trkpt>
			<trkpt lat="50.690584" lon="14.557262">
				<ele>295.000000</ele>
			</trkpt>
			<trkpt lat="50.690726" lon="14.557514">
				<ele>295.000000</ele>
			</trkpt>
			<trkpt lat="50.690857" lon="14.557738">
				<ele>295.000000</ele>
			</trkpt>
			<trkpt lat="50.690971" lon="14.557990">
				<ele>294.000000</ele>
			</trkpt>
			<trkpt lat="50.691045" lon="14.558151">
				<ele>292.000000</ele>
			</trkpt>
			<trkpt lat="50.691102" lon="14.558233">
				<ele>291.000000</ele>
			</trkpt>
			<trkpt lat="50.691153" lon="14.558313">
				<ele>290.000000</ele>
			</trkpt>
			<trkpt lat="50.691210" lon="14.558376">
				<ele>289.000000</ele>
			</trkpt>
			<trkpt lat="50.691306" lon="14.558457">
				<ele>288.000000</ele>
			</trkpt>
			<trkpt lat="50.691443" lon="14.558565">
				<ele>286.000000</ele>
			</trkpt>
			<trkpt lat="50.691847" lon="14.558879">
				<ele>281.000000</ele>
			</trkpt>
			<trkpt lat="50.692092" lon="14.559103">
				<ele>278.000000</ele>
			</trkpt>
			<trkpt lat="50.692154" lon="14.559158">
				<ele>277.000000</ele>
			</trkpt>
			<trkpt lat="50.692262" lon="14.559265">
				<ele>276.000000</ele>
			</trkpt>
			<trkpt lat="50.692342" lon="14.559364">
				<ele>275.000000</ele>
			</trkpt>
			<trkpt lat="50.692416" lon="14.559491">
				<ele>275.000000</ele>
			</trkpt>
			<trkpt lat="50.692490" lon="14.559651">
				<ele>273.000000</ele>
			</trkpt>
			<trkpt lat="50.692633" lon="14.559957">
				<ele>271.000000</ele>
			</trkpt>
			<trkpt lat="50.692814" lon="14.560280">
				<ele>269.000000</ele>
			</trkpt>
			<trkpt lat="50.692917" lon="14.560478">
				<ele>268.000000</ele>
			</trkpt>
			<trkpt lat="50.693036" lon="14.560820">
				<ele>267.000000</ele>
			</trkpt>
			<trkpt lat="50.693344" lon="14.561888">
				<ele>263.000000</ele>
			</trkpt>
			<trkpt lat="50.693770" lon="14.563272">
				<ele>260.000000</ele>
			</trkpt>
			<trkpt lat="50.693856" lon="14.563533">
				<ele>260.000000</ele>
			</trkpt>
			<trkpt lat="50.694015" lon="14.563999">
				<ele>260.000000</ele>
			</trkpt>
			<trkpt lat="50.694089" lon="14.564179">
				<ele>260.000000</ele>
			</trkpt>
			<trkpt lat="50.694192" lon="14.564386">
				<ele>260.000000</ele>
			</trkpt>
			<trkpt lat="50.694260" lon="14.564548">
				<ele>260.000000</ele>
			</trkpt>
			<trkpt lat="50.694334" lon="14.564728">
				<ele>260.000000</ele>
			</trkpt>
			<trkpt lat="50.694379" lon="14.564898">
				<ele>260.000000</ele>
			</trkpt>
			<trkpt lat="50.694425" lon="14.565078">
				<ele>260.000000</ele>
			</trkpt>
			<trkpt lat="50.694442" lon="14.565267">
				<ele>260.000000</ele>
			</trkpt>
			<trkpt lat="50.694465" lon="14.565491">
				<ele>260.000000</ele>
			</trkpt>
			<trkpt lat="50.694476" lon="14.565751">
				<ele>260.000000</ele>
			</trkpt>
			<trkpt lat="50.694465" lon="14.566047">
				<ele>261.000000</ele>
			</trkpt>
			<trkpt lat="50.694465" lon="14.566399">
				<ele>261.000000</ele>
			</trkpt>
			<trkpt lat="50.694476" lon="14.566623">
				<ele>261.000000</ele>
			</trkpt>
			<trkpt lat="50.694505" lon="14.566846">
				<ele>262.000000</ele>
			</trkpt>
			<trkpt lat="50.694562" lon="14.567089">
				<ele>262.000000</ele>
			</trkpt>
			<trkpt lat="50.694686" lon="14.567530">
				<ele>263.000000</ele>
			</trkpt>
			<trkpt lat="50.694823" lon="14.567898">
				<ele>263.000000</ele>
			</trkpt>
			<trkpt lat="50.694965" lon="14.568248">
				<ele>264.000000</ele>
			</trkpt>
			<trkpt lat="50.695193" lon="14.568724">
				<ele>264.000000</ele>
			</trkpt>
			<trkpt lat="50.695375" lon="14.569083">
				<ele>265.000000</ele>
			</trkpt>
			<trkpt lat="50.695546" lon="14.569389">
				<ele>267.000000</ele>
			</trkpt>
			<trkpt lat="50.695739" lon="14.569704">
				<ele>270.000000</ele>
			</trkpt>
			<trkpt lat="50.695990" lon="14.570062">
				<ele>274.000000</ele>
			</trkpt>
			<trkpt lat="50.696109" lon="14.570261">
				<ele>276.000000</ele>
			</trkpt>
			<trkpt lat="50.696291" lon="14.570628">
				<ele>279.000000</ele>
			</trkpt>
			<trkpt lat="50.696565" lon="14.571168">
				<ele>280.000000</ele>
			</trkpt>
			<trkpt lat="50.697151" lon="14.572219">
				<ele>280.000000</ele>
			</trkpt>
			<trkpt lat="50.697275" lon="14.572471">
				<ele>280.000000</ele>
			</trkpt>
			<trkpt lat="50.697378" lon="14.572704">
				<ele>280.000000</ele>
			</trkpt>
			<trkpt lat="50.697640" lon="14.573351">
				<ele>280.000000</ele>
			</trkpt>
			<trkpt lat="50.697868" lon="14.573953">
				<ele>280.000000</ele>
			</trkpt>
			<trkpt lat="50.698311" lon="14.575202">
				<ele>280.000000</ele>
			</trkpt>
			<trkpt lat="50.698403" lon="14.575452">
				<ele>280.000000</ele>
			</trkpt>
			<trkpt lat="50.698511" lon="14.575660">
				<ele>280.000000</ele>
			</trkpt>
			<trkpt lat="50.698949" lon="14.576370">
				<ele>276.000000</ele>
			</trkpt>
			<trkpt lat="50.699091" lon="14.576603">
				<ele>275.000000</ele>
			</trkpt>
			<trkpt lat="50.699182" lon="14.576791">
				<ele>274.000000</ele>
			</trkpt>
			<trkpt lat="50.699307" lon="14.577060">
				<ele>272.000000</ele>
			</trkpt>
			<trkpt lat="50.699500" lon="14.577528">
				<ele>269.000000</ele>
			</trkpt>
			<trkpt lat="50.699546" lon="14.577654">
				<ele>268.000000</ele>
			</trkpt>
			<trkpt lat="50.699580" lon="14.577779">
				<ele>267.000000</ele>
			</trkpt>
			<trkpt lat="50.699608" lon="14.577923">
				<ele>266.000000</ele>
			</trkpt>
			<trkpt lat="50.699643" lon="14.578148">
				<ele>265.000000</ele>
			</trkpt>
			<trkpt lat="50.699671" lon="14.578418">
				<ele>265.000000</ele>
			</trkpt>
			<trkpt lat="50.699700" lon="14.578552">
				<ele>265.000000</ele>
			</trkpt>
			<trkpt lat="50.699757" lon="14.578741">
				<ele>265.000000</ele>
			</trkpt>
			<trkpt lat="50.699836" lon="14.578884">
				<ele>265.000000</ele>
			</trkpt>
			<trkpt lat="50.699899" lon="14.578965">
				<ele>265.000000</ele>
			</trkpt>
			<trkpt lat="50.699962" lon="14.579047">
				<ele>265.000000</ele>
			</trkpt>
			<trkpt lat="50.700132" lon="14.579173">
				<ele>265.000000</ele>
			</trkpt>
			<trkpt lat="50.700269" lon="14.579270">
				<ele>265.000000</ele>
			</trkpt>
			<trkpt lat="50.700331" lon="14.579343">
				<ele>265.000000</ele>
			</trkpt>
			<trkpt lat="50.700377" lon="14.579414">
				<ele>265.000000</ele>
			</trkpt>
			<trkpt lat="50.700405" lon="14.579523">
				<ele>265.000000</ele>
			</trkpt>
			<trkpt lat="50.700491" lon="14.579989">
				<ele>265.000000</ele>
			</trkpt>
			<trkpt lat="50.700229" lon="14.580133">
				<ele>265.000000</ele>
			</trkpt>
			<trkpt lat="50.699950" lon="14.580349">
				<ele>265.000000</ele>
			</trkpt>
			<trkpt lat="50.699706" lon="14.580538">
				<ele>265.000000</ele>
			</trkpt>
			<trkpt lat="50.699546" lon="14.580655">
				<ele>265.000000</ele>
			</trkpt>
			<trkpt lat="50.699472" lon="14.580708">
				<ele>265.000000</ele>
			</trkpt>
			<trkpt lat="50.699404" lon="14.580771">
				<ele>265.000000</ele>
			</trkpt>
			<trkpt lat="50.699330" lon="14.580852">
				<ele>265.000000</ele>
			</trkpt>
			<trkpt lat="50.699278" lon="14.580941">
				<ele>265.000000</ele>
			</trkpt>
			<trkpt lat="50.699221" lon="14.581022">
				<ele>265.000000</ele>
			</trkpt>
			<trkpt lat="50.699170" lon="14.581148">
				<ele>265.000000</ele>
			</trkpt>
			<trkpt lat="50.699074" lon="14.581463">
				<ele>265.000000</ele>
			</trkpt>
			<trkpt lat="50.698983" lon="14.581750">
				<ele>265.000000</ele>
			</trkpt>
			<trkpt lat="50.698892" lon="14.582020">
				<ele>265.000000</ele>
			</trkpt>
			<trkpt lat="50.699022" lon="14.582047">
				<ele>267.000000</ele>
			</trkpt>
			<trkpt lat="50.699273" lon="14.582146">
				<ele>269.000000</ele>
			</trkpt>
			<trkpt lat="50.699409" lon="14.582154">
				<ele>270.000000</ele>
			</trkpt>
			<trkpt lat="50.699649" lon="14.582100">
				<ele>270.000000</ele>
			</trkpt>
			<trkpt lat="50.699740" lon="14.582092">
				<ele>270.000000</ele>
			</trkpt>
			<trkpt lat="50.699928" lon="14.582119">
				<ele>270.000000</ele>
			</trkpt>
			<trkpt lat="50.700035" lon="14.582119">
				<ele>270.000000</ele>
			</trkpt>
			<trkpt lat="50.700143" lon="14.582092">
				<ele>270.000000</ele>
			</trkpt>
			<trkpt lat="50.700360" lon="14.581974">
				<ele>270.000000</ele>
			</trkpt>
			<trkpt lat="50.700439" lon="14.581966">
				<ele>270.000000</ele>
			</trkpt>
			<trkpt lat="50.700514" lon="14.581974">
				<ele>270.000000</ele>
			</trkpt>
			<trkpt lat="50.700542" lon="14.581993">
				<ele>270.000000</ele>
			</trkpt>
			<trkpt lat="50.700565" lon="14.582029">
				<ele>270.000000</ele>
			</trkpt>
			<trkpt lat="50.700604" lon="14.582100">
				<ele>271.000000</ele>
			</trkpt>
			<trkpt lat="50.700610" lon="14.582154">
				<ele>271.000000</ele>
			</trkpt>
			<trkpt lat="50.700679" lon="14.582559">
				<ele>272.000000</ele>
			</trkpt>
			<trkpt lat="50.700815" lon="14.583528">
				<ele>276.000000</ele>
			</trkpt>
			<trkpt lat="50.700860" lon="14.583844">
				<ele>278.000000</ele>
			</trkpt>
			<trkpt lat="50.700935" lon="14.584194">
				<ele>279.000000</ele>
			</trkpt>
			<trkpt lat="50.701082" lon="14.584813">
				<ele>281.000000</ele>
			</trkpt>
			<trkpt lat="50.701088" lon="14.584831">
				<ele>281.000000</ele>
			</trkpt>
			<trkpt lat="50.701088" lon="14.584831">
				<ele>281.000000</ele>
			</trkpt>
			<trkpt lat="50.701208" lon="14.585370">
				<ele>283.000000</ele>
			</trkpt>
			<trkpt lat="50.701361" lon="14.585936">
				<ele>284.000000</ele>
			</trkpt>
			<trkpt lat="50.701572" lon="14.586637">
				<ele>287.000000</ele>
			</trkpt>
			<trkpt lat="50.701657" lon="14.586897">
				<ele>288.000000</ele>
			</trkpt>
			<trkpt lat="50.701753" lon="14.587149">
				<ele>289.000000</ele>
			</trkpt>
			<trkpt lat="50.701981" lon="14.587670">
				<ele>290.000000</ele>
			</trkpt>
			<trkpt lat="50.702550" lon="14.588910">
				<ele>290.000000</ele>
			</trkpt>
			<trkpt lat="50.702653" lon="14.589125">
				<ele>290.000000</ele>
			</trkpt>
			<trkpt lat="50.702704" lon="14.589287">
				<ele>290.000000</ele>
			</trkpt>
			<trkpt lat="50.702749" lon="14.589431">
				<ele>290.000000</ele>
			</trkpt>
			<trkpt lat="50.702789" lon="14.589557">
				<ele>290.000000</ele>
			</trkpt>
			<trkpt lat="50.702852" lon="14.589889">
				<ele>290.000000</ele>
			</trkpt>
			<trkpt lat="50.702914" lon="14.590239">
				<ele>290.000000</ele>
			</trkpt>
			<trkpt lat="50.702960" lon="14.590446">
				<ele>290.000000</ele>
			</trkpt>
			<trkpt lat="50.703028" lon="14.590635">
				<ele>290.000000</ele>
			</trkpt>
			<trkpt lat="50.703108" lon="14.590842">
				<ele>290.000000</ele>
			</trkpt>
			<trkpt lat="50.703154" lon="14.590939">
				<ele>290.000000</ele>
			</trkpt>
			<trkpt lat="50.703182" lon="14.591056">
				<ele>290.000000</ele>
			</trkpt>
			<trkpt lat="50.703233" lon="14.591308">
				<ele>290.000000</ele>
			</trkpt>
			<trkpt lat="50.703261" lon="14.591542">
				<ele>290.000000</ele>
			</trkpt>
			<trkpt lat="50.703273" lon="14.591595">
				<ele>290.000000</ele>
			</trkpt>
			<trkpt lat="50.703290" lon="14.591641">
				<ele>290.000000</ele>
			</trkpt>
			<trkpt lat="50.703626" lon="14.592386">
				<ele>290.000000</ele>
			</trkpt>
			<trkpt lat="50.703825" lon="14.592817">
				<ele>290.000000</ele>
			</trkpt>
			<trkpt lat="50.704314" lon="14.593769">
				<ele>290.000000</ele>
			</trkpt>
			<trkpt lat="50.705167" lon="14.595413">
				<ele>290.000000</ele>
			</trkpt>
			<trkpt lat="50.705810" lon="14.596618">
				<ele>292.000000</ele>
			</trkpt>
			<trkpt lat="50.707045" lon="14.598855">
				<ele>295.000000</ele>
			</trkpt>
			<trkpt lat="50.707301" lon="14.599321">
				<ele>295.000000</ele>
			</trkpt>
			<trkpt lat="50.707357" lon="14.599402">
				<ele>295.000000</ele>
			</trkpt>
			<trkpt lat="50.707409" lon="14.599474">
				<ele>295.000000</ele>
			</trkpt>
			<trkpt lat="50.707466" lon="14.599528">
				<ele>295.000000</ele>
			</trkpt>
			<trkpt lat="50.707528" lon="14.599572">
				<ele>295.000000</ele>
			</trkpt>
			<trkpt lat="50.707608" lon="14.599600">
				<ele>295.000000</ele>
			</trkpt>
			<trkpt lat="50.707688" lon="14.599618">
				<ele>295.000000</ele>
			</trkpt>
			<trkpt lat="50.707767" lon="14.599600">
				<ele>295.000000</ele>
			</trkpt>
			<trkpt lat="50.707858" lon="14.599572">
				<ele>295.000000</ele>
			</trkpt>
			<trkpt lat="50.708057" lon="14.599455">
				<ele>295.000000</ele>
			</trkpt>
			<trkpt lat="50.708262" lon="14.599285">
				<ele>295.000000</ele>
			</trkpt>
			<trkpt lat="50.708467" lon="14.599115">
				<ele>295.000000</ele>
			</trkpt>
			<trkpt lat="50.708603" lon="14.598979">
				<ele>295.000000</ele>
			</trkpt>
			<trkpt lat="50.708700" lon="14.598845">
				<ele>295.000000</ele>
			</trkpt>
			<trkpt lat="50.708791" lon="14.598683">
				<ele>295.000000</ele>
			</trkpt>
			<trkpt lat="50.708979" lon="14.598316">
				<ele>292.000000</ele>
			</trkpt>
			<trkpt lat="50.709042" lon="14.598216">
				<ele>291.000000</ele>
			</trkpt>
			<trkpt lat="50.709104" lon="14.598144">
				<ele>290.000000</ele>
			</trkpt>
			<trkpt lat="50.709166" lon="14.598073">
				<ele>290.000000</ele>
			</trkpt>
			<trkpt lat="50.709286" lon="14.598000">
				<ele>290.000000</ele>
			</trkpt>
			<trkpt lat="50.709496" lon="14.597839">
				<ele>290.000000</ele>
			</trkpt>
			<trkpt lat="50.709713" lon="14.597695">
				<ele>290.000000</ele>
			</trkpt>
			<trkpt lat="50.709860" lon="14.597597">
				<ele>290.000000</ele>
			</trkpt>
			<trkpt lat="50.710100" lon="14.597444">
				<ele>290.000000</ele>
			</trkpt>
			<trkpt lat="50.710225" lon="14.597371">
				<ele>291.000000</ele>
			</trkpt>
			<trkpt lat="50.710270" lon="14.597371">
				<ele>291.000000</ele>
			</trkpt>
			<trkpt lat="50.710332" lon="14.597354">
				<ele>291.000000</ele>
			</trkpt>
			<trkpt lat="50.710799" lon="14.597381">
				<ele>294.000000</ele>
			</trkpt>
			<trkpt lat="50.711197" lon="14.597417">
				<ele>296.000000</ele>
			</trkpt>
			<trkpt lat="50.711784" lon="14.597480">
				<ele>298.000000</ele>
			</trkpt>
			<trkpt lat="50.711874" lon="14.597497">
				<ele>299.000000</ele>
			</trkpt>
			<trkpt lat="50.711982" lon="14.597524">
				<ele>299.000000</ele>
			</trkpt>
			<trkpt lat="50.712187" lon="14.597633">
				<ele>300.000000</ele>
			</trkpt>
			<trkpt lat="50.712352" lon="14.597731">
				<ele>301.000000</ele>
			</trkpt>
			<trkpt lat="50.712500" lon="14.597830">
				<ele>303.000000</ele>
			</trkpt>
			<trkpt lat="50.712927" lon="14.598153">
				<ele>306.000000</ele>
			</trkpt>
			<trkpt lat="50.713006" lon="14.598226">
				<ele>307.000000</ele>
			</trkpt>
			<trkpt lat="50.713171" lon="14.598396">
				<ele>309.000000</ele>
			</trkpt>
			<trkpt lat="50.713268" lon="14.598476">
				<ele>310.000000</ele>
			</trkpt>
			<trkpt lat="50.713359" lon="14.598549">
				<ele>312.000000</ele>
			</trkpt>
			<trkpt lat="50.713467" lon="14.598620">
				<ele>313.000000</ele>
			</trkpt>
			<trkpt lat="50.713592" lon="14.598675">
				<ele>315.000000</ele>
			</trkpt>
			<trkpt lat="50.713837" lon="14.598773">
				<ele>319.000000</ele>
			</trkpt>
			<trkpt lat="50.713911" lon="14.598800">
				<ele>320.000000</ele>
			</trkpt>
			<trkpt lat="50.713961" lon="14.598836">
				<ele>320.000000</ele>
			</trkpt>
			<trkpt lat="50.714098" lon="14.599006">
				<ele>322.000000</ele>
			</trkpt>
			<trkpt lat="50.714195" lon="14.599132">
				<ele>323.000000</ele>
			</trkpt>
			<trkpt lat="50.714303" lon="14.599222">
				<ele>324.000000</ele>
			</trkpt>
			<trkpt lat="50.714394" lon="14.599276">
				<ele>325.000000</ele>
			</trkpt>
			<trkpt lat="50.714593" lon="14.599375">
				<ele>327.000000</ele>
			</trkpt>
			<trkpt lat="50.714781" lon="14.599482">
				<ele>328.000000</ele>
			</trkpt>
			<trkpt lat="50.714980" lon="14.599662">
				<ele>330.000000</ele>
			</trkpt>
			<trkpt lat="50.715054" lon="14.599725">
				<ele>330.000000</ele>
			</trkpt>
			<trkpt lat="50.715145" lon="14.599780">
				<ele>330.000000</ele>
			</trkpt>
			<trkpt lat="50.715219" lon="14.599807">
				<ele>331.000000</ele>
			</trkpt>
			<trkpt lat="50.715299" lon="14.599815">
				<ele>331.000000</ele>
			</trkpt>
			<trkpt lat="50.715378" lon="14.599815">
				<ele>331.000000</ele>
			</trkpt>
			<trkpt lat="50.715469" lon="14.599807">
				<ele>332.000000</ele>
			</trkpt>
			<trkpt lat="50.715720" lon="14.599717">
				<ele>333.000000</ele>
			</trkpt>
			<trkpt lat="50.715941" lon="14.599645">
				<ele>333.000000</ele>
			</trkpt>
			<trkpt lat="50.716061" lon="14.599618">
				<ele>334.000000</ele>
			</trkpt>
			<trkpt lat="50.716180" lon="14.599608">
				<ele>334.000000</ele>
			</trkpt>
			<trkpt lat="50.716277" lon="14.599645">
				<ele>335.000000</ele>
			</trkpt>
			<trkpt lat="50.716357" lon="14.599698">
				<ele>335.000000</ele>
			</trkpt>
			<trkpt lat="50.716476" lon="14.599824">
				<ele>336.000000</ele>
			</trkpt>
			<trkpt lat="50.716709" lon="14.600121">
				<ele>339.000000</ele>
			</trkpt>
			<trkpt lat="50.717170" lon="14.600677">
				<ele>345.000000</ele>
			</trkpt>
			<trkpt lat="50.717886" lon="14.601585">
				<ele>355.000000</ele>
			</trkpt>
			<trkpt lat="50.718028" lon="14.601316">
				<ele>355.000000</ele>
			</trkpt>
			<trkpt lat="50.718188" lon="14.600929">
				<ele>356.000000</ele>
			</trkpt>
			<trkpt lat="50.718342" lon="14.600587">
				<ele>357.000000</ele>
			</trkpt>
			<trkpt lat="50.718529" lon="14.600228">
				<ele>359.000000</ele>
			</trkpt>
			<trkpt lat="50.718706" lon="14.599914">
				<ele>360.000000</ele>
			</trkpt>
			<trkpt lat="50.718830" lon="14.599635">
				<ele>361.000000</ele>
			</trkpt>
			<trkpt lat="50.718938" lon="14.599392">
				<ele>362.000000</ele>
			</trkpt>
			<trkpt lat="50.719001" lon="14.599249">
				<ele>362.000000</ele>
			</trkpt>
			<trkpt lat="50.719115" lon="14.599079">
				<ele>363.000000</ele>
			</trkpt>
			<trkpt lat="50.719223" lon="14.598935">
				<ele>363.000000</ele>
			</trkpt>
			<trkpt lat="50.719314" lon="14.598855">
				<ele>364.000000</ele>
			</trkpt>
			<trkpt lat="50.719394" lon="14.598792">
				<ele>364.000000</ele>
			</trkpt>
			<trkpt lat="50.719519" lon="14.598765">
				<ele>365.000000</ele>
			</trkpt>
			<trkpt lat="50.719638" lon="14.598765">
				<ele>365.000000</ele>
			</trkpt>
			<trkpt lat="50.719900" lon="14.598863">
				<ele>367.000000</ele>
			</trkpt>
			<trkpt lat="50.720139" lon="14.598916">
				<ele>369.000000</ele>
			</trkpt>
			<trkpt lat="50.720395" lon="14.598944">
				<ele>370.000000</ele>
			</trkpt>
			<trkpt lat="50.721259" lon="14.598971">
				<ele>372.000000</ele>
			</trkpt>
			<trkpt lat="50.721555" lon="14.598971">
				<ele>373.000000</ele>
			</trkpt>
			<trkpt lat="50.721987" lon="14.598979">
				<ele>374.000000</ele>
			</trkpt>
			<trkpt lat="50.722715" lon="14.598979">
				<ele>375.000000</ele>
			</trkpt>
			<trkpt lat="50.723215" lon="14.598998">
				<ele>375.000000</ele>
			</trkpt>
			<trkpt lat="50.723568" lon="14.598998">
				<ele>375.000000</ele>
			</trkpt>
			<trkpt lat="50.723773" lon="14.598971">
				<ele>375.000000</ele>
			</trkpt>
			<trkpt lat="50.723927" lon="14.598926">
				<ele>375.000000</ele>
			</trkpt>
			<trkpt lat="50.724080" lon="14.598855">
				<ele>375.000000</ele>
			</trkpt>
			<trkpt lat="50.724222" lon="14.598719">
				<ele>375.000000</ele>
			</trkpt>
			<trkpt lat="50.724427" lon="14.598513">
				<ele>375.000000</ele>
			</trkpt>
			<trkpt lat="50.724643" lon="14.598234">
				<ele>375.000000</ele>
			</trkpt>
			<trkpt lat="50.724933" lon="14.597839">
				<ele>375.000000</ele>
			</trkpt>
			<trkpt lat="50.725252" lon="14.597398">
				<ele>375.000000</ele>
			</trkpt>
			<trkpt lat="50.725592" lon="14.596995">
				<ele>375.000000</ele>
			</trkpt>
			<trkpt lat="50.725729" lon="14.596851">
				<ele>374.000000</ele>
			</trkpt>
			<trkpt lat="50.725837" lon="14.596771">
				<ele>374.000000</ele>
			</trkpt>
			<trkpt lat="50.725951" lon="14.596708">
				<ele>374.000000</ele>
			</trkpt>
			<trkpt lat="50.726087" lon="14.596671">
				<ele>373.000000</ele>
			</trkpt>
			<trkpt lat="50.726007" lon="14.596608">
				<ele>372.000000</ele>
			</trkpt>
			<trkpt lat="50.725917" lon="14.596581">
				<ele>372.000000</ele>
			</trkpt>
			<trkpt lat="50.725860" lon="14.596581">
				<ele>371.000000</ele>
			</trkpt>
			<trkpt lat="50.725791" lon="14.596581">
				<ele>371.000000</ele>
			</trkpt>
			<trkpt lat="50.725689" lon="14.596626">
				<ele>370.000000</ele>
			</trkpt>
			<trkpt lat="50.725655" lon="14.596482">
				<ele>370.000000</ele>
			</trkpt>
			<trkpt lat="50.725575" lon="14.596231">
				<ele>369.000000</ele>
			</trkpt>
			<trkpt lat="50.725615" lon="14.596249">
				<ele>368.000000</ele>
			</trkpt>
			<trkpt lat="50.725661" lon="14.596231">
				<ele>368.000000</ele>
			</trkpt>
			<trkpt lat="50.725701" lon="14.596205">
				<ele>368.000000</ele>
			</trkpt>
			<trkpt lat="50.725734" lon="14.596115">
				<ele>368.000000</ele>
			</trkpt>
			<trkpt lat="50.725752" lon="14.595979">
				<ele>367.000000</ele>
			</trkpt>
			<trkpt lat="50.725752" lon="14.595863">
				<ele>367.000000</ele>
			</trkpt>
			<trkpt lat="50.725734" lon="14.595620">
				<ele>366.000000</ele>
			</trkpt>
			<trkpt lat="50.725734" lon="14.595476">
				<ele>366.000000</ele>
			</trkpt>
			<trkpt lat="50.725729" lon="14.595350">
				<ele>365.000000</ele>
			</trkpt>
			<trkpt lat="50.725752" lon="14.595197">
				<ele>364.000000</ele>
			</trkpt>
			<trkpt lat="50.725899" lon="14.595224">
				<ele>362.000000</ele>
			</trkpt>
			<trkpt lat="50.725985" lon="14.595224">
				<ele>361.000000</ele>
			</trkpt>
			<trkpt lat="50.726002" lon="14.595207">
				<ele>361.000000</ele>
			</trkpt>
			<trkpt lat="50.726030" lon="14.595197">
				<ele>361.000000</ele>
			</trkpt>
			<trkpt lat="50.726036" lon="14.595163">
				<ele>361.000000</ele>
			</trkpt>
			<trkpt lat="50.726036" lon="14.595134">
				<ele>360.000000</ele>
			</trkpt>
			<trkpt lat="50.726025" lon="14.595037">
				<ele>360.000000</ele>
			</trkpt>
			<trkpt lat="50.726019" lon="14.594983">
				<ele>359.000000</ele>
			</trkpt>
			<trkpt lat="50.726019" lon="14.594937">
				<ele>359.000000</ele>
			</trkpt>
			<trkpt lat="50.726053" lon="14.594838">
				<ele>358.000000</ele>
			</trkpt>
			<trkpt lat="50.726133" lon="14.594695">
				<ele>357.000000</ele>
			</trkpt>
			<trkpt lat="50.726224" lon="14.594568">
				<ele>356.000000</ele>
			</trkpt>
			<trkpt lat="50.726314" lon="14.594444">
				<ele>355.000000</ele>
			</trkpt>
			<trkpt lat="50.726445" lon="14.594281">
				<ele>354.000000</ele>
			</trkpt>
			<trkpt lat="50.726599" lon="14.594084">
				<ele>352.000000</ele>
			</trkpt>
			<trkpt lat="50.726752" lon="14.593842">
				<ele>350.000000</ele>
			</trkpt>
			<trkpt lat="50.726861" lon="14.593616">
				<ele>349.000000</ele>
			</trkpt>
			<trkpt lat="50.726992" lon="14.593276">
				<ele>347.000000</ele>
			</trkpt>
			<trkpt lat="50.727082" lon="14.593087">
				<ele>346.000000</ele>
			</trkpt>
			<trkpt lat="50.727691" lon="14.591821">
				<ele>341.000000</ele>
			</trkpt>
			<trkpt lat="50.727930" lon="14.591326">
				<ele>340.000000</ele>
			</trkpt>
			<trkpt lat="50.727947" lon="14.591155">
				<ele>340.000000</ele>
			</trkpt>
			<trkpt lat="50.727975" lon="14.590985">
				<ele>339.000000</ele>
			</trkpt>
			<trkpt lat="50.728089" lon="14.590455">
				<ele>337.000000</ele>
			</trkpt>
			<trkpt lat="50.728118" lon="14.590276">
				<ele>337.000000</ele>
			</trkpt>
			<trkpt lat="50.728134" lon="14.590104">
				<ele>336.000000</ele>
			</trkpt>
			<trkpt lat="50.728140" lon="14.589637">
				<ele>335.000000</ele>
			</trkpt>
			<trkpt lat="50.728146" lon="14.589421">
				<ele>334.000000</ele>
			</trkpt>
			<trkpt lat="50.728162" lon="14.589125">
				<ele>334.000000</ele>
			</trkpt>
			<trkpt lat="50.728157" lon="14.588731">
				<ele>333.000000</ele>
			</trkpt>
			<trkpt lat="50.728146" lon="14.588488">
				<ele>332.000000</ele>
			</trkpt>
			<trkpt lat="50.728162" lon="14.588406">
				<ele>332.000000</ele>
			</trkpt>
			<trkpt lat="50.728180" lon="14.588316">
				<ele>331.000000</ele>
			</trkpt>
			<trkpt lat="50.728225" lon="14.588173">
				<ele>331.000000</ele>
			</trkpt>
			<trkpt lat="50.728260" lon="14.588092">
				<ele>331.000000</ele>
			</trkpt>
			<trkpt lat="50.728368" lon="14.587922">
				<ele>330.000000</ele>
			</trkpt>
			<trkpt lat="50.728419" lon="14.587760">
				<ele>330.000000</ele>
			</trkpt>
			<trkpt lat="50.728600" lon="14.587176">
				<ele>328.000000</ele>
			</trkpt>
			<trkpt lat="50.728726" lon="14.586708">
				<ele>327.000000</ele>
			</trkpt>
			<trkpt lat="50.728863" lon="14.585972">
				<ele>324.000000</ele>
			</trkpt>
			<trkpt lat="50.728982" lon="14.585452">
				<ele>322.000000</ele>
			</trkpt>
			<trkpt lat="50.729038" lon="14.585190">
				<ele>321.000000</ele>
			</trkpt>
			<trkpt lat="50.729113" lon="14.584949">
				<ele>320.000000</ele>
			</trkpt>
			<trkpt lat="50.729158" lon="14.584849">
				<ele>320.000000</ele>
			</trkpt>
			<trkpt lat="50.729203" lon="14.584769">
				<ele>320.000000</ele>
			</trkpt>
			<trkpt lat="50.729266" lon="14.584706">
				<ele>320.000000</ele>
			</trkpt>
			<trkpt lat="50.729380" lon="14.584634">
				<ele>320.000000</ele>
			</trkpt>
			<trkpt lat="50.729442" lon="14.584624">
				<ele>320.000000</ele>
			</trkpt>
			<trkpt lat="50.729499" lon="14.584624">
				<ele>320.000000</ele>
			</trkpt>
			<trkpt lat="50.729732" lon="14.584723">
				<ele>321.000000</ele>
			</trkpt>
			<trkpt lat="50.729795" lon="14.584714">
				<ele>321.000000</ele>
			</trkpt>
			<trkpt lat="50.729857" lon="14.584714">
				<ele>321.000000</ele>
			</trkpt>
			<trkpt lat="50.729937" lon="14.584706">
				<ele>322.000000</ele>
			</trkpt>
			<trkpt lat="50.730010" lon="14.584660">
				<ele>322.000000</ele>
			</trkpt>
			<trkpt lat="50.730074" lon="14.584607">
				<ele>323.000000</ele>
			</trkpt>
			<trkpt lat="50.730170" lon="14.584473">
				<ele>323.000000</ele>
			</trkpt>
			<trkpt lat="50.730591" lon="14.583789">
				<ele>325.000000</ele>
			</trkpt>
			<trkpt lat="50.730819" lon="14.583465">
				<ele>324.000000</ele>
			</trkpt>
			<trkpt lat="50.731028" lon="14.583161">
				<ele>322.000000</ele>
			</trkpt>
			<trkpt lat="50.731193" lon="14.582963">
				<ele>321.000000</ele>
			</trkpt>
			<trkpt lat="50.731364" lon="14.582775">
				<ele>320.000000</ele>
			</trkpt>
			<trkpt lat="50.731768" lon="14.582360">
				<ele>321.000000</ele>
			</trkpt>
			<trkpt lat="50.731836" lon="14.582262">
				<ele>322.000000</ele>
			</trkpt>
			<trkpt lat="50.731881" lon="14.582163">
				<ele>322.000000</ele>
			</trkpt>
			<trkpt lat="50.731916" lon="14.582064">
				<ele>323.000000</ele>
			</trkpt>
			<trkpt lat="50.732080" lon="14.582119">
				<ele>324.000000</ele>
			</trkpt>
			<trkpt lat="50.732274" lon="14.582047">
				<ele>324.000000</ele>
			</trkpt>
			<trkpt lat="50.732342" lon="14.582029">
				<ele>324.000000</ele>
			</trkpt>
			<trkpt lat="50.732427" lon="14.582029">
				<ele>324.000000</ele>
			</trkpt>
			<trkpt lat="50.732501" lon="14.582020">
				<ele>324.000000</ele>
			</trkpt>
			<trkpt lat="50.732564" lon="14.582020">
				<ele>324.000000</ele>
			</trkpt>
			<trkpt lat="50.732888" lon="14.582100">
				<ele>332.000000</ele>
			</trkpt>
			<trkpt lat="50.732962" lon="14.582100">
				<ele>335.000000</ele>
			</trkpt>
			<trkpt lat="50.733013" lon="14.582056">
				<ele>335.000000</ele>
			</trkpt>
			<trkpt lat="50.733058" lon="14.582037">
				<ele>335.000000</ele>
			</trkpt>
			<trkpt lat="50.733200" lon="14.581966">
				<ele>335.000000</ele>
			</trkpt>
			<trkpt lat="50.733349" lon="14.581957">
				<ele>335.000000</ele>
			</trkpt>
			<trkpt lat="50.733371" lon="14.581939">
				<ele>335.000000</ele>
			</trkpt>
			<trkpt lat="50.733394" lon="14.581894">
				<ele>335.000000</ele>
			</trkpt>
			<trkpt lat="50.733434" lon="14.581741">
				<ele>335.000000</ele>
			</trkpt>
			<trkpt lat="50.733445" lon="14.581670">
				<ele>335.000000</ele>
			</trkpt>
			<trkpt lat="50.733445" lon="14.581580">
				<ele>334.000000</ele>
			</trkpt>
			<trkpt lat="50.733445" lon="14.581408">
				<ele>333.000000</ele>
			</trkpt>
			<trkpt lat="50.733451" lon="14.581310">
				<ele>333.000000</ele>
			</trkpt>
			<trkpt lat="50.733485" lon="14.581228">
				<ele>332.000000</ele>
			</trkpt>
			<trkpt lat="50.733530" lon="14.581131">
				<ele>332.000000</ele>
			</trkpt>
			<trkpt lat="50.733542" lon="14.581014">
				<ele>331.000000</ele>
			</trkpt>
			<trkpt lat="50.733548" lon="14.580672">
				<ele>329.000000</ele>
			</trkpt>
			<trkpt lat="50.733536" lon="14.580402">
				<ele>326.000000</ele>
			</trkpt>
			<trkpt lat="50.733519" lon="14.580169">
				<ele>323.000000</ele>
			</trkpt>
			<trkpt lat="50.733485" lon="14.579909">
				<ele>320.000000</ele>
			</trkpt>
			<trkpt lat="50.733411" lon="14.579603">
				<ele>318.000000</ele>
			</trkpt>
			<trkpt lat="50.733354" lon="14.579387">
				<ele>317.000000</ele>
			</trkpt>
			<trkpt lat="50.733292" lon="14.579173">
				<ele>316.000000</ele>
			</trkpt>
			<trkpt lat="50.733189" lon="14.578911">
				<ele>310.000000</ele>
			</trkpt>
			<trkpt lat="50.733121" lon="14.578821">
				<ele>310.000000</ele>
			</trkpt>
			<trkpt lat="50.733064" lon="14.578714">
				<ele>310.000000</ele>
			</trkpt>
			<trkpt lat="50.733019" lon="14.578544">
				<ele>310.000000</ele>
			</trkpt>
			<trkpt lat="50.732962" lon="14.578255">
				<ele>306.000000</ele>
			</trkpt>
			<trkpt lat="50.733098" lon="14.578041">
				<ele>304.000000</ele>
			</trkpt>
			<trkpt lat="50.733337" lon="14.577662">
				<ele>298.000000</ele>
			</trkpt>
			<trkpt lat="50.733406" lon="14.577591">
				<ele>296.000000</ele>
			</trkpt>
			<trkpt lat="50.733468" lon="14.577546">
				<ele>295.000000</ele>
			</trkpt>
			<trkpt lat="50.733548" lon="14.577528">
				<ele>294.000000</ele>
			</trkpt>
			<trkpt lat="50.733690" lon="14.577528">
				<ele>293.000000</ele>
			</trkpt>
			<trkpt lat="50.733780" lon="14.577510">
				<ele>292.000000</ele>
			</trkpt>
			<trkpt lat="50.733860" lon="14.577475">
				<ele>291.000000</ele>
			</trkpt>
			<trkpt lat="50.734122" lon="14.577240">
				<ele>289.000000</ele>
			</trkpt>
			<trkpt lat="50.734452" lon="14.576926">
				<ele>285.000000</ele>
			</trkpt>
			<trkpt lat="50.734867" lon="14.576494">
				<ele>281.000000</ele>
			</trkpt>
			<trkpt lat="50.734906" lon="14.576396">
				<ele>281.000000</ele>
			</trkpt>
			<trkpt lat="50.734929" lon="14.576315">
				<ele>281.000000</ele>
			</trkpt>
			<trkpt lat="50.734935" lon="14.576217">
				<ele>281.000000</ele>
			</trkpt>
			<trkpt lat="50.734924" lon="14.576100">
				<ele>281.000000</ele>
			</trkpt>
			<trkpt lat="50.734872" lon="14.575777">
				<ele>281.000000</ele>
			</trkpt>
			<trkpt lat="50.734849" lon="14.575552">
				<ele>281.000000</ele>
			</trkpt>
			<trkpt lat="50.734844" lon="14.575462">
				<ele>281.000000</ele>
			</trkpt>
			<trkpt lat="50.734832" lon="14.575318">
				<ele>280.000000</ele>
			</trkpt>
			<trkpt lat="50.734832" lon="14.575219">
				<ele>280.000000</ele>
			</trkpt>
			<trkpt lat="50.734849" lon="14.575121">
				<ele>280.000000</ele>
			</trkpt>
			<trkpt lat="50.734878" lon="14.575022">
				<ele>280.000000</ele>
			</trkpt>
			<trkpt lat="50.735026" lon="14.574582">
				<ele>280.000000</ele>
			</trkpt>
			<trkpt lat="50.735162" lon="14.574267">
				<ele>280.000000</ele>
			</trkpt>
			<trkpt lat="50.735253" lon="14.574070">
				<ele>280.000000</ele>
			</trkpt>
			<trkpt lat="50.735316" lon="14.573873">
				<ele>280.000000</ele>
			</trkpt>
			<trkpt lat="50.735355" lon="14.573674">
				<ele>280.000000</ele>
			</trkpt>
			<trkpt lat="50.735384" lon="14.573431">
				<ele>280.000000</ele>
			</trkpt>
			<trkpt lat="50.735401" lon="14.573162">
				<ele>280.000000</ele>
			</trkpt>
			<trkpt lat="50.735418" lon="14.572605">
				<ele>280.000000</ele>
			</trkpt>
			<trkpt lat="50.735526" lon="14.572651">
				<ele>280.000000</ele>
			</trkpt>
			<trkpt lat="50.735651" lon="14.572704">
				<ele>280.000000</ele>
			</trkpt>
			<trkpt lat="50.735697" lon="14.572408">
				<ele>280.000000</ele>
			</trkpt>
			<trkpt lat="50.735714" lon="14.572228">
				<ele>280.000000</ele>
			</trkpt>
			<trkpt lat="50.735714" lon="14.572057">
				<ele>280.000000</ele>
			</trkpt>
			<trkpt lat="50.735691" lon="14.571886">
				<ele>280.000000</ele>
			</trkpt>
			<trkpt lat="50.735600" lon="14.571357">
				<ele>281.000000</ele>
			</trkpt>
			<trkpt lat="50.735566" lon="14.571150">
				<ele>282.000000</ele>
			</trkpt>
			<trkpt lat="50.735555" lon="14.571007">
				<ele>283.000000</ele>
			</trkpt>
			<trkpt lat="50.735537" lon="14.570881">
				<ele>284.000000</ele>
			</trkpt>
			<trkpt lat="50.735537" lon="14.570781">
				<ele>284.000000</ele>
			</trkpt>
			<trkpt lat="50.735555" lon="14.570691">
				<ele>285.000000</ele>
			</trkpt>
			<trkpt lat="50.735583" lon="14.570584">
				<ele>285.000000</ele>
			</trkpt>
			<trkpt lat="50.735622" lon="14.570414">
				<ele>286.000000</ele>
			</trkpt>
			<trkpt lat="50.735759" lon="14.569982">
				<ele>288.000000</ele>
			</trkpt>
			<trkpt lat="50.735828" lon="14.569712">
				<ele>289.000000</ele>
			</trkpt>
			<trkpt lat="50.735884" lon="14.569443">
				<ele>290.000000</ele>
			</trkpt>
			<trkpt lat="50.735935" lon="14.569173">
				<ele>291.000000</ele>
			</trkpt>
			<trkpt lat="50.735981" lon="14.568877">
				<ele>292.000000</ele>
			</trkpt>
			<trkpt lat="50.736094" lon="14.568294">
				<ele>295.000000</ele>
			</trkpt>
			<trkpt lat="50.736135" lon="14.567970">
				<ele>296.000000</ele>
			</trkpt>
			<trkpt lat="50.736145" lon="14.567827">
				<ele>297.000000</ele>
			</trkpt>
			<trkpt lat="50.736135" lon="14.567728">
				<ele>297.000000</ele>
			</trkpt>
			<trkpt lat="50.737214" lon="14.566856">
				<ele>300.000000</ele>
			</trkpt>
			<trkpt lat="50.737425" lon="14.566667">
				<ele>299.000000</ele>
			</trkpt>
			<trkpt lat="50.737533" lon="14.566550">
				<ele>299.000000</ele>
			</trkpt>
			<trkpt lat="50.737652" lon="14.566399">
				<ele>298.000000</ele>
			</trkpt>
			<trkpt lat="50.737999" lon="14.565859">
				<ele>296.000000</ele>
			</trkpt>
			<trkpt lat="50.738312" lon="14.565410">
				<ele>295.000000</ele>
			</trkpt>
			<trkpt lat="50.738306" lon="14.565338">
				<ele>295.000000</ele>
			</trkpt>
			<trkpt lat="50.738306" lon="14.565239">
				<ele>295.000000</ele>
			</trkpt>
			<trkpt lat="50.738323" lon="14.565158">
				<ele>294.000000</ele>
			</trkpt>
			<trkpt lat="50.738408" lon="14.564871">
				<ele>293.000000</ele>
			</trkpt>
			<trkpt lat="50.738505" lon="14.564601">
				<ele>292.000000</ele>
			</trkpt>
			<trkpt lat="50.738579" lon="14.564458">
				<ele>291.000000</ele>
			</trkpt>
			<trkpt lat="50.738642" lon="14.564359">
				<ele>291.000000</ele>
			</trkpt>
			<trkpt lat="50.738778" lon="14.564233">
				<ele>290.000000</ele>
			</trkpt>
			<trkpt lat="50.738783" lon="14.563946">
				<ele>290.000000</ele>
			</trkpt>
			<trkpt lat="50.738801" lon="14.563775">
				<ele>291.000000</ele>
			</trkpt>
			<trkpt lat="50.738829" lon="14.563649">
				<ele>291.000000</ele>
			</trkpt>
			<trkpt lat="50.738914" lon="14.563407">
				<ele>292.000000</ele>
			</trkpt>
			<trkpt lat="50.738925" lon="14.563334">
				<ele>292.000000</ele>
			</trkpt>
			<trkpt lat="50.738937" lon="14.563254">
				<ele>292.000000</ele>
			</trkpt>
			<trkpt lat="50.738932" lon="14.563110">
				<ele>293.000000</ele>
			</trkpt>
			<trkpt lat="50.738914" lon="14.562967">
				<ele>293.000000</ele>
			</trkpt>
			<trkpt lat="50.738897" lon="14.562841">
				<ele>293.000000</ele>
			</trkpt>
			<trkpt lat="50.738812" lon="14.562472">
				<ele>294.000000</ele>
			</trkpt>
			<trkpt lat="50.738789" lon="14.562230">
				<ele>295.000000</ele>
			</trkpt>
			<trkpt lat="50.738795" lon="14.562051">
				<ele>295.000000</ele>
			</trkpt>
			<trkpt lat="50.738829" lon="14.561655">
				<ele>295.000000</ele>
			</trkpt>
			<trkpt lat="50.738835" lon="14.561187">
				<ele>295.000000</ele>
			</trkpt>
			<trkpt lat="50.738852" lon="14.561017">
				<ele>295.000000</ele>
			</trkpt>
			<trkpt lat="50.738954" lon="14.561017">
				<ele>295.000000</ele>
			</trkpt>
			<trkpt lat="50.739034" lon="14.561026">
				<ele>295.000000</ele>
			</trkpt>
			<trkpt lat="50.739113" lon="14.561053">
				<ele>295.000000</ele>
			</trkpt>
			<trkpt lat="50.739204" lon="14.561099">
				<ele>295.000000</ele>
			</trkpt>
			<trkpt lat="50.739432" lon="14.561233">
				<ele>295.000000</ele>
			</trkpt>
			<trkpt lat="50.739585" lon="14.561305">
				<ele>295.000000</ele>
			</trkpt>
			<trkpt lat="50.739585" lon="14.561223">
				<ele>295.000000</ele>
			</trkpt>
			<trkpt lat="50.739620" lon="14.561017">
				<ele>295.000000</ele>
			</trkpt>
			<trkpt lat="50.739699" lon="14.561035">
				<ele>295.000000</ele>
			</trkpt>
			<trkpt lat="50.739762" lon="14.561035">
				<ele>295.000000</ele>
			</trkpt>
			<trkpt lat="50.739824" lon="14.561009">
				<ele>295.000000</ele>
			</trkpt>
			<trkpt lat="50.739886" lon="14.560946">
				<ele>295.000000</ele>
			</trkpt>
			<trkpt lat="50.740102" lon="14.560747">
				<ele>295.000000</ele>
			</trkpt>
			<trkpt lat="50.740148" lon="14.560703">
				<ele>295.000000</ele>
			</trkpt>
			<trkpt lat="50.740177" lon="14.560630">
				<ele>295.000000</ele>
			</trkpt>
			<trkpt lat="50.740194" lon="14.560550">
				<ele>295.000000</ele>
			</trkpt>
			<trkpt lat="50.740210" lon="14.560451">
				<ele>295.000000</ele>
			</trkpt>
			<trkpt lat="50.740244" lon="14.560137">
				<ele>295.000000</ele>
			</trkpt>
			<trkpt lat="50.740256" lon="14.560065">
				<ele>295.000000</ele>
			</trkpt>
			<trkpt lat="50.740273" lon="14.560020">
				<ele>295.000000</ele>
			</trkpt>
			<trkpt lat="50.740352" lon="14.559894">
				<ele>295.000000</ele>
			</trkpt>
			<trkpt lat="50.740415" lon="14.559814">
				<ele>295.000000</ele>
			</trkpt>
			<trkpt lat="50.740483" lon="14.559768">
				<ele>295.000000</ele>
			</trkpt>
			<trkpt lat="50.740574" lon="14.559724">
				<ele>295.000000</ele>
			</trkpt>
			<trkpt lat="50.740666" lon="14.559634">
				<ele>295.000000</ele>
			</trkpt>
			<trkpt lat="50.740739" lon="14.559562">
				<ele>295.000000</ele>
			</trkpt>
			<trkpt lat="50.740836" lon="14.559491">
				<ele>295.000000</ele>
			</trkpt>
			<trkpt lat="50.740978" lon="14.559436">
				<ele>295.000000</ele>
			</trkpt>
			<trkpt lat="50.741024" lon="14.559418">
				<ele>295.000000</ele>
			</trkpt>
			<trkpt lat="50.741081" lon="14.559436">
				<ele>295.000000</ele>
			</trkpt>
			<trkpt lat="50.741114" lon="14.558978">
				<ele>300.000000</ele>
			</trkpt>
			<trkpt lat="50.741228" lon="14.558951">
				<ele>300.000000</ele>
			</trkpt>
			<trkpt lat="50.741376" lon="14.558951">
				<ele>300.000000</ele>
			</trkpt>
			<trkpt lat="50.741455" lon="14.558933">
				<ele>300.000000</ele>
			</trkpt>
			<trkpt lat="50.741490" lon="14.558906">
				<ele>300.000000</ele>
			</trkpt>
			<trkpt lat="50.741518" lon="14.558862">
				<ele>300.000000</ele>
			</trkpt>
			<trkpt lat="50.741581" lon="14.558762">
				<ele>300.000000</ele>
			</trkpt>
			<trkpt lat="50.741626" lon="14.558592">
				<ele>301.000000</ele>
			</trkpt>
			<trkpt lat="50.741677" lon="14.558394">
				<ele>301.000000</ele>
			</trkpt>
			<trkpt lat="50.741723" lon="14.558250">
				<ele>301.000000</ele>
			</trkpt>
			<trkpt lat="50.741774" lon="14.558124">
				<ele>301.000000</ele>
			</trkpt>
			<trkpt lat="50.741865" lon="14.557963">
				<ele>301.000000</ele>
			</trkpt>
			<trkpt lat="50.741944" lon="14.557854">
				<ele>301.000000</ele>
			</trkpt>
			<trkpt lat="50.741979" lon="14.557828">
				<ele>301.000000</ele>
			</trkpt>
			<trkpt lat="50.742024" lon="14.557793">
				<ele>302.000000</ele>
			</trkpt>
			<trkpt lat="50.742126" lon="14.557783">
				<ele>302.000000</ele>
			</trkpt>
			<trkpt lat="50.742257" lon="14.557793">
				<ele>302.000000</ele>
			</trkpt>
			<trkpt lat="50.742564" lon="14.557820">
				<ele>302.000000</ele>
			</trkpt>
			<trkpt lat="50.742655" lon="14.557846">
				<ele>303.000000</ele>
			</trkpt>
			<trkpt lat="50.742860" lon="14.557971">
				<ele>303.000000</ele>
			</trkpt>
			<trkpt lat="50.742945" lon="14.558017">
				<ele>303.000000</ele>
			</trkpt>
			<trkpt lat="50.743053" lon="14.558053">
				<ele>303.000000</ele>
			</trkpt>
			<trkpt lat="50.743275" lon="14.558080">
				<ele>304.000000</ele>
			</trkpt>
			<trkpt lat="50.743366" lon="14.558080">
				<ele>304.000000</ele>
			</trkpt>
			<trkpt lat="50.743428" lon="14.558053">
				<ele>304.000000</ele>
			</trkpt>
			<trkpt lat="50.743462" lon="14.558007">
				<ele>304.000000</ele>
			</trkpt>
			<trkpt lat="50.743502" lon="14.557954">
				<ele>304.000000</ele>
			</trkpt>
			<trkpt lat="50.743616" lon="14.557657">
				<ele>304.000000</ele>
			</trkpt>
			<trkpt lat="50.743724" lon="14.557424">
				<ele>305.000000</ele>
			</trkpt>
			<trkpt lat="50.743866" lon="14.557172">
				<ele>305.000000</ele>
			</trkpt>
			<trkpt lat="50.744019" lon="14.556912">
				<ele>306.000000</ele>
			</trkpt>
			<trkpt lat="50.744486" lon="14.556212">
				<ele>308.000000</ele>
			</trkpt>
			<trkpt lat="50.744610" lon="14.555996">
				<ele>308.000000</ele>
			</trkpt>
			<trkpt lat="50.744707" lon="14.555798">
				<ele>309.000000</ele>
			</trkpt>
			<trkpt lat="50.744849" lon="14.555573">
				<ele>309.000000</ele>
			</trkpt>
			<trkpt lat="50.745003" lon="14.555376">
				<ele>310.000000</ele>
			</trkpt>
			<trkpt lat="50.745117" lon="14.555259">
				<ele>311.000000</ele>
			</trkpt>
			<trkpt lat="50.745264" lon="14.555160">
				<ele>312.000000</ele>
			</trkpt>
			<trkpt lat="50.745389" lon="14.555115">
				<ele>312.000000</ele>
			</trkpt>
			<trkpt lat="50.745542" lon="14.555080">
				<ele>313.000000</ele>
			</trkpt>
			<trkpt lat="50.745702" lon="14.555070">
				<ele>314.000000</ele>
			</trkpt>
			<trkpt lat="50.746088" lon="14.555080">
				<ele>317.000000</ele>
			</trkpt>
			<trkpt lat="50.746458" lon="14.555106">
				<ele>321.000000</ele>
			</trkpt>
			<trkpt lat="50.746657" lon="14.555088">
				<ele>323.000000</ele>
			</trkpt>
			<trkpt lat="50.746935" lon="14.555025">
				<ele>325.000000</ele>
			</trkpt>
			<trkpt lat="50.747004" lon="14.554998">
				<ele>325.000000</ele>
			</trkpt>
			<trkpt lat="50.747049" lon="14.554971">
				<ele>325.000000</ele>
			</trkpt>
			<trkpt lat="50.747174" lon="14.554828">
				<ele>326.000000</ele>
			</trkpt>
			<trkpt lat="50.747282" lon="14.554728">
				<ele>326.000000</ele>
			</trkpt>
			<trkpt lat="50.747470" lon="14.554522">
				<ele>327.000000</ele>
			</trkpt>
			<trkpt lat="50.747572" lon="14.554441">
				<ele>327.000000</ele>
			</trkpt>
			<trkpt lat="50.747635" lon="14.554451">
				<ele>327.000000</ele>
			</trkpt>
			<trkpt lat="50.747794" lon="14.554414">
				<ele>328.000000</ele>
			</trkpt>
			<trkpt lat="50.748009" lon="14.554334">
				<ele>329.000000</ele>
			</trkpt>
			<trkpt lat="50.748101" lon="14.554279">
				<ele>329.000000</ele>
			</trkpt>
			<trkpt lat="50.748152" lon="14.554262">
				<ele>329.000000</ele>
			</trkpt>
			<trkpt lat="50.748191" lon="14.554262">
				<ele>329.000000</ele>
			</trkpt>
			<trkpt lat="50.748271" lon="14.554225">
				<ele>329.000000</ele>
			</trkpt>
			<trkpt lat="50.748379" lon="14.554181">
				<ele>330.000000</ele>
			</trkpt>
			<trkpt lat="50.748459" lon="14.554118">
				<ele>330.000000</ele>
			</trkpt>
			<trkpt lat="50.748532" lon="14.554064">
				<ele>331.000000</ele>
			</trkpt>
			<trkpt lat="50.748601" lon="14.554019">
				<ele>332.000000</ele>
			</trkpt>
			<trkpt lat="50.748834" lon="14.553965">
				<ele>334.000000</ele>
			</trkpt>
			<trkpt lat="50.748925" lon="14.553956">
				<ele>335.000000</ele>
			</trkpt>
			<trkpt lat="50.749016" lon="14.553975">
				<ele>336.000000</ele>
			</trkpt>
			<trkpt lat="50.749106" lon="14.554019">
				<ele>337.000000</ele>
			</trkpt>
			<trkpt lat="50.749260" lon="14.554101">
				<ele>340.000000</ele>
			</trkpt>
			<trkpt lat="50.749351" lon="14.554136">
				<ele>341.000000</ele>
			</trkpt>
			<trkpt lat="50.749414" lon="14.554154">
				<ele>342.000000</ele>
			</trkpt>
			<trkpt lat="50.749675" lon="14.554181">
				<ele>346.000000</ele>
			</trkpt>
			<trkpt lat="50.749925" lon="14.554190">
				<ele>350.000000</ele>
			</trkpt>
			<trkpt lat="50.750112" lon="14.554235">
				<ele>353.000000</ele>
			</trkpt>
			<trkpt lat="50.750511" lon="14.554271">
				<ele>358.000000</ele>
			</trkpt>
			<trkpt lat="50.750698" lon="14.554271">
				<ele>361.000000</ele>
			</trkpt>
			<trkpt lat="50.750925" lon="14.554208">
				<ele>364.000000</ele>
			</trkpt>
			<trkpt lat="50.751056" lon="14.554199">
				<ele>366.000000</ele>
			</trkpt>
			<trkpt lat="50.751227" lon="14.554190">
				<ele>369.000000</ele>
			</trkpt>
			<trkpt lat="50.751380" lon="14.554208">
				<ele>370.000000</ele>
			</trkpt>
			<trkpt lat="50.751471" lon="14.554244">
				<ele>371.000000</ele>
			</trkpt>
			<trkpt lat="50.752056" lon="14.553776">
				<ele>373.000000</ele>
			</trkpt>
			<trkpt lat="50.752966" lon="14.554432">
				<ele>368.000000</ele>
			</trkpt>
			<trkpt lat="50.753346" lon="14.554701">
				<ele>365.000000</ele>
			</trkpt>
			<trkpt lat="50.753460" lon="14.554783">
				<ele>365.000000</ele>
			</trkpt>
			<trkpt lat="50.753642" lon="14.554917">
				<ele>364.000000</ele>
			</trkpt>
			<trkpt lat="50.753824" lon="14.555061">
				<ele>363.000000</ele>
			</trkpt>
			<trkpt lat="50.753949" lon="14.555143">
				<ele>363.000000</ele>
			</trkpt>
			<trkpt lat="50.754120" lon="14.555286">
				<ele>362.000000</ele>
			</trkpt>
			<trkpt lat="50.754290" lon="14.555411">
				<ele>361.000000</ele>
			</trkpt>
			<trkpt lat="50.755068" lon="14.555996">
				<ele>363.000000</ele>
			</trkpt>
			<trkpt lat="50.755444" lon="14.556283">
				<ele>364.000000</ele>
			</trkpt>
			<trkpt lat="50.755819" lon="14.556562">
				<ele>365.000000</ele>
			</trkpt>
			<trkpt lat="50.757188" lon="14.557550">
				<ele>365.000000</ele>
			</trkpt>
			<trkpt lat="50.757268" lon="14.557621">
				<ele>365.000000</ele>
			</trkpt>
			<trkpt lat="50.757342" lon="14.557711">
				<ele>365.000000</ele>
			</trkpt>
			<trkpt lat="50.757410" lon="14.557820">
				<ele>365.000000</ele>
			</trkpt>
			<trkpt lat="50.757500" lon="14.557971">
				<ele>363.000000</ele>
			</trkpt>
			<trkpt lat="50.757739" lon="14.558483">
				<ele>360.000000</ele>
			</trkpt>
			<trkpt lat="50.758626" lon="14.557441">
				<ele>362.000000</ele>
			</trkpt>
			<trkpt lat="50.758756" lon="14.557298">
				<ele>362.000000</ele>
			</trkpt>
			<trkpt lat="50.758813" lon="14.557227">
				<ele>362.000000</ele>
			</trkpt>
			<trkpt lat="50.758859" lon="14.557128">
				<ele>362.000000</ele>
			</trkpt>
			<trkpt lat="50.758905" lon="14.556957">
				<ele>362.000000</ele>
			</trkpt>
			<trkpt lat="50.758972" lon="14.556642">
				<ele>362.000000</ele>
			</trkpt>
			<trkpt lat="50.759109" lon="14.556714">
				<ele>364.000000</ele>
			</trkpt>
			<trkpt lat="50.759325" lon="14.556849">
				<ele>364.000000</ele>
			</trkpt>
			<trkpt lat="50.759587" lon="14.557038">
				<ele>364.000000</ele>
			</trkpt>
			<trkpt lat="50.759654" lon="14.556678">
				<ele>364.000000</ele>
			</trkpt>
			<trkpt lat="50.759893" lon="14.556831">
				<ele>365.000000</ele>
			</trkpt>
			<trkpt lat="50.760132" lon="14.556984">
				<ele>365.000000</ele>
			</trkpt>
			<trkpt lat="50.760205" lon="14.557028">
				<ele>366.000000</ele>
			</trkpt>
			<trkpt lat="50.760439" lon="14.557208">
				<ele>366.000000</ele>
			</trkpt>
			<trkpt lat="50.760518" lon="14.556912">
				<ele>366.000000</ele>
			</trkpt>
			<trkpt lat="50.760728" lon="14.557082">
				<ele>365.000000</ele>
			</trkpt>
			<trkpt lat="50.760836" lon="14.557091">
				<ele>365.000000</ele>
			</trkpt>
			<trkpt lat="50.760871" lon="14.557118">
				<ele>366.000000</ele>
			</trkpt>
		</trkseg>
	</trk>
</gpx>

