<?xml version="1.0" encoding="utf-8"?>
<gpx xmlns="http://www.topografix.com/GPX/1/1" version="1.1" creator="https://mapy.com/">
	<trk>
		<name>Route from Hřensko, nábř. to Liberecká</name>
		<trkseg>
			<trkpt lat="50.873320" lon="14.235620">
				<ele>125.000000</ele>
			</trkpt>
			<trkpt lat="50.873196" lon="14.235548">
				<ele>125.000000</ele>
			</trkpt>
			<trkpt lat="50.873161" lon="14.235737">
				<ele>130.000000</ele>
			</trkpt>
			<trkpt lat="50.873320" lon="14.235827">
				<ele>129.000000</ele>
			</trkpt>
			<trkpt lat="50.873575" lon="14.235980">
				<ele>127.000000</ele>
			</trkpt>
			<trkpt lat="50.874079" lon="14.236286">
				<ele>125.000000</ele>
			</trkpt>
			<trkpt lat="50.874114" lon="14.236106">
				<ele>125.000000</ele>
			</trkpt>
			<trkpt lat="50.874159" lon="14.236133">
				<ele>125.000000</ele>
			</trkpt>
			<trkpt lat="50.874368" lon="14.236258">
				<ele>125.000000</ele>
			</trkpt>
			<trkpt lat="50.874414" lon="14.236267">
				<ele>125.000000</ele>
			</trkpt>
			<trkpt lat="50.874358" lon="14.236410">
				<ele>125.000000</ele>
			</trkpt>
			<trkpt lat="50.874261" lon="14.236707">
				<ele>125.000000</ele>
			</trkpt>
			<trkpt lat="50.874227" lon="14.236852">
				<ele>125.000000</ele>
			</trkpt>
			<trkpt lat="50.874210" lon="14.236986">
				<ele>125.000000</ele>
			</trkpt>
			<trkpt lat="50.874159" lon="14.237238">
				<ele>125.000000</ele>
			</trkpt>
			<trkpt lat="50.874102" lon="14.237471">
				<ele>125.000000</ele>
			</trkpt>
			<trkpt lat="50.874034" lon="14.237678">
				<ele>125.000000</ele>
			</trkpt>
			<trkpt lat="50.873892" lon="14.238037">
				<ele>125.000000</ele>
			</trkpt>
			<trkpt lat="50.873841" lon="14.238271">
				<ele>125.000000</ele>
			</trkpt>
			<trkpt lat="50.873790" lon="14.238540">
				<ele>125.000000</ele>
			</trkpt>
			<trkpt lat="50.873762" lon="14.238818">
				<ele>125.000000</ele>
			</trkpt>
			<trkpt lat="50.873756" lon="14.239106">
				<ele>125.000000</ele>
			</trkpt>
			<trkpt lat="50.873751" lon="14.239330">
				<ele>125.000000</ele>
			</trkpt>
			<trkpt lat="50.873768" lon="14.239590">
				<ele>125.000000</ele>
			</trkpt>
			<trkpt lat="50.873808" lon="14.239833">
				<ele>125.000000</ele>
			</trkpt>
			<trkpt lat="50.873955" lon="14.240642">
				<ele>125.000000</ele>
			</trkpt>
			<trkpt lat="50.874017" lon="14.240875">
				<ele>125.000000</ele>
			</trkpt>
			<trkpt lat="50.874057" lon="14.241136">
				<ele>125.000000</ele>
			</trkpt>
			<trkpt lat="50.874102" lon="14.241414">
				<ele>125.000000</ele>
			</trkpt>
			<trkpt lat="50.874130" lon="14.241773">
				<ele>125.000000</ele>
			</trkpt>
			<trkpt lat="50.874171" lon="14.241989">
				<ele>125.000000</ele>
			</trkpt>
			<trkpt lat="50.874244" lon="14.242313">
				<ele>125.000000</ele>
			</trkpt>
			<trkpt lat="50.874335" lon="14.242609">
				<ele>125.000000</ele>
			</trkpt>
			<trkpt lat="50.874522" lon="14.243121">
				<ele>125.000000</ele>
			</trkpt>
			<trkpt lat="50.874618" lon="14.243400">
				<ele>125.000000</ele>
			</trkpt>
			<trkpt lat="50.874731" lon="14.243795">
				<ele>125.000000</ele>
			</trkpt>
			<trkpt lat="50.874816" lon="14.244110">
				<ele>125.000000</ele>
			</trkpt>
			<trkpt lat="50.874907" lon="14.244504">
				<ele>125.000000</ele>
			</trkpt>
			<trkpt lat="50.875021" lon="14.245152">
				<ele>125.000000</ele>
			</trkpt>
			<trkpt lat="50.875156" lon="14.245888">
				<ele>125.000000</ele>
			</trkpt>
			<trkpt lat="50.875253" lon="14.246471">
				<ele>125.000000</ele>
			</trkpt>
			<trkpt lat="50.875338" lon="14.246913">
				<ele>125.000000</ele>
			</trkpt>
			<trkpt lat="50.875361" lon="14.247064">
				<ele>125.000000</ele>
			</trkpt>
			<trkpt lat="50.875372" lon="14.247200">
				<ele>125.000000</ele>
			</trkpt>
			<trkpt lat="50.875366" lon="14.247334">
				<ele>125.000000</ele>
			</trkpt>
			<trkpt lat="50.875355" lon="14.247469">
				<ele>125.000000</ele>
			</trkpt>
			<trkpt lat="50.875338" lon="14.247595">
				<ele>125.000000</ele>
			</trkpt>
			<trkpt lat="50.875315" lon="14.247712">
				<ele>125.000000</ele>
			</trkpt>
			<trkpt lat="50.875276" lon="14.247838">
				<ele>125.000000</ele>
			</trkpt>
			<trkpt lat="50.875225" lon="14.247981">
				<ele>125.000000</ele>
			</trkpt>
			<trkpt lat="50.875100" lon="14.248295">
				<ele>125.000000</ele>
			</trkpt>
			<trkpt lat="50.875032" lon="14.248439">
				<ele>125.000000</ele>
			</trkpt>
			<trkpt lat="50.874930" lon="14.248601">
				<ele>125.000000</ele>
			</trkpt>
			<trkpt lat="50.874816" lon="14.248745">
				<ele>125.000000</ele>
			</trkpt>
			<trkpt lat="50.874703" lon="14.248852">
				<ele>125.000000</ele>
			</trkpt>
			<trkpt lat="50.874555" lon="14.248970">
				<ele>125.000000</ele>
			</trkpt>
			<trkpt lat="50.874460" lon="14.249077">
				<ele>125.000000</ele>
			</trkpt>
			<trkpt lat="50.874397" lon="14.249176">
				<ele>125.000000</ele>
			</trkpt>
			<trkpt lat="50.874289" lon="14.249347">
				<ele>125.000000</ele>
			</trkpt>
			<trkpt lat="50.874193" lon="14.249536">
				<ele>125.000000</ele>
			</trkpt>
			<trkpt lat="50.874119" lon="14.249661">
				<ele>125.000000</ele>
			</trkpt>
			<trkpt lat="50.874068" lon="14.249804">
				<ele>125.000000</ele>
			</trkpt>
			<trkpt lat="50.874006" lon="14.249957">
				<ele>125.000000</ele>
			</trkpt>
			<trkpt lat="50.873989" lon="14.250029">
				<ele>125.000000</ele>
			</trkpt>
			<trkpt lat="50.873972" lon="14.250137">
				<ele>125.000000</ele>
			</trkpt>
			<trkpt lat="50.873943" lon="14.250442">
				<ele>126.000000</ele>
			</trkpt>
			<trkpt lat="50.873926" lon="14.250605">
				<ele>126.000000</ele>
			</trkpt>
			<trkpt lat="50.873904" lon="14.250703">
				<ele>126.000000</ele>
			</trkpt>
			<trkpt lat="50.873932" lon="14.250758">
				<ele>127.000000</ele>
			</trkpt>
			<trkpt lat="50.873938" lon="14.250819">
				<ele>127.000000</ele>
			</trkpt>
			<trkpt lat="50.873949" lon="14.250874">
				<ele>127.000000</ele>
			</trkpt>
			<trkpt lat="50.873938" lon="14.250955">
				<ele>127.000000</ele>
			</trkpt>
			<trkpt lat="50.873926" lon="14.251215">
				<ele>127.000000</ele>
			</trkpt>
			<trkpt lat="50.873926" lon="14.251494">
				<ele>128.000000</ele>
			</trkpt>
			<trkpt lat="50.873938" lon="14.251610">
				<ele>128.000000</ele>
			</trkpt>
			<trkpt lat="50.873955" lon="14.251727">
				<ele>128.000000</ele>
			</trkpt>
			<trkpt lat="50.873989" lon="14.251880">
				<ele>128.000000</ele>
			</trkpt>
			<trkpt lat="50.874057" lon="14.252033">
				<ele>129.000000</ele>
			</trkpt>
			<trkpt lat="50.874148" lon="14.252203">
				<ele>129.000000</ele>
			</trkpt>
			<trkpt lat="50.874255" lon="14.252356">
				<ele>129.000000</ele>
			</trkpt>
			<trkpt lat="50.874363" lon="14.252500">
				<ele>130.000000</ele>
			</trkpt>
			<trkpt lat="50.874471" lon="14.252679">
				<ele>134.000000</ele>
			</trkpt>
			<trkpt lat="50.874561" lon="14.252850">
				<ele>137.000000</ele>
			</trkpt>
			<trkpt lat="50.874647" lon="14.253039">
				<ele>139.000000</ele>
			</trkpt>
			<trkpt lat="50.874720" lon="14.253218">
				<ele>140.000000</ele>
			</trkpt>
			<trkpt lat="50.874783" lon="14.253442">
				<ele>139.000000</ele>
			</trkpt>
			<trkpt lat="50.874913" lon="14.253955">
				<ele>136.000000</ele>
			</trkpt>
			<trkpt lat="50.875038" lon="14.253892">
				<ele>139.000000</ele>
			</trkpt>
			<trkpt lat="50.875094" lon="14.253884">
				<ele>140.000000</ele>
			</trkpt>
			<trkpt lat="50.875111" lon="14.253884">
				<ele>140.000000</ele>
			</trkpt>
			<trkpt lat="50.875117" lon="14.253892">
				<ele>140.000000</ele>
			</trkpt>
			<trkpt lat="50.875145" lon="14.253955">
				<ele>140.000000</ele>
			</trkpt>
			<trkpt lat="50.875168" lon="14.254062">
				<ele>141.000000</ele>
			</trkpt>
			<trkpt lat="50.875196" lon="14.254377">
				<ele>141.000000</ele>
			</trkpt>
			<trkpt lat="50.875236" lon="14.254871">
				<ele>143.000000</ele>
			</trkpt>
			<trkpt lat="50.875264" lon="14.255132">
				<ele>144.000000</ele>
			</trkpt>
			<trkpt lat="50.875327" lon="14.255608">
				<ele>145.000000</ele>
			</trkpt>
			<trkpt lat="50.875440" lon="14.256182">
				<ele>146.000000</ele>
			</trkpt>
			<trkpt lat="50.875497" lon="14.256444">
				<ele>147.000000</ele>
			</trkpt>
			<trkpt lat="50.875644" lon="14.257100">
				<ele>149.000000</ele>
			</trkpt>
			<trkpt lat="50.875701" lon="14.257297">
				<ele>150.000000</ele>
			</trkpt>
			<trkpt lat="50.875791" lon="14.257513">
				<ele>150.000000</ele>
			</trkpt>
			<trkpt lat="50.875911" lon="14.257746">
				<ele>149.000000</ele>
			</trkpt>
			<trkpt lat="50.875916" lon="14.257790">
				<ele>149.000000</ele>
			</trkpt>
			<trkpt lat="50.875916" lon="14.257836">
				<ele>149.000000</ele>
			</trkpt>
			<trkpt lat="50.875893" lon="14.257880">
				<ele>149.000000</ele>
			</trkpt>
			<trkpt lat="50.875854" lon="14.257953">
				<ele>149.000000</ele>
			</trkpt>
			<trkpt lat="50.875865" lon="14.258079">
				<ele>149.000000</ele>
			</trkpt>
			<trkpt lat="50.875905" lon="14.258392">
				<ele>150.000000</ele>
			</trkpt>
			<trkpt lat="50.875939" lon="14.258618">
				<ele>151.000000</ele>
			</trkpt>
			<trkpt lat="50.875978" lon="14.258626">
				<ele>151.000000</ele>
			</trkpt>
			<trkpt lat="50.876013" lon="14.258645">
				<ele>151.000000</ele>
			</trkpt>
			<trkpt lat="50.876041" lon="14.258679">
				<ele>151.000000</ele>
			</trkpt>
			<trkpt lat="50.876058" lon="14.258725">
				<ele>152.000000</ele>
			</trkpt>
			<trkpt lat="50.876098" lon="14.258851">
				<ele>152.000000</ele>
			</trkpt>
			<trkpt lat="50.876143" lon="14.259156">
				<ele>153.000000</ele>
			</trkpt>
			<trkpt lat="50.876188" lon="14.259461">
				<ele>154.000000</ele>
			</trkpt>
			<trkpt lat="50.876211" lon="14.259632">
				<ele>154.000000</ele>
			</trkpt>
			<trkpt lat="50.876211" lon="14.259803">
				<ele>155.000000</ele>
			</trkpt>
			<trkpt lat="50.876194" lon="14.259991">
				<ele>156.000000</ele>
			</trkpt>
			<trkpt lat="50.876222" lon="14.260073">
				<ele>156.000000</ele>
			</trkpt>
			<trkpt lat="50.876267" lon="14.260171">
				<ele>157.000000</ele>
			</trkpt>
			<trkpt lat="50.876364" lon="14.260342">
				<ele>158.000000</ele>
			</trkpt>
			<trkpt lat="50.876546" lon="14.260566">
				<ele>160.000000</ele>
			</trkpt>
			<trkpt lat="50.877191" lon="14.261366">
				<ele>165.000000</ele>
			</trkpt>
			<trkpt lat="50.877344" lon="14.261545">
				<ele>166.000000</ele>
			</trkpt>
			<trkpt lat="50.877480" lon="14.261671">
				<ele>166.000000</ele>
			</trkpt>
			<trkpt lat="50.877912" lon="14.262048">
				<ele>168.000000</ele>
			</trkpt>
			<trkpt lat="50.878161" lon="14.261348">
				<ele>169.000000</ele>
			</trkpt>
			<trkpt lat="50.878240" lon="14.261150">
				<ele>170.000000</ele>
			</trkpt>
			<trkpt lat="50.878337" lon="14.260953">
				<ele>170.000000</ele>
			</trkpt>
			<trkpt lat="50.878382" lon="14.260863">
				<ele>170.000000</ele>
			</trkpt>
			<trkpt lat="50.878439" lon="14.260792">
				<ele>171.000000</ele>
			</trkpt>
			<trkpt lat="50.878490" lon="14.260737">
				<ele>171.000000</ele>
			</trkpt>
			<trkpt lat="50.878552" lon="14.260692">
				<ele>172.000000</ele>
			</trkpt>
			<trkpt lat="50.878626" lon="14.260666">
				<ele>172.000000</ele>
			</trkpt>
			<trkpt lat="50.878705" lon="14.260647">
				<ele>172.000000</ele>
			</trkpt>
			<trkpt lat="50.878795" lon="14.260629">
				<ele>173.000000</ele>
			</trkpt>
			<trkpt lat="50.878892" lon="14.260647">
				<ele>174.000000</ele>
			</trkpt>
			<trkpt lat="50.879000" lon="14.260656">
				<ele>174.000000</ele>
			</trkpt>
			<trkpt lat="50.879623" lon="14.260764">
				<ele>179.000000</ele>
			</trkpt>
			<trkpt lat="50.880264" lon="14.260890">
				<ele>184.000000</ele>
			</trkpt>
			<trkpt lat="50.880371" lon="14.260908">
				<ele>185.000000</ele>
			</trkpt>
			<trkpt lat="50.880479" lon="14.260890">
				<ele>186.000000</ele>
			</trkpt>
			<trkpt lat="50.880768" lon="14.260773">
				<ele>191.000000</ele>
			</trkpt>
			<trkpt lat="50.881199" lon="14.260593">
				<ele>198.000000</ele>
			</trkpt>
			<trkpt lat="50.881527" lon="14.260432">
				<ele>204.000000</ele>
			</trkpt>
			<trkpt lat="50.881692" lon="14.260333">
				<ele>208.000000</ele>
			</trkpt>
			<trkpt lat="50.881788" lon="14.260243">
				<ele>210.000000</ele>
			</trkpt>
			<trkpt lat="50.881885" lon="14.260108">
				<ele>212.000000</ele>
			</trkpt>
			<trkpt lat="50.882003" lon="14.259911">
				<ele>214.000000</ele>
			</trkpt>
			<trkpt lat="50.882106" lon="14.259713">
				<ele>217.000000</ele>
			</trkpt>
			<trkpt lat="50.882270" lon="14.259434">
				<ele>221.000000</ele>
			</trkpt>
			<trkpt lat="50.882383" lon="14.259237">
				<ele>223.000000</ele>
			</trkpt>
			<trkpt lat="50.882474" lon="14.259066">
				<ele>225.000000</ele>
			</trkpt>
			<trkpt lat="50.882553" lon="14.258895">
				<ele>227.000000</ele>
			</trkpt>
			<trkpt lat="50.882615" lon="14.258725">
				<ele>229.000000</ele>
			</trkpt>
			<trkpt lat="50.882678" lon="14.258555">
				<ele>231.000000</ele>
			</trkpt>
			<trkpt lat="50.882717" lon="14.258366">
				<ele>233.000000</ele>
			</trkpt>
			<trkpt lat="50.882831" lon="14.257836">
				<ele>238.000000</ele>
			</trkpt>
			<trkpt lat="50.882780" lon="14.257593">
				<ele>242.000000</ele>
			</trkpt>
			<trkpt lat="50.882729" lon="14.257396">
				<ele>245.000000</ele>
			</trkpt>
			<trkpt lat="50.882695" lon="14.257243">
				<ele>248.000000</ele>
			</trkpt>
			<trkpt lat="50.882678" lon="14.257126">
				<ele>250.000000</ele>
			</trkpt>
			<trkpt lat="50.882655" lon="14.257018">
				<ele>253.000000</ele>
			</trkpt>
			<trkpt lat="50.882655" lon="14.256901">
				<ele>255.000000</ele>
			</trkpt>
			<trkpt lat="50.882655" lon="14.256784">
				<ele>257.000000</ele>
			</trkpt>
			<trkpt lat="50.882666" lon="14.256677">
				<ele>259.000000</ele>
			</trkpt>
			<trkpt lat="50.882717" lon="14.256371">
				<ele>265.000000</ele>
			</trkpt>
			<trkpt lat="50.882780" lon="14.256075">
				<ele>272.000000</ele>
			</trkpt>
			<trkpt lat="50.882814" lon="14.255878">
				<ele>275.000000</ele>
			</trkpt>
			<trkpt lat="50.882831" lon="14.255662">
				<ele>278.000000</ele>
			</trkpt>
			<trkpt lat="50.882837" lon="14.255419">
				<ele>281.000000</ele>
			</trkpt>
			<trkpt lat="50.882831" lon="14.254863">
				<ele>288.000000</ele>
			</trkpt>
			<trkpt lat="50.882860" lon="14.254484">
				<ele>294.000000</ele>
			</trkpt>
			<trkpt lat="50.882904" lon="14.253874">
				<ele>303.000000</ele>
			</trkpt>
			<trkpt lat="50.882939" lon="14.253425">
				<ele>307.000000</ele>
			</trkpt>
			<trkpt lat="50.882973" lon="14.253155">
				<ele>308.000000</ele>
			</trkpt>
			<trkpt lat="50.883035" lon="14.252876">
				<ele>310.000000</ele>
			</trkpt>
			<trkpt lat="50.883114" lon="14.252589">
				<ele>311.000000</ele>
			</trkpt>
			<trkpt lat="50.883239" lon="14.252257">
				<ele>311.000000</ele>
			</trkpt>
			<trkpt lat="50.883256" lon="14.252176">
				<ele>311.000000</ele>
			</trkpt>
			<trkpt lat="50.883262" lon="14.252077">
				<ele>311.000000</ele>
			</trkpt>
			<trkpt lat="50.883279" lon="14.251745">
				<ele>311.000000</ele>
			</trkpt>
			<trkpt lat="50.883301" lon="14.251278">
				<ele>311.000000</ele>
			</trkpt>
			<trkpt lat="50.883347" lon="14.250846">
				<ele>311.000000</ele>
			</trkpt>
			<trkpt lat="50.883415" lon="14.250433">
				<ele>311.000000</ele>
			</trkpt>
			<trkpt lat="50.883545" lon="14.249804">
				<ele>311.000000</ele>
			</trkpt>
			<trkpt lat="50.883596" lon="14.249536">
				<ele>312.000000</ele>
			</trkpt>
			<trkpt lat="50.883636" lon="14.249320">
				<ele>312.000000</ele>
			</trkpt>
			<trkpt lat="50.883641" lon="14.249121">
				<ele>312.000000</ele>
			</trkpt>
			<trkpt lat="50.883647" lon="14.248880">
				<ele>312.000000</ele>
			</trkpt>
			<trkpt lat="50.883647" lon="14.248700">
				<ele>312.000000</ele>
			</trkpt>
			<trkpt lat="50.883664" lon="14.248555">
				<ele>312.000000</ele>
			</trkpt>
			<trkpt lat="50.883732" lon="14.248295">
				<ele>312.000000</ele>
			</trkpt>
			<trkpt lat="50.883778" lon="14.248053">
				<ele>312.000000</ele>
			</trkpt>
			<trkpt lat="50.883794" lon="14.247810">
				<ele>312.000000</ele>
			</trkpt>
			<trkpt lat="50.883812" lon="14.247362">
				<ele>312.000000</ele>
			</trkpt>
			<trkpt lat="50.883863" lon="14.246886">
				<ele>311.000000</ele>
			</trkpt>
			<trkpt lat="50.883914" lon="14.246643">
				<ele>311.000000</ele>
			</trkpt>
			<trkpt lat="50.884333" lon="14.245205">
				<ele>305.000000</ele>
			</trkpt>
			<trkpt lat="50.884503" lon="14.244676">
				<ele>304.000000</ele>
			</trkpt>
			<trkpt lat="50.884673" lon="14.244200">
				<ele>303.000000</ele>
			</trkpt>
			<trkpt lat="50.884724" lon="14.244028">
				<ele>303.000000</ele>
			</trkpt>
			<trkpt lat="50.884758" lon="14.243903">
				<ele>303.000000</ele>
			</trkpt>
			<trkpt lat="50.884769" lon="14.243777">
				<ele>303.000000</ele>
			</trkpt>
			<trkpt lat="50.884764" lon="14.243651">
				<ele>303.000000</ele>
			</trkpt>
			<trkpt lat="50.884758" lon="14.243517">
				<ele>302.000000</ele>
			</trkpt>
			<trkpt lat="50.884758" lon="14.243418">
				<ele>302.000000</ele>
			</trkpt>
			<trkpt lat="50.884764" lon="14.243337">
				<ele>302.000000</ele>
			</trkpt>
			<trkpt lat="50.884781" lon="14.243238">
				<ele>302.000000</ele>
			</trkpt>
			<trkpt lat="50.884889" lon="14.242852">
				<ele>302.000000</ele>
			</trkpt>
			<trkpt lat="50.884928" lon="14.242708">
				<ele>301.000000</ele>
			</trkpt>
			<trkpt lat="50.884991" lon="14.242546">
				<ele>301.000000</ele>
			</trkpt>
			<trkpt lat="50.885081" lon="14.242349">
				<ele>301.000000</ele>
			</trkpt>
			<trkpt lat="50.885126" lon="14.242160">
				<ele>301.000000</ele>
			</trkpt>
			<trkpt lat="50.885211" lon="14.241810">
				<ele>300.000000</ele>
			</trkpt>
			<trkpt lat="50.885336" lon="14.241351">
				<ele>299.000000</ele>
			</trkpt>
			<trkpt lat="50.885381" lon="14.241217">
				<ele>298.000000</ele>
			</trkpt>
			<trkpt lat="50.885449" lon="14.241091">
				<ele>298.000000</ele>
			</trkpt>
			<trkpt lat="50.885495" lon="14.241001">
				<ele>298.000000</ele>
			</trkpt>
			<trkpt lat="50.885540" lon="14.240965">
				<ele>297.000000</ele>
			</trkpt>
			<trkpt lat="50.885574" lon="14.240947">
				<ele>297.000000</ele>
			</trkpt>
			<trkpt lat="50.885613" lon="14.240965">
				<ele>297.000000</ele>
			</trkpt>
			<trkpt lat="50.885636" lon="14.240974">
				<ele>297.000000</ele>
			</trkpt>
			<trkpt lat="50.885664" lon="14.240974">
				<ele>297.000000</ele>
			</trkpt>
			<trkpt lat="50.885693" lon="14.240957">
				<ele>297.000000</ele>
			</trkpt>
			<trkpt lat="50.885721" lon="14.240930">
				<ele>296.000000</ele>
			</trkpt>
			<trkpt lat="50.885869" lon="14.240785">
				<ele>296.000000</ele>
			</trkpt>
			<trkpt lat="50.886061" lon="14.240597">
				<ele>293.000000</ele>
			</trkpt>
			<trkpt lat="50.886169" lon="14.240544">
				<ele>291.000000</ele>
			</trkpt>
			<trkpt lat="50.886265" lon="14.240507">
				<ele>288.000000</ele>
			</trkpt>
			<trkpt lat="50.886385" lon="14.240489">
				<ele>284.000000</ele>
			</trkpt>
			<trkpt lat="50.886407" lon="14.240481">
				<ele>283.000000</ele>
			</trkpt>
			<trkpt lat="50.886436" lon="14.240489">
				<ele>282.000000</ele>
			</trkpt>
			<trkpt lat="50.886452" lon="14.240525">
				<ele>281.000000</ele>
			</trkpt>
			<trkpt lat="50.886464" lon="14.240552">
				<ele>280.000000</ele>
			</trkpt>
			<trkpt lat="50.886521" lon="14.240777">
				<ele>276.000000</ele>
			</trkpt>
			<trkpt lat="50.886521" lon="14.240848">
				<ele>275.000000</ele>
			</trkpt>
			<trkpt lat="50.886521" lon="14.240921">
				<ele>274.000000</ele>
			</trkpt>
			<trkpt lat="50.886503" lon="14.241064">
				<ele>272.000000</ele>
			</trkpt>
			<trkpt lat="50.886509" lon="14.241064">
				<ele>272.000000</ele>
			</trkpt>
			<trkpt lat="50.886531" lon="14.241020">
				<ele>271.000000</ele>
			</trkpt>
			<trkpt lat="50.886549" lon="14.241028">
				<ele>271.000000</ele>
			</trkpt>
			<trkpt lat="50.886577" lon="14.241163">
				<ele>268.000000</ele>
			</trkpt>
			<trkpt lat="50.886611" lon="14.241261">
				<ele>266.000000</ele>
			</trkpt>
			<trkpt lat="50.886639" lon="14.241343">
				<ele>264.000000</ele>
			</trkpt>
			<trkpt lat="50.886656" lon="14.241441">
				<ele>263.000000</ele>
			</trkpt>
			<trkpt lat="50.886696" lon="14.241630">
				<ele>261.000000</ele>
			</trkpt>
			<trkpt lat="50.886725" lon="14.241737">
				<ele>260.000000</ele>
			</trkpt>
			<trkpt lat="50.886741" lon="14.241783">
				<ele>259.000000</ele>
			</trkpt>
			<trkpt lat="50.886753" lon="14.241792">
				<ele>259.000000</ele>
			</trkpt>
			<trkpt lat="50.886770" lon="14.241783">
				<ele>258.000000</ele>
			</trkpt>
			<trkpt lat="50.886787" lon="14.241720">
				<ele>258.000000</ele>
			</trkpt>
			<trkpt lat="50.886900" lon="14.241234">
				<ele>253.000000</ele>
			</trkpt>
			<trkpt lat="50.886985" lon="14.240965">
				<ele>251.000000</ele>
			</trkpt>
			<trkpt lat="50.887030" lon="14.240768">
				<ele>249.000000</ele>
			</trkpt>
			<trkpt lat="50.887076" lon="14.240605">
				<ele>248.000000</ele>
			</trkpt>
			<trkpt lat="50.887127" lon="14.240471">
				<ele>246.000000</ele>
			</trkpt>
			<trkpt lat="50.887183" lon="14.240328">
				<ele>244.000000</ele>
			</trkpt>
			<trkpt lat="50.887223" lon="14.240255">
				<ele>244.000000</ele>
			</trkpt>
			<trkpt lat="50.887268" lon="14.240211">
				<ele>243.000000</ele>
			</trkpt>
			<trkpt lat="50.887325" lon="14.240192">
				<ele>242.000000</ele>
			</trkpt>
			<trkpt lat="50.887337" lon="14.240192">
				<ele>244.000000</ele>
			</trkpt>
			<trkpt lat="50.887439" lon="14.240219">
				<ele>245.000000</ele>
			</trkpt>
			<trkpt lat="50.887365" lon="14.240884">
				<ele>252.000000</ele>
			</trkpt>
			<trkpt lat="50.887234" lon="14.241406">
				<ele>258.000000</ele>
			</trkpt>
			<trkpt lat="50.887178" lon="14.241800">
				<ele>262.000000</ele>
			</trkpt>
			<trkpt lat="50.887104" lon="14.242079">
				<ele>265.000000</ele>
			</trkpt>
			<trkpt lat="50.887081" lon="14.242268">
				<ele>267.000000</ele>
			</trkpt>
			<trkpt lat="50.887076" lon="14.242475">
				<ele>269.000000</ele>
			</trkpt>
			<trkpt lat="50.887048" lon="14.242645">
				<ele>271.000000</ele>
			</trkpt>
			<trkpt lat="50.886996" lon="14.242735">
				<ele>272.000000</ele>
			</trkpt>
			<trkpt lat="50.886940" lon="14.242779">
				<ele>273.000000</ele>
			</trkpt>
			<trkpt lat="50.886894" lon="14.242834">
				<ele>274.000000</ele>
			</trkpt>
			<trkpt lat="50.886883" lon="14.242968">
				<ele>275.000000</ele>
			</trkpt>
			<trkpt lat="50.886883" lon="14.243121">
				<ele>276.000000</ele>
			</trkpt>
			<trkpt lat="50.886923" lon="14.243381">
				<ele>279.000000</ele>
			</trkpt>
			<trkpt lat="50.887059" lon="14.243768">
				<ele>283.000000</ele>
			</trkpt>
			<trkpt lat="50.887427" lon="14.244550">
				<ele>294.000000</ele>
			</trkpt>
			<trkpt lat="50.887501" lon="14.244712">
				<ele>296.000000</ele>
			</trkpt>
			<trkpt lat="50.887552" lon="14.244774">
				<ele>297.000000</ele>
			</trkpt>
			<trkpt lat="50.887614" lon="14.244774">
				<ele>298.000000</ele>
			</trkpt>
			<trkpt lat="50.887948" lon="14.244720">
				<ele>303.000000</ele>
			</trkpt>
			<trkpt lat="50.888062" lon="14.244756">
				<ele>305.000000</ele>
			</trkpt>
			<trkpt lat="50.888181" lon="14.244918">
				<ele>307.000000</ele>
			</trkpt>
			<trkpt lat="50.888447" lon="14.245152">
				<ele>312.000000</ele>
			</trkpt>
			<trkpt lat="50.888713" lon="14.245250">
				<ele>316.000000</ele>
			</trkpt>
			<trkpt lat="50.888793" lon="14.245268">
				<ele>317.000000</ele>
			</trkpt>
			<trkpt lat="50.888855" lon="14.245412">
				<ele>319.000000</ele>
			</trkpt>
			<trkpt lat="50.889042" lon="14.246121">
				<ele>326.000000</ele>
			</trkpt>
			<trkpt lat="50.889122" lon="14.246427">
				<ele>329.000000</ele>
			</trkpt>
			<trkpt lat="50.889241" lon="14.246544">
				<ele>330.000000</ele>
			</trkpt>
			<trkpt lat="50.889428" lon="14.246678">
				<ele>332.000000</ele>
			</trkpt>
			<trkpt lat="50.889558" lon="14.246921">
				<ele>334.000000</ele>
			</trkpt>
			<trkpt lat="50.889603" lon="14.247064">
				<ele>335.000000</ele>
			</trkpt>
			<trkpt lat="50.889671" lon="14.247253">
				<ele>336.000000</ele>
			</trkpt>
			<trkpt lat="50.889722" lon="14.247452">
				<ele>337.000000</ele>
			</trkpt>
			<trkpt lat="50.889688" lon="14.247666">
				<ele>338.000000</ele>
			</trkpt>
			<trkpt lat="50.889603" lon="14.247955">
				<ele>340.000000</ele>
			</trkpt>
			<trkpt lat="50.889257" lon="14.248108">
				<ele>343.000000</ele>
			</trkpt>
			<trkpt lat="50.888958" lon="14.248314">
				<ele>346.000000</ele>
			</trkpt>
			<trkpt lat="50.888679" lon="14.248618">
				<ele>349.000000</ele>
			</trkpt>
			<trkpt lat="50.888481" lon="14.248880">
				<ele>351.000000</ele>
			</trkpt>
			<trkpt lat="50.888323" lon="14.249203">
				<ele>355.000000</ele>
			</trkpt>
			<trkpt lat="50.888045" lon="14.250003">
				<ele>362.000000</ele>
			</trkpt>
			<trkpt lat="50.888005" lon="14.250119">
				<ele>363.000000</ele>
			</trkpt>
			<trkpt lat="50.887875" lon="14.250631">
				<ele>368.000000</ele>
			</trkpt>
			<trkpt lat="50.887852" lon="14.250784">
				<ele>370.000000</ele>
			</trkpt>
			<trkpt lat="50.887864" lon="14.250901">
				<ele>371.000000</ele>
			</trkpt>
			<trkpt lat="50.887886" lon="14.250972">
				<ele>372.000000</ele>
			</trkpt>
			<trkpt lat="50.887920" lon="14.251026">
				<ele>373.000000</ele>
			</trkpt>
			<trkpt lat="50.887977" lon="14.251035">
				<ele>374.000000</ele>
			</trkpt>
			<trkpt lat="50.888028" lon="14.251045">
				<ele>375.000000</ele>
			</trkpt>
			<trkpt lat="50.888073" lon="14.251018">
				<ele>376.000000</ele>
			</trkpt>
			<trkpt lat="50.888181" lon="14.250909">
				<ele>378.000000</ele>
			</trkpt>
			<trkpt lat="50.888283" lon="14.250846">
				<ele>380.000000</ele>
			</trkpt>
			<trkpt lat="50.888583" lon="14.250631">
				<ele>384.000000</ele>
			</trkpt>
			<trkpt lat="50.888782" lon="14.250550">
				<ele>386.000000</ele>
			</trkpt>
			<trkpt lat="50.888958" lon="14.250505">
				<ele>388.000000</ele>
			</trkpt>
			<trkpt lat="50.889161" lon="14.250460">
				<ele>391.000000</ele>
			</trkpt>
			<trkpt lat="50.889201" lon="14.250452">
				<ele>392.000000</ele>
			</trkpt>
			<trkpt lat="50.889252" lon="14.250479">
				<ele>393.000000</ele>
			</trkpt>
			<trkpt lat="50.889275" lon="14.250523">
				<ele>394.000000</ele>
			</trkpt>
			<trkpt lat="50.889280" lon="14.250605">
				<ele>395.000000</ele>
			</trkpt>
			<trkpt lat="50.889269" lon="14.250658">
				<ele>395.000000</ele>
			</trkpt>
			<trkpt lat="50.889229" lon="14.250729">
				<ele>397.000000</ele>
			</trkpt>
			<trkpt lat="50.889178" lon="14.250792">
				<ele>398.000000</ele>
			</trkpt>
			<trkpt lat="50.889014" lon="14.251008">
				<ele>401.000000</ele>
			</trkpt>
			<trkpt lat="50.888793" lon="14.251448">
				<ele>406.000000</ele>
			</trkpt>
			<trkpt lat="50.888691" lon="14.251727">
				<ele>408.000000</ele>
			</trkpt>
			<trkpt lat="50.888623" lon="14.252014">
				<ele>411.000000</ele>
			</trkpt>
			<trkpt lat="50.888532" lon="14.252509">
				<ele>415.000000</ele>
			</trkpt>
			<trkpt lat="50.888487" lon="14.252787">
				<ele>418.000000</ele>
			</trkpt>
			<trkpt lat="50.888459" lon="14.252993">
				<ele>419.000000</ele>
			</trkpt>
			<trkpt lat="50.888453" lon="14.253119">
				<ele>421.000000</ele>
			</trkpt>
			<trkpt lat="50.888459" lon="14.253182">
				<ele>421.000000</ele>
			</trkpt>
			<trkpt lat="50.888481" lon="14.253236">
				<ele>422.000000</ele>
			</trkpt>
			<trkpt lat="50.888521" lon="14.253245">
				<ele>423.000000</ele>
			</trkpt>
			<trkpt lat="50.888549" lon="14.253255">
				<ele>424.000000</ele>
			</trkpt>
			<trkpt lat="50.888589" lon="14.253255">
				<ele>424.000000</ele>
			</trkpt>
			<trkpt lat="50.888640" lon="14.253218">
				<ele>426.000000</ele>
			</trkpt>
			<trkpt lat="50.889008" lon="14.252760">
				<ele>433.000000</ele>
			</trkpt>
			<trkpt lat="50.889184" lon="14.252563">
				<ele>436.000000</ele>
			</trkpt>
			<trkpt lat="50.889388" lon="14.252329">
				<ele>439.000000</ele>
			</trkpt>
			<trkpt lat="50.889507" lon="14.252248">
				<ele>441.000000</ele>
			</trkpt>
			<trkpt lat="50.889541" lon="14.252248">
				<ele>442.000000</ele>
			</trkpt>
			<trkpt lat="50.889564" lon="14.252266">
				<ele>442.000000</ele>
			</trkpt>
			<trkpt lat="50.889587" lon="14.252293">
				<ele>442.000000</ele>
			</trkpt>
			<trkpt lat="50.889609" lon="14.252437">
				<ele>443.000000</ele>
			</trkpt>
			<trkpt lat="50.889609" lon="14.252526">
				<ele>444.000000</ele>
			</trkpt>
			<trkpt lat="50.889587" lon="14.252670">
				<ele>445.000000</ele>
			</trkpt>
			<trkpt lat="50.889564" lon="14.252779">
				<ele>446.000000</ele>
			</trkpt>
			<trkpt lat="50.889495" lon="14.252985">
				<ele>448.000000</ele>
			</trkpt>
			<trkpt lat="50.889371" lon="14.253452">
				<ele>452.000000</ele>
			</trkpt>
			<trkpt lat="50.889314" lon="14.253847">
				<ele>455.000000</ele>
			</trkpt>
			<trkpt lat="50.889298" lon="14.254297">
				<ele>458.000000</ele>
			</trkpt>
			<trkpt lat="50.889280" lon="14.254746">
				<ele>462.000000</ele>
			</trkpt>
			<trkpt lat="50.889291" lon="14.254817">
				<ele>462.000000</ele>
			</trkpt>
			<trkpt lat="50.889309" lon="14.254898">
				<ele>463.000000</ele>
			</trkpt>
			<trkpt lat="50.889342" lon="14.254916">
				<ele>464.000000</ele>
			</trkpt>
			<trkpt lat="50.889377" lon="14.254926">
				<ele>464.000000</ele>
			</trkpt>
			<trkpt lat="50.889416" lon="14.254907">
				<ele>465.000000</ele>
			</trkpt>
			<trkpt lat="50.889462" lon="14.254871">
				<ele>466.000000</ele>
			</trkpt>
			<trkpt lat="50.889473" lon="14.254800">
				<ele>466.000000</ele>
			</trkpt>
			<trkpt lat="50.889490" lon="14.254710">
				<ele>467.000000</ele>
			</trkpt>
			<trkpt lat="50.889541" lon="14.254467">
				<ele>469.000000</ele>
			</trkpt>
			<trkpt lat="50.889580" lon="14.254350">
				<ele>471.000000</ele>
			</trkpt>
			<trkpt lat="50.889654" lon="14.254197">
				<ele>472.000000</ele>
			</trkpt>
			<trkpt lat="50.889825" lon="14.253982">
				<ele>475.000000</ele>
			</trkpt>
			<trkpt lat="50.890260" lon="14.253461">
				<ele>483.000000</ele>
			</trkpt>
			<trkpt lat="50.890600" lon="14.253075">
				<ele>488.000000</ele>
			</trkpt>
			<trkpt lat="50.890692" lon="14.253020">
				<ele>489.000000</ele>
			</trkpt>
			<trkpt lat="50.890946" lon="14.252850">
				<ele>491.000000</ele>
			</trkpt>
			<trkpt lat="50.890771" lon="14.253263">
				<ele>493.000000</ele>
			</trkpt>
			<trkpt lat="50.890346" lon="14.254377">
				<ele>500.000000</ele>
			</trkpt>
			<trkpt lat="50.890238" lon="14.254763">
				<ele>502.000000</ele>
			</trkpt>
			<trkpt lat="50.890238" lon="14.255113">
				<ele>504.000000</ele>
			</trkpt>
			<trkpt lat="50.890283" lon="14.255446">
				<ele>506.000000</ele>
			</trkpt>
			<trkpt lat="50.890385" lon="14.255706">
				<ele>508.000000</ele>
			</trkpt>
			<trkpt lat="50.890771" lon="14.256075">
				<ele>510.000000</ele>
			</trkpt>
			<trkpt lat="50.891598" lon="14.256695">
				<ele>510.000000</ele>
			</trkpt>
			<trkpt lat="50.892091" lon="14.257198">
				<ele>510.000000</ele>
			</trkpt>
			<trkpt lat="50.892283" lon="14.257548">
				<ele>510.000000</ele>
			</trkpt>
			<trkpt lat="50.892385" lon="14.257880">
				<ele>510.000000</ele>
			</trkpt>
			<trkpt lat="50.892522" lon="14.258339">
				<ele>510.000000</ele>
			</trkpt>
			<trkpt lat="50.892794" lon="14.258995">
				<ele>510.000000</ele>
			</trkpt>
			<trkpt lat="50.893564" lon="14.260243">
				<ele>510.000000</ele>
			</trkpt>
			<trkpt lat="50.893847" lon="14.260882">
				<ele>510.000000</ele>
			</trkpt>
			<trkpt lat="50.893893" lon="14.261042">
				<ele>510.000000</ele>
			</trkpt>
			<trkpt lat="50.893932" lon="14.261186">
				<ele>510.000000</ele>
			</trkpt>
			<trkpt lat="50.894029" lon="14.262004">
				<ele>508.000000</ele>
			</trkpt>
			<trkpt lat="50.894085" lon="14.262201">
				<ele>506.000000</ele>
			</trkpt>
			<trkpt lat="50.894131" lon="14.262310">
				<ele>506.000000</ele>
			</trkpt>
			<trkpt lat="50.894329" lon="14.263172">
				<ele>499.000000</ele>
			</trkpt>
			<trkpt lat="50.894408" lon="14.263566">
				<ele>497.000000</ele>
			</trkpt>
			<trkpt lat="50.894443" lon="14.263675">
				<ele>496.000000</ele>
			</trkpt>
			<trkpt lat="50.894471" lon="14.263738">
				<ele>496.000000</ele>
			</trkpt>
			<trkpt lat="50.894533" lon="14.263828">
				<ele>496.000000</ele>
			</trkpt>
			<trkpt lat="50.894624" lon="14.263918">
				<ele>495.000000</ele>
			</trkpt>
			<trkpt lat="50.894681" lon="14.263989">
				<ele>494.000000</ele>
			</trkpt>
			<trkpt lat="50.894834" lon="14.264159">
				<ele>493.000000</ele>
			</trkpt>
			<trkpt lat="50.894980" lon="14.264339">
				<ele>491.000000</ele>
			</trkpt>
			<trkpt lat="50.895049" lon="14.264421">
				<ele>491.000000</ele>
			</trkpt>
			<trkpt lat="50.895162" lon="14.264574">
				<ele>490.000000</ele>
			</trkpt>
			<trkpt lat="50.895230" lon="14.264744">
				<ele>489.000000</ele>
			</trkpt>
			<trkpt lat="50.895298" lon="14.264941">
				<ele>487.000000</ele>
			</trkpt>
			<trkpt lat="50.895326" lon="14.265085">
				<ele>487.000000</ele>
			</trkpt>
			<trkpt lat="50.895547" lon="14.265651">
				<ele>483.000000</ele>
			</trkpt>
			<trkpt lat="50.895604" lon="14.265813">
				<ele>482.000000</ele>
			</trkpt>
			<trkpt lat="50.895780" lon="14.266243">
				<ele>480.000000</ele>
			</trkpt>
			<trkpt lat="50.895785" lon="14.266262">
				<ele>480.000000</ele>
			</trkpt>
			<trkpt lat="50.895967" lon="14.266765">
				<ele>476.000000</ele>
			</trkpt>
			<trkpt lat="50.896000" lon="14.267016">
				<ele>475.000000</ele>
			</trkpt>
			<trkpt lat="50.896018" lon="14.267574">
				<ele>472.000000</ele>
			</trkpt>
			<trkpt lat="50.896046" lon="14.267897">
				<ele>470.000000</ele>
			</trkpt>
			<trkpt lat="50.896102" lon="14.268274">
				<ele>468.000000</ele>
			</trkpt>
			<trkpt lat="50.896176" lon="14.268939">
				<ele>463.000000</ele>
			</trkpt>
			<trkpt lat="50.896204" lon="14.269172">
				<ele>461.000000</ele>
			</trkpt>
			<trkpt lat="50.896227" lon="14.269325">
				<ele>460.000000</ele>
			</trkpt>
			<trkpt lat="50.896250" lon="14.269388">
				<ele>460.000000</ele>
			</trkpt>
			<trkpt lat="50.896289" lon="14.269495">
				<ele>460.000000</ele>
			</trkpt>
			<trkpt lat="50.896460" lon="14.269568">
				<ele>459.000000</ele>
			</trkpt>
			<trkpt lat="50.896657" lon="14.269738">
				<ele>459.000000</ele>
			</trkpt>
			<trkpt lat="50.896828" lon="14.269945">
				<ele>458.000000</ele>
			</trkpt>
			<trkpt lat="50.897502" lon="14.270350">
				<ele>456.000000</ele>
			</trkpt>
			<trkpt lat="50.897388" lon="14.270466">
				<ele>455.000000</ele>
			</trkpt>
			<trkpt lat="50.897128" lon="14.270601">
				<ele>451.000000</ele>
			</trkpt>
			<trkpt lat="50.897032" lon="14.270646">
				<ele>450.000000</ele>
			</trkpt>
			<trkpt lat="50.896987" lon="14.270916">
				<ele>449.000000</ele>
			</trkpt>
			<trkpt lat="50.896884" lon="14.272048">
				<ele>443.000000</ele>
			</trkpt>
			<trkpt lat="50.896794" lon="14.272371">
				<ele>441.000000</ele>
			</trkpt>
			<trkpt lat="50.896550" lon="14.272847">
				<ele>431.000000</ele>
			</trkpt>
			<trkpt lat="50.896460" lon="14.273179">
				<ele>430.000000</ele>
			</trkpt>
			<trkpt lat="50.896420" lon="14.273646">
				<ele>430.000000</ele>
			</trkpt>
			<trkpt lat="50.896284" lon="14.273853">
				<ele>430.000000</ele>
			</trkpt>
			<trkpt lat="50.896153" lon="14.274193">
				<ele>430.000000</ele>
			</trkpt>
			<trkpt lat="50.896012" lon="14.274805">
				<ele>430.000000</ele>
			</trkpt>
			<trkpt lat="50.895984" lon="14.275227">
				<ele>430.000000</ele>
			</trkpt>
			<trkpt lat="50.896040" lon="14.275820">
				<ele>430.000000</ele>
			</trkpt>
			<trkpt lat="50.896125" lon="14.276161">
				<ele>430.000000</ele>
			</trkpt>
			<trkpt lat="50.896069" lon="14.276556">
				<ele>430.000000</ele>
			</trkpt>
			<trkpt lat="50.895938" lon="14.276843">
				<ele>430.000000</ele>
			</trkpt>
			<trkpt lat="50.895803" lon="14.276996">
				<ele>430.000000</ele>
			</trkpt>
			<trkpt lat="50.895752" lon="14.276996">
				<ele>430.000000</ele>
			</trkpt>
			<trkpt lat="50.895706" lon="14.277006">
				<ele>430.000000</ele>
			</trkpt>
			<trkpt lat="50.895609" lon="14.276790">
				<ele>430.000000</ele>
			</trkpt>
			<trkpt lat="50.895536" lon="14.276583">
				<ele>430.000000</ele>
			</trkpt>
			<trkpt lat="50.895383" lon="14.276350">
				<ele>425.000000</ele>
			</trkpt>
			<trkpt lat="50.895281" lon="14.276314">
				<ele>423.000000</ele>
			</trkpt>
			<trkpt lat="50.895207" lon="14.276377">
				<ele>421.000000</ele>
			</trkpt>
			<trkpt lat="50.895162" lon="14.276530">
				<ele>419.000000</ele>
			</trkpt>
			<trkpt lat="50.895179" lon="14.276853">
				<ele>415.000000</ele>
			</trkpt>
			<trkpt lat="50.895247" lon="14.277140">
				<ele>411.000000</ele>
			</trkpt>
			<trkpt lat="50.895473" lon="14.277518">
				<ele>401.000000</ele>
			</trkpt>
			<trkpt lat="50.895519" lon="14.277761">
				<ele>394.000000</ele>
			</trkpt>
			<trkpt lat="50.895507" lon="14.277885">
				<ele>391.000000</ele>
			</trkpt>
			<trkpt lat="50.895525" lon="14.277994">
				<ele>388.000000</ele>
			</trkpt>
			<trkpt lat="50.895593" lon="14.278201">
				<ele>384.000000</ele>
			</trkpt>
			<trkpt lat="50.895621" lon="14.278380">
				<ele>380.000000</ele>
			</trkpt>
			<trkpt lat="50.895711" lon="14.278811">
				<ele>371.000000</ele>
			</trkpt>
			<trkpt lat="50.895734" lon="14.278919">
				<ele>368.000000</ele>
			</trkpt>
			<trkpt lat="50.895740" lon="14.279045">
				<ele>366.000000</ele>
			</trkpt>
			<trkpt lat="50.895706" lon="14.279512">
				<ele>356.000000</ele>
			</trkpt>
			<trkpt lat="50.895774" lon="14.279575">
				<ele>354.000000</ele>
			</trkpt>
			<trkpt lat="50.895842" lon="14.279638">
				<ele>352.000000</ele>
			</trkpt>
			<trkpt lat="50.895887" lon="14.279746">
				<ele>349.000000</ele>
			</trkpt>
			<trkpt lat="50.895944" lon="14.279943">
				<ele>345.000000</ele>
			</trkpt>
			<trkpt lat="50.896012" lon="14.280042">
				<ele>343.000000</ele>
			</trkpt>
			<trkpt lat="50.896063" lon="14.280168">
				<ele>340.000000</ele>
			</trkpt>
			<trkpt lat="50.896074" lon="14.280285">
				<ele>336.000000</ele>
			</trkpt>
			<trkpt lat="50.896120" lon="14.280392">
				<ele>331.000000</ele>
			</trkpt>
			<trkpt lat="50.896165" lon="14.280491">
				<ele>329.000000</ele>
			</trkpt>
			<trkpt lat="50.896222" lon="14.280545">
				<ele>327.000000</ele>
			</trkpt>
			<trkpt lat="50.896222" lon="14.280572">
				<ele>326.000000</ele>
			</trkpt>
			<trkpt lat="50.896182" lon="14.280581">
				<ele>325.000000</ele>
			</trkpt>
			<trkpt lat="50.896176" lon="14.280625">
				<ele>324.000000</ele>
			</trkpt>
			<trkpt lat="50.896267" lon="14.280841">
				<ele>319.000000</ele>
			</trkpt>
			<trkpt lat="50.896425" lon="14.281084">
				<ele>314.000000</ele>
			</trkpt>
			<trkpt lat="50.896482" lon="14.281191">
				<ele>311.000000</ele>
			</trkpt>
			<trkpt lat="50.896533" lon="14.281354">
				<ele>309.000000</ele>
			</trkpt>
			<trkpt lat="50.896567" lon="14.281516">
				<ele>308.000000</ele>
			</trkpt>
			<trkpt lat="50.896544" lon="14.281919">
				<ele>304.000000</ele>
			</trkpt>
			<trkpt lat="50.896550" lon="14.282072">
				<ele>303.000000</ele>
			</trkpt>
			<trkpt lat="50.896567" lon="14.282172">
				<ele>302.000000</ele>
			</trkpt>
			<trkpt lat="50.896692" lon="14.282351">
				<ele>300.000000</ele>
			</trkpt>
			<trkpt lat="50.896737" lon="14.282566">
				<ele>299.000000</ele>
			</trkpt>
			<trkpt lat="50.896856" lon="14.282755">
				<ele>298.000000</ele>
			</trkpt>
			<trkpt lat="50.896987" lon="14.282908">
				<ele>296.000000</ele>
			</trkpt>
			<trkpt lat="50.897168" lon="14.283275">
				<ele>294.000000</ele>
			</trkpt>
			<trkpt lat="50.897253" lon="14.283491">
				<ele>293.000000</ele>
			</trkpt>
			<trkpt lat="50.897286" lon="14.283572">
				<ele>292.000000</ele>
			</trkpt>
			<trkpt lat="50.897326" lon="14.283690">
				<ele>292.000000</ele>
			</trkpt>
			<trkpt lat="50.897298" lon="14.283780">
				<ele>291.000000</ele>
			</trkpt>
			<trkpt lat="50.897332" lon="14.283887">
				<ele>291.000000</ele>
			</trkpt>
			<trkpt lat="50.897337" lon="14.283994">
				<ele>290.000000</ele>
			</trkpt>
			<trkpt lat="50.897315" lon="14.284093">
				<ele>290.000000</ele>
			</trkpt>
			<trkpt lat="50.897309" lon="14.284291">
				<ele>289.000000</ele>
			</trkpt>
			<trkpt lat="50.897337" lon="14.284443">
				<ele>289.000000</ele>
			</trkpt>
			<trkpt lat="50.897400" lon="14.284677">
				<ele>288.000000</ele>
			</trkpt>
			<trkpt lat="50.897474" lon="14.284848">
				<ele>287.000000</ele>
			</trkpt>
			<trkpt lat="50.897536" lon="14.284956">
				<ele>287.000000</ele>
			</trkpt>
			<trkpt lat="50.897610" lon="14.285091">
				<ele>286.000000</ele>
			</trkpt>
			<trkpt lat="50.897644" lon="14.285333">
				<ele>285.000000</ele>
			</trkpt>
			<trkpt lat="50.897661" lon="14.285539">
				<ele>285.000000</ele>
			</trkpt>
			<trkpt lat="50.897672" lon="14.285827">
				<ele>284.000000</ele>
			</trkpt>
			<trkpt lat="50.897751" lon="14.286097">
				<ele>283.000000</ele>
			</trkpt>
			<trkpt lat="50.897830" lon="14.286294">
				<ele>282.000000</ele>
			</trkpt>
			<trkpt lat="50.898017" lon="14.286690">
				<ele>281.000000</ele>
			</trkpt>
			<trkpt lat="50.898306" lon="14.287472">
				<ele>279.000000</ele>
			</trkpt>
			<trkpt lat="50.898539" lon="14.287965">
				<ele>277.000000</ele>
			</trkpt>
			<trkpt lat="50.898652" lon="14.288235">
				<ele>276.000000</ele>
			</trkpt>
			<trkpt lat="50.898805" lon="14.288621">
				<ele>275.000000</ele>
			</trkpt>
			<trkpt lat="50.898992" lon="14.289178">
				<ele>274.000000</ele>
			</trkpt>
			<trkpt lat="50.899021" lon="14.289384">
				<ele>274.000000</ele>
			</trkpt>
			<trkpt lat="50.899026" lon="14.289797">
				<ele>273.000000</ele>
			</trkpt>
			<trkpt lat="50.899071" lon="14.290049">
				<ele>272.000000</ele>
			</trkpt>
			<trkpt lat="50.899145" lon="14.290372">
				<ele>271.000000</ele>
			</trkpt>
			<trkpt lat="50.899219" lon="14.290669">
				<ele>271.000000</ele>
			</trkpt>
			<trkpt lat="50.899338" lon="14.290975">
				<ele>270.000000</ele>
			</trkpt>
			<trkpt lat="50.899423" lon="14.291298">
				<ele>269.000000</ele>
			</trkpt>
			<trkpt lat="50.899491" lon="14.291738">
				<ele>268.000000</ele>
			</trkpt>
			<trkpt lat="50.899615" lon="14.292143">
				<ele>267.000000</ele>
			</trkpt>
			<trkpt lat="50.899751" lon="14.292510">
				<ele>266.000000</ele>
			</trkpt>
			<trkpt lat="50.899961" lon="14.293131">
				<ele>265.000000</ele>
			</trkpt>
			<trkpt lat="50.900091" lon="14.293346">
				<ele>265.000000</ele>
			</trkpt>
			<trkpt lat="50.900210" lon="14.293499">
				<ele>264.000000</ele>
			</trkpt>
			<trkpt lat="50.900471" lon="14.293786">
				<ele>263.000000</ele>
			</trkpt>
			<trkpt lat="50.900504" lon="14.293904">
				<ele>263.000000</ele>
			</trkpt>
			<trkpt lat="50.900647" lon="14.294091">
				<ele>262.000000</ele>
			</trkpt>
			<trkpt lat="50.900749" lon="14.294118">
				<ele>262.000000</ele>
			</trkpt>
			<trkpt lat="50.900907" lon="14.294298">
				<ele>261.000000</ele>
			</trkpt>
			<trkpt lat="50.900941" lon="14.294397">
				<ele>261.000000</ele>
			</trkpt>
			<trkpt lat="50.901031" lon="14.294657">
				<ele>261.000000</ele>
			</trkpt>
			<trkpt lat="50.901202" lon="14.295160">
				<ele>259.000000</ele>
			</trkpt>
			<trkpt lat="50.901304" lon="14.295403">
				<ele>258.000000</ele>
			</trkpt>
			<trkpt lat="50.901542" lon="14.295843">
				<ele>256.000000</ele>
			</trkpt>
			<trkpt lat="50.901621" lon="14.296104">
				<ele>255.000000</ele>
			</trkpt>
			<trkpt lat="50.901626" lon="14.296328">
				<ele>255.000000</ele>
			</trkpt>
			<trkpt lat="50.901587" lon="14.296454">
				<ele>254.000000</ele>
			</trkpt>
			<trkpt lat="50.901587" lon="14.296625">
				<ele>254.000000</ele>
			</trkpt>
			<trkpt lat="50.901666" lon="14.296967">
				<ele>253.000000</ele>
			</trkpt>
			<trkpt lat="50.901723" lon="14.297173">
				<ele>252.000000</ele>
			</trkpt>
			<trkpt lat="50.901644" lon="14.297181">
				<ele>252.000000</ele>
			</trkpt>
			<trkpt lat="50.901542" lon="14.297217">
				<ele>252.000000</ele>
			</trkpt>
			<trkpt lat="50.901428" lon="14.297290">
				<ele>253.000000</ele>
			</trkpt>
			<trkpt lat="50.901196" lon="14.297478">
				<ele>253.000000</ele>
			</trkpt>
			<trkpt lat="50.901043" lon="14.297630">
				<ele>254.000000</ele>
			</trkpt>
			<trkpt lat="50.900930" lon="14.297730">
				<ele>254.000000</ele>
			</trkpt>
			<trkpt lat="50.900742" lon="14.297883">
				<ele>254.000000</ele>
			</trkpt>
			<trkpt lat="50.900652" lon="14.297946">
				<ele>254.000000</ele>
			</trkpt>
			<trkpt lat="50.900527" lon="14.298017">
				<ele>255.000000</ele>
			</trkpt>
			<trkpt lat="50.900312" lon="14.298099">
				<ele>255.000000</ele>
			</trkpt>
			<trkpt lat="50.900199" lon="14.298116">
				<ele>255.000000</ele>
			</trkpt>
			<trkpt lat="50.900131" lon="14.298107">
				<ele>255.000000</ele>
			</trkpt>
			<trkpt lat="50.899916" lon="14.298053">
				<ele>256.000000</ele>
			</trkpt>
			<trkpt lat="50.899405" lon="14.297892">
				<ele>257.000000</ele>
			</trkpt>
			<trkpt lat="50.899292" lon="14.297856">
				<ele>257.000000</ele>
			</trkpt>
			<trkpt lat="50.899134" lon="14.297892">
				<ele>257.000000</ele>
			</trkpt>
			<trkpt lat="50.898760" lon="14.298072">
				<ele>258.000000</ele>
			</trkpt>
			<trkpt lat="50.898510" lon="14.298215">
				<ele>259.000000</ele>
			</trkpt>
			<trkpt lat="50.898318" lon="14.298305">
				<ele>259.000000</ele>
			</trkpt>
			<trkpt lat="50.898199" lon="14.298368">
				<ele>259.000000</ele>
			</trkpt>
			<trkpt lat="50.898012" lon="14.298529">
				<ele>260.000000</ele>
			</trkpt>
			<trkpt lat="50.897899" lon="14.298646">
				<ele>260.000000</ele>
			</trkpt>
			<trkpt lat="50.897797" lon="14.298754">
				<ele>260.000000</ele>
			</trkpt>
			<trkpt lat="50.897672" lon="14.298951">
				<ele>260.000000</ele>
			</trkpt>
			<trkpt lat="50.897570" lon="14.299230">
				<ele>261.000000</ele>
			</trkpt>
			<trkpt lat="50.897553" lon="14.299328">
				<ele>261.000000</ele>
			</trkpt>
			<trkpt lat="50.897451" lon="14.299697">
				<ele>261.000000</ele>
			</trkpt>
			<trkpt lat="50.897326" lon="14.300074">
				<ele>262.000000</ele>
			</trkpt>
			<trkpt lat="50.897224" lon="14.300353">
				<ele>262.000000</ele>
			</trkpt>
			<trkpt lat="50.897054" lon="14.300730">
				<ele>262.000000</ele>
			</trkpt>
			<trkpt lat="50.896879" lon="14.301009">
				<ele>263.000000</ele>
			</trkpt>
			<trkpt lat="50.896590" lon="14.301251">
				<ele>263.000000</ele>
			</trkpt>
			<trkpt lat="50.896460" lon="14.301439">
				<ele>263.000000</ele>
			</trkpt>
			<trkpt lat="50.896386" lon="14.301565">
				<ele>264.000000</ele>
			</trkpt>
			<trkpt lat="50.896256" lon="14.301854">
				<ele>264.000000</ele>
			</trkpt>
			<trkpt lat="50.896187" lon="14.301952">
				<ele>264.000000</ele>
			</trkpt>
			<trkpt lat="50.896097" lon="14.302068">
				<ele>264.000000</ele>
			</trkpt>
			<trkpt lat="50.895660" lon="14.302401">
				<ele>265.000000</ele>
			</trkpt>
			<trkpt lat="50.895558" lon="14.302481">
				<ele>265.000000</ele>
			</trkpt>
			<trkpt lat="50.895428" lon="14.302653">
				<ele>265.000000</ele>
			</trkpt>
			<trkpt lat="50.895366" lon="14.302779">
				<ele>265.000000</ele>
			</trkpt>
			<trkpt lat="50.895304" lon="14.302994">
				<ele>266.000000</ele>
			</trkpt>
			<trkpt lat="50.895287" lon="14.303120">
				<ele>266.000000</ele>
			</trkpt>
			<trkpt lat="50.895258" lon="14.303668">
				<ele>266.000000</ele>
			</trkpt>
			<trkpt lat="50.895230" lon="14.304269">
				<ele>267.000000</ele>
			</trkpt>
			<trkpt lat="50.895151" lon="14.304737">
				<ele>267.000000</ele>
			</trkpt>
			<trkpt lat="50.895088" lon="14.304970">
				<ele>267.000000</ele>
			</trkpt>
			<trkpt lat="50.895037" lon="14.305131">
				<ele>268.000000</ele>
			</trkpt>
			<trkpt lat="50.894947" lon="14.305294">
				<ele>268.000000</ele>
			</trkpt>
			<trkpt lat="50.894896" lon="14.305366">
				<ele>268.000000</ele>
			</trkpt>
			<trkpt lat="50.894834" lon="14.305420">
				<ele>268.000000</ele>
			</trkpt>
			<trkpt lat="50.894760" lon="14.305473">
				<ele>268.000000</ele>
			</trkpt>
			<trkpt lat="50.894589" lon="14.305554">
				<ele>268.000000</ele>
			</trkpt>
			<trkpt lat="50.894408" lon="14.305636">
				<ele>269.000000</ele>
			</trkpt>
			<trkpt lat="50.894029" lon="14.305806">
				<ele>269.000000</ele>
			</trkpt>
			<trkpt lat="50.893694" lon="14.305959">
				<ele>270.000000</ele>
			</trkpt>
			<trkpt lat="50.893570" lon="14.306075">
				<ele>270.000000</ele>
			</trkpt>
			<trkpt lat="50.893462" lon="14.306263">
				<ele>270.000000</ele>
			</trkpt>
			<trkpt lat="50.892845" lon="14.307333">
				<ele>272.000000</ele>
			</trkpt>
			<trkpt lat="50.892709" lon="14.307594">
				<ele>273.000000</ele>
			</trkpt>
			<trkpt lat="50.892589" lon="14.307791">
				<ele>273.000000</ele>
			</trkpt>
			<trkpt lat="50.892522" lon="14.307890">
				<ele>274.000000</ele>
			</trkpt>
			<trkpt lat="50.892538" lon="14.307953">
				<ele>274.000000</ele>
			</trkpt>
			<trkpt lat="50.892556" lon="14.308007">
				<ele>274.000000</ele>
			</trkpt>
			<trkpt lat="50.892579" lon="14.308141">
				<ele>274.000000</ele>
			</trkpt>
			<trkpt lat="50.892589" lon="14.308276">
				<ele>274.000000</ele>
			</trkpt>
			<trkpt lat="50.892652" lon="14.308483">
				<ele>275.000000</ele>
			</trkpt>
			<trkpt lat="50.892737" lon="14.308896">
				<ele>276.000000</ele>
			</trkpt>
			<trkpt lat="50.892754" lon="14.309066">
				<ele>276.000000</ele>
			</trkpt>
			<trkpt lat="50.892754" lon="14.309318">
				<ele>277.000000</ele>
			</trkpt>
			<trkpt lat="50.892765" lon="14.309659">
				<ele>277.000000</ele>
			</trkpt>
			<trkpt lat="50.892686" lon="14.310207">
				<ele>278.000000</ele>
			</trkpt>
			<trkpt lat="50.892725" lon="14.311483">
				<ele>283.000000</ele>
			</trkpt>
			<trkpt lat="50.892640" lon="14.311923">
				<ele>285.000000</ele>
			</trkpt>
			<trkpt lat="50.892533" lon="14.312345">
				<ele>287.000000</ele>
			</trkpt>
			<trkpt lat="50.892312" lon="14.312938">
				<ele>291.000000</ele>
			</trkpt>
			<trkpt lat="50.892182" lon="14.313523">
				<ele>295.000000</ele>
			</trkpt>
			<trkpt lat="50.892159" lon="14.313863">
				<ele>298.000000</ele>
			</trkpt>
			<trkpt lat="50.892142" lon="14.313899">
				<ele>298.000000</ele>
			</trkpt>
			<trkpt lat="50.892108" lon="14.313953">
				<ele>298.000000</ele>
			</trkpt>
			<trkpt lat="50.891966" lon="14.314035">
				<ele>300.000000</ele>
			</trkpt>
			<trkpt lat="50.891870" lon="14.314142">
				<ele>304.000000</ele>
			</trkpt>
			<trkpt lat="50.891807" lon="14.314259">
				<ele>307.000000</ele>
			</trkpt>
			<trkpt lat="50.891762" lon="14.314339">
				<ele>309.000000</ele>
			</trkpt>
			<trkpt lat="50.891740" lon="14.314502">
				<ele>311.000000</ele>
			</trkpt>
			<trkpt lat="50.891830" lon="14.314448">
				<ele>312.000000</ele>
			</trkpt>
			<trkpt lat="50.891921" lon="14.314376">
				<ele>314.000000</ele>
			</trkpt>
			<trkpt lat="50.892051" lon="14.314376">
				<ele>315.000000</ele>
			</trkpt>
			<trkpt lat="50.892125" lon="14.314421">
				<ele>316.000000</ele>
			</trkpt>
			<trkpt lat="50.892238" lon="14.314582">
				<ele>318.000000</ele>
			</trkpt>
			<trkpt lat="50.892334" lon="14.314726">
				<ele>320.000000</ele>
			</trkpt>
			<trkpt lat="50.892397" lon="14.314807">
				<ele>322.000000</ele>
			</trkpt>
			<trkpt lat="50.892544" lon="14.314995">
				<ele>327.000000</ele>
			</trkpt>
			<trkpt lat="50.892618" lon="14.315157">
				<ele>331.000000</ele>
			</trkpt>
			<trkpt lat="50.892635" lon="14.315283">
				<ele>332.000000</ele>
			</trkpt>
			<trkpt lat="50.892646" lon="14.315408">
				<ele>333.000000</ele>
			</trkpt>
			<trkpt lat="50.892629" lon="14.315588">
				<ele>335.000000</ele>
			</trkpt>
			<trkpt lat="50.892612" lon="14.315607">
				<ele>336.000000</ele>
			</trkpt>
			<trkpt lat="50.892612" lon="14.315607">
				<ele>336.000000</ele>
			</trkpt>
			<trkpt lat="50.892538" lon="14.315670">
				<ele>337.000000</ele>
			</trkpt>
			<trkpt lat="50.892482" lon="14.315714">
				<ele>339.000000</ele>
			</trkpt>
			<trkpt lat="50.892329" lon="14.315714">
				<ele>346.000000</ele>
			</trkpt>
			<trkpt lat="50.892193" lon="14.315768">
				<ele>355.000000</ele>
			</trkpt>
			<trkpt lat="50.892147" lon="14.315731">
				<ele>358.000000</ele>
			</trkpt>
			<trkpt lat="50.892051" lon="14.315615">
				<ele>360.000000</ele>
			</trkpt>
			<trkpt lat="50.891960" lon="14.315517">
				<ele>360.000000</ele>
			</trkpt>
			<trkpt lat="50.891864" lon="14.315517">
				<ele>360.000000</ele>
			</trkpt>
			<trkpt lat="50.891734" lon="14.315660">
				<ele>360.000000</ele>
			</trkpt>
			<trkpt lat="50.891502" lon="14.316029">
				<ele>360.000000</ele>
			</trkpt>
			<trkpt lat="50.891394" lon="14.316056">
				<ele>360.000000</ele>
			</trkpt>
			<trkpt lat="50.891207" lon="14.315939">
				<ele>360.000000</ele>
			</trkpt>
			<trkpt lat="50.891094" lon="14.315911">
				<ele>360.000000</ele>
			</trkpt>
			<trkpt lat="50.891042" lon="14.315957">
				<ele>361.000000</ele>
			</trkpt>
			<trkpt lat="50.890969" lon="14.316020">
				<ele>364.000000</ele>
			</trkpt>
			<trkpt lat="50.890878" lon="14.316217">
				<ele>369.000000</ele>
			</trkpt>
			<trkpt lat="50.891009" lon="14.316720">
				<ele>392.000000</ele>
			</trkpt>
			<trkpt lat="50.891032" lon="14.316756">
				<ele>394.000000</ele>
			</trkpt>
			<trkpt lat="50.891280" lon="14.317251">
				<ele>410.000000</ele>
			</trkpt>
			<trkpt lat="50.891303" lon="14.317278">
				<ele>410.000000</ele>
			</trkpt>
			<trkpt lat="50.891337" lon="14.317349">
				<ele>410.000000</ele>
			</trkpt>
			<trkpt lat="50.891683" lon="14.317798">
				<ele>395.000000</ele>
			</trkpt>
			<trkpt lat="50.891756" lon="14.317995">
				<ele>391.000000</ele>
			</trkpt>
			<trkpt lat="50.891853" lon="14.318167">
				<ele>383.000000</ele>
			</trkpt>
			<trkpt lat="50.892000" lon="14.318293">
				<ele>374.000000</ele>
			</trkpt>
			<trkpt lat="50.892051" lon="14.318355">
				<ele>371.000000</ele>
			</trkpt>
			<trkpt lat="50.892068" lon="14.318436">
				<ele>369.000000</ele>
			</trkpt>
			<trkpt lat="50.892063" lon="14.318517">
				<ele>368.000000</ele>
			</trkpt>
			<trkpt lat="50.891989" lon="14.318607">
				<ele>366.000000</ele>
			</trkpt>
			<trkpt lat="50.892000" lon="14.318687">
				<ele>364.000000</ele>
			</trkpt>
			<trkpt lat="50.892051" lon="14.318733">
				<ele>363.000000</ele>
			</trkpt>
			<trkpt lat="50.892114" lon="14.318750">
				<ele>361.000000</ele>
			</trkpt>
			<trkpt lat="50.892255" lon="14.319002">
				<ele>352.000000</ele>
			</trkpt>
			<trkpt lat="50.892329" lon="14.319173">
				<ele>344.000000</ele>
			</trkpt>
			<trkpt lat="50.892374" lon="14.319289">
				<ele>339.000000</ele>
			</trkpt>
			<trkpt lat="50.892414" lon="14.319370">
				<ele>337.000000</ele>
			</trkpt>
			<trkpt lat="50.892487" lon="14.319442">
				<ele>334.000000</ele>
			</trkpt>
			<trkpt lat="50.892674" lon="14.319792">
				<ele>325.000000</ele>
			</trkpt>
			<trkpt lat="50.892771" lon="14.319989">
				<ele>320.000000</ele>
			</trkpt>
			<trkpt lat="50.893049" lon="14.320547">
				<ele>315.000000</ele>
			</trkpt>
			<trkpt lat="50.893372" lon="14.321060">
				<ele>311.000000</ele>
			</trkpt>
			<trkpt lat="50.893502" lon="14.321310">
				<ele>310.000000</ele>
			</trkpt>
			<trkpt lat="50.893604" lon="14.321796">
				<ele>309.000000</ele>
			</trkpt>
			<trkpt lat="50.893678" lon="14.322245">
				<ele>308.000000</ele>
			</trkpt>
			<trkpt lat="50.893910" lon="14.322496">
				<ele>307.000000</ele>
			</trkpt>
			<trkpt lat="50.894697" lon="14.323620">
				<ele>304.000000</ele>
			</trkpt>
			<trkpt lat="50.894873" lon="14.323861">
				<ele>303.000000</ele>
			</trkpt>
			<trkpt lat="50.895054" lon="14.324284">
				<ele>302.000000</ele>
			</trkpt>
			<trkpt lat="50.895536" lon="14.325165">
				<ele>300.000000</ele>
			</trkpt>
			<trkpt lat="50.895876" lon="14.325649">
				<ele>299.000000</ele>
			</trkpt>
			<trkpt lat="50.896069" lon="14.326035">
				<ele>298.000000</ele>
			</trkpt>
			<trkpt lat="50.896136" lon="14.326224">
				<ele>297.000000</ele>
			</trkpt>
			<trkpt lat="50.896159" lon="14.326431">
				<ele>297.000000</ele>
			</trkpt>
			<trkpt lat="50.896204" lon="14.327069">
				<ele>295.000000</ele>
			</trkpt>
			<trkpt lat="50.896233" lon="14.327266">
				<ele>295.000000</ele>
			</trkpt>
			<trkpt lat="50.896238" lon="14.327356">
				<ele>295.000000</ele>
			</trkpt>
			<trkpt lat="50.896284" lon="14.327553">
				<ele>294.000000</ele>
			</trkpt>
			<trkpt lat="50.896363" lon="14.327742">
				<ele>294.000000</ele>
			</trkpt>
			<trkpt lat="50.896522" lon="14.328039">
				<ele>293.000000</ele>
			</trkpt>
			<trkpt lat="50.896607" lon="14.328209">
				<ele>293.000000</ele>
			</trkpt>
			<trkpt lat="50.896675" lon="14.328291">
				<ele>292.000000</ele>
			</trkpt>
			<trkpt lat="50.896890" lon="14.328497">
				<ele>291.000000</ele>
			</trkpt>
			<trkpt lat="50.897117" lon="14.328362">
				<ele>291.000000</ele>
			</trkpt>
			<trkpt lat="50.897366" lon="14.328264">
				<ele>290.000000</ele>
			</trkpt>
			<trkpt lat="50.897564" lon="14.328192">
				<ele>289.000000</ele>
			</trkpt>
			<trkpt lat="50.897779" lon="14.328129">
				<ele>288.000000</ele>
			</trkpt>
			<trkpt lat="50.898074" lon="14.328111">
				<ele>287.000000</ele>
			</trkpt>
			<trkpt lat="50.898392" lon="14.328111">
				<ele>286.000000</ele>
			</trkpt>
			<trkpt lat="50.898703" lon="14.328129">
				<ele>285.000000</ele>
			</trkpt>
			<trkpt lat="50.899632" lon="14.328165">
				<ele>282.000000</ele>
			</trkpt>
			<trkpt lat="50.899780" lon="14.328218">
				<ele>282.000000</ele>
			</trkpt>
			<trkpt lat="50.900374" lon="14.328631">
				<ele>280.000000</ele>
			</trkpt>
			<trkpt lat="50.900635" lon="14.328803">
				<ele>279.000000</ele>
			</trkpt>
			<trkpt lat="50.900833" lon="14.328884">
				<ele>278.000000</ele>
			</trkpt>
			<trkpt lat="50.900998" lon="14.328928">
				<ele>277.000000</ele>
			</trkpt>
			<trkpt lat="50.901428" lon="14.329117">
				<ele>275.000000</ele>
			</trkpt>
			<trkpt lat="50.901723" lon="14.329234">
				<ele>274.000000</ele>
			</trkpt>
			<trkpt lat="50.901927" lon="14.329350">
				<ele>273.000000</ele>
			</trkpt>
			<trkpt lat="50.902250" lon="14.329700">
				<ele>272.000000</ele>
			</trkpt>
			<trkpt lat="50.902612" lon="14.330123">
				<ele>270.000000</ele>
			</trkpt>
			<trkpt lat="50.902743" lon="14.330285">
				<ele>270.000000</ele>
			</trkpt>
			<trkpt lat="50.903269" lon="14.330734">
				<ele>268.000000</ele>
			</trkpt>
			<trkpt lat="50.903474" lon="14.330895">
				<ele>267.000000</ele>
			</trkpt>
			<trkpt lat="50.904006" lon="14.331354">
				<ele>265.000000</ele>
			</trkpt>
			<trkpt lat="50.904510" lon="14.331776">
				<ele>264.000000</ele>
			</trkpt>
			<trkpt lat="50.904697" lon="14.331991">
				<ele>263.000000</ele>
			</trkpt>
			<trkpt lat="50.904861" lon="14.332315">
				<ele>262.000000</ele>
			</trkpt>
			<trkpt lat="50.905025" lon="14.332675">
				<ele>261.000000</ele>
			</trkpt>
			<trkpt lat="50.905229" lon="14.333142">
				<ele>260.000000</ele>
			</trkpt>
			<trkpt lat="50.905428" lon="14.333572">
				<ele>258.000000</ele>
			</trkpt>
			<trkpt lat="50.905518" lon="14.333698">
				<ele>257.000000</ele>
			</trkpt>
			<trkpt lat="50.905598" lon="14.333797">
				<ele>257.000000</ele>
			</trkpt>
			<trkpt lat="50.905830" lon="14.334013">
				<ele>255.000000</ele>
			</trkpt>
			<trkpt lat="50.906159" lon="14.334228">
				<ele>253.000000</ele>
			</trkpt>
			<trkpt lat="50.906334" lon="14.334327">
				<ele>251.000000</ele>
			</trkpt>
			<trkpt lat="50.906504" lon="14.334444">
				<ele>250.000000</ele>
			</trkpt>
			<trkpt lat="50.906594" lon="14.334597">
				<ele>249.000000</ele>
			</trkpt>
			<trkpt lat="50.906640" lon="14.334740">
				<ele>249.000000</ele>
			</trkpt>
			<trkpt lat="50.906663" lon="14.334866">
				<ele>248.000000</ele>
			</trkpt>
			<trkpt lat="50.906651" lon="14.334947">
				<ele>248.000000</ele>
			</trkpt>
			<trkpt lat="50.906623" lon="14.335037">
				<ele>247.000000</ele>
			</trkpt>
			<trkpt lat="50.906504" lon="14.335252">
				<ele>246.000000</ele>
			</trkpt>
			<trkpt lat="50.906164" lon="14.335648">
				<ele>243.000000</ele>
			</trkpt>
			<trkpt lat="50.906085" lon="14.335872">
				<ele>242.000000</ele>
			</trkpt>
			<trkpt lat="50.906034" lon="14.336088">
				<ele>241.000000</ele>
			</trkpt>
			<trkpt lat="50.905966" lon="14.336331">
				<ele>240.000000</ele>
			</trkpt>
			<trkpt lat="50.905983" lon="14.336537">
				<ele>240.000000</ele>
			</trkpt>
			<trkpt lat="50.906051" lon="14.336618">
				<ele>240.000000</ele>
			</trkpt>
			<trkpt lat="50.906147" lon="14.336671">
				<ele>240.000000</ele>
			</trkpt>
			<trkpt lat="50.906226" lon="14.336717">
				<ele>240.000000</ele>
			</trkpt>
			<trkpt lat="50.906108" lon="14.337121">
				<ele>240.000000</ele>
			</trkpt>
			<trkpt lat="50.906011" lon="14.337463">
				<ele>240.000000</ele>
			</trkpt>
			<trkpt lat="50.905949" lon="14.337705">
				<ele>240.000000</ele>
			</trkpt>
			<trkpt lat="50.905915" lon="14.337947">
				<ele>240.000000</ele>
			</trkpt>
			<trkpt lat="50.905864" lon="14.338415">
				<ele>240.000000</ele>
			</trkpt>
			<trkpt lat="50.905790" lon="14.338684">
				<ele>240.000000</ele>
			</trkpt>
			<trkpt lat="50.905677" lon="14.338855">
				<ele>240.000000</ele>
			</trkpt>
			<trkpt lat="50.905581" lon="14.339044">
				<ele>240.000000</ele>
			</trkpt>
			<trkpt lat="50.905490" lon="14.339574">
				<ele>240.000000</ele>
			</trkpt>
			<trkpt lat="50.905411" lon="14.339950">
				<ele>240.000000</ele>
			</trkpt>
			<trkpt lat="50.905354" lon="14.340247">
				<ele>240.000000</ele>
			</trkpt>
			<trkpt lat="50.905298" lon="14.340562">
				<ele>240.000000</ele>
			</trkpt>
			<trkpt lat="50.905292" lon="14.340652">
				<ele>240.000000</ele>
			</trkpt>
			<trkpt lat="50.905320" lon="14.340840">
				<ele>240.000000</ele>
			</trkpt>
			<trkpt lat="50.905439" lon="14.341478">
				<ele>240.000000</ele>
			</trkpt>
			<trkpt lat="50.905462" lon="14.341684">
				<ele>240.000000</ele>
			</trkpt>
			<trkpt lat="50.905473" lon="14.341900">
				<ele>240.000000</ele>
			</trkpt>
			<trkpt lat="50.905490" lon="14.342124">
				<ele>240.000000</ele>
			</trkpt>
			<trkpt lat="50.905473" lon="14.342268">
				<ele>240.000000</ele>
			</trkpt>
			<trkpt lat="50.905383" lon="14.342681">
				<ele>240.000000</ele>
			</trkpt>
			<trkpt lat="50.905332" lon="14.342916">
				<ele>240.000000</ele>
			</trkpt>
			<trkpt lat="50.905258" lon="14.343579">
				<ele>240.000000</ele>
			</trkpt>
			<trkpt lat="50.905218" lon="14.343813">
				<ele>240.000000</ele>
			</trkpt>
			<trkpt lat="50.905196" lon="14.343984">
				<ele>240.000000</ele>
			</trkpt>
			<trkpt lat="50.905161" lon="14.344182">
				<ele>240.000000</ele>
			</trkpt>
			<trkpt lat="50.905088" lon="14.344451">
				<ele>240.000000</ele>
			</trkpt>
			<trkpt lat="50.904980" lon="14.344774">
				<ele>240.000000</ele>
			</trkpt>
			<trkpt lat="50.904890" lon="14.344963">
				<ele>240.000000</ele>
			</trkpt>
			<trkpt lat="50.904606" lon="14.345098">
				<ele>241.000000</ele>
			</trkpt>
			<trkpt lat="50.904465" lon="14.345098">
				<ele>241.000000</ele>
			</trkpt>
			<trkpt lat="50.904346" lon="14.345089">
				<ele>241.000000</ele>
			</trkpt>
			<trkpt lat="50.904278" lon="14.345089">
				<ele>241.000000</ele>
			</trkpt>
			<trkpt lat="50.904210" lon="14.345107">
				<ele>241.000000</ele>
			</trkpt>
			<trkpt lat="50.904119" lon="14.345187">
				<ele>241.000000</ele>
			</trkpt>
			<trkpt lat="50.903796" lon="14.345745">
				<ele>242.000000</ele>
			</trkpt>
			<trkpt lat="50.903553" lon="14.346023">
				<ele>242.000000</ele>
			</trkpt>
			<trkpt lat="50.903451" lon="14.346275">
				<ele>242.000000</ele>
			</trkpt>
			<trkpt lat="50.903360" lon="14.346472">
				<ele>242.000000</ele>
			</trkpt>
			<trkpt lat="50.903134" lon="14.346958">
				<ele>243.000000</ele>
			</trkpt>
			<trkpt lat="50.902907" lon="14.347182">
				<ele>243.000000</ele>
			</trkpt>
			<trkpt lat="50.902697" lon="14.347271">
				<ele>243.000000</ele>
			</trkpt>
			<trkpt lat="50.902420" lon="14.347344">
				<ele>244.000000</ele>
			</trkpt>
			<trkpt lat="50.902295" lon="14.347371">
				<ele>244.000000</ele>
			</trkpt>
			<trkpt lat="50.902108" lon="14.347470">
				<ele>244.000000</ele>
			</trkpt>
			<trkpt lat="50.901984" lon="14.347524">
				<ele>244.000000</ele>
			</trkpt>
			<trkpt lat="50.901870" lon="14.347560">
				<ele>244.000000</ele>
			</trkpt>
			<trkpt lat="50.901581" lon="14.347676">
				<ele>245.000000</ele>
			</trkpt>
			<trkpt lat="50.901309" lon="14.347990">
				<ele>245.000000</ele>
			</trkpt>
			<trkpt lat="50.901219" lon="14.348107">
				<ele>245.000000</ele>
			</trkpt>
			<trkpt lat="50.901145" lon="14.348269">
				<ele>245.000000</ele>
			</trkpt>
			<trkpt lat="50.901088" lon="14.348413">
				<ele>245.000000</ele>
			</trkpt>
			<trkpt lat="50.901031" lon="14.348682">
				<ele>245.000000</ele>
			</trkpt>
			<trkpt lat="50.900981" lon="14.349051">
				<ele>246.000000</ele>
			</trkpt>
			<trkpt lat="50.900958" lon="14.349382">
				<ele>246.000000</ele>
			</trkpt>
			<trkpt lat="50.900969" lon="14.349769">
				<ele>246.000000</ele>
			</trkpt>
			<trkpt lat="50.900930" lon="14.350363">
				<ele>247.000000</ele>
			</trkpt>
			<trkpt lat="50.900850" lon="14.350910">
				<ele>247.000000</ele>
			</trkpt>
			<trkpt lat="50.900720" lon="14.351619">
				<ele>248.000000</ele>
			</trkpt>
			<trkpt lat="50.900561" lon="14.352231">
				<ele>248.000000</ele>
			</trkpt>
			<trkpt lat="50.900307" lon="14.353074">
				<ele>249.000000</ele>
			</trkpt>
			<trkpt lat="50.900289" lon="14.353336">
				<ele>249.000000</ele>
			</trkpt>
			<trkpt lat="50.900284" lon="14.353443">
				<ele>249.000000</ele>
			</trkpt>
			<trkpt lat="50.900205" lon="14.353516">
				<ele>249.000000</ele>
			</trkpt>
			<trkpt lat="50.900080" lon="14.353533">
				<ele>249.000000</ele>
			</trkpt>
			<trkpt lat="50.899898" lon="14.353551">
				<ele>249.000000</ele>
			</trkpt>
			<trkpt lat="50.899712" lon="14.353757">
				<ele>250.000000</ele>
			</trkpt>
			<trkpt lat="50.899525" lon="14.354000">
				<ele>250.000000</ele>
			</trkpt>
			<trkpt lat="50.899462" lon="14.354145">
				<ele>250.000000</ele>
			</trkpt>
			<trkpt lat="50.899417" lon="14.354261">
				<ele>250.000000</ele>
			</trkpt>
			<trkpt lat="50.899360" lon="14.354476">
				<ele>250.000000</ele>
			</trkpt>
			<trkpt lat="50.899326" lon="14.354656">
				<ele>250.000000</ele>
			</trkpt>
			<trkpt lat="50.899094" lon="14.355716">
				<ele>250.000000</ele>
			</trkpt>
			<trkpt lat="50.899088" lon="14.355842">
				<ele>250.000000</ele>
			</trkpt>
			<trkpt lat="50.899094" lon="14.355986">
				<ele>250.000000</ele>
			</trkpt>
			<trkpt lat="50.899014" lon="14.356309">
				<ele>249.000000</ele>
			</trkpt>
			<trkpt lat="50.898964" lon="14.356525">
				<ele>248.000000</ele>
			</trkpt>
			<trkpt lat="50.898862" lon="14.356839">
				<ele>246.000000</ele>
			</trkpt>
			<trkpt lat="50.898766" lon="14.357063">
				<ele>245.000000</ele>
			</trkpt>
			<trkpt lat="50.898771" lon="14.357028">
				<ele>245.000000</ele>
			</trkpt>
			<trkpt lat="50.898692" lon="14.357216">
				<ele>245.000000</ele>
			</trkpt>
			<trkpt lat="50.898646" lon="14.357271">
				<ele>245.000000</ele>
			</trkpt>
			<trkpt lat="50.898601" lon="14.357315">
				<ele>245.000000</ele>
			</trkpt>
			<trkpt lat="50.898556" lon="14.357342">
				<ele>245.000000</ele>
			</trkpt>
			<trkpt lat="50.898505" lon="14.357361">
				<ele>245.000000</ele>
			</trkpt>
			<trkpt lat="50.898414" lon="14.357315">
				<ele>246.000000</ele>
			</trkpt>
			<trkpt lat="50.898290" lon="14.357306">
				<ele>246.000000</ele>
			</trkpt>
			<trkpt lat="50.898125" lon="14.357306">
				<ele>246.000000</ele>
			</trkpt>
			<trkpt lat="50.897966" lon="14.357324">
				<ele>246.000000</ele>
			</trkpt>
			<trkpt lat="50.897904" lon="14.357306">
				<ele>246.000000</ele>
			</trkpt>
			<trkpt lat="50.897830" lon="14.357279">
				<ele>246.000000</ele>
			</trkpt>
			<trkpt lat="50.897728" lon="14.357216">
				<ele>246.000000</ele>
			</trkpt>
			<trkpt lat="50.897502" lon="14.357045">
				<ele>247.000000</ele>
			</trkpt>
			<trkpt lat="50.897394" lon="14.356992">
				<ele>247.000000</ele>
			</trkpt>
			<trkpt lat="50.897304" lon="14.356965">
				<ele>247.000000</ele>
			</trkpt>
			<trkpt lat="50.897219" lon="14.356965">
				<ele>247.000000</ele>
			</trkpt>
			<trkpt lat="50.897083" lon="14.356992">
				<ele>247.000000</ele>
			</trkpt>
			<trkpt lat="50.896981" lon="14.357028">
				<ele>247.000000</ele>
			</trkpt>
			<trkpt lat="50.896902" lon="14.357082">
				<ele>247.000000</ele>
			</trkpt>
			<trkpt lat="50.896833" lon="14.357172">
				<ele>248.000000</ele>
			</trkpt>
			<trkpt lat="50.896771" lon="14.357279">
				<ele>248.000000</ele>
			</trkpt>
			<trkpt lat="50.896380" lon="14.358087">
				<ele>248.000000</ele>
			</trkpt>
			<trkpt lat="50.896261" lon="14.358285">
				<ele>249.000000</ele>
			</trkpt>
			<trkpt lat="50.896148" lon="14.358429">
				<ele>249.000000</ele>
			</trkpt>
			<trkpt lat="50.896086" lon="14.358474">
				<ele>249.000000</ele>
			</trkpt>
			<trkpt lat="50.896012" lon="14.358527">
				<ele>249.000000</ele>
			</trkpt>
			<trkpt lat="50.895842" lon="14.358617">
				<ele>249.000000</ele>
			</trkpt>
			<trkpt lat="50.895780" lon="14.358636">
				<ele>249.000000</ele>
			</trkpt>
			<trkpt lat="50.895706" lon="14.358644">
				<ele>249.000000</ele>
			</trkpt>
			<trkpt lat="50.895632" lon="14.358636">
				<ele>249.000000</ele>
			</trkpt>
			<trkpt lat="50.895570" lon="14.358609">
				<ele>249.000000</ele>
			</trkpt>
			<trkpt lat="50.895507" lon="14.358564">
				<ele>250.000000</ele>
			</trkpt>
			<trkpt lat="50.895434" lon="14.358510">
				<ele>250.000000</ele>
			</trkpt>
			<trkpt lat="50.895281" lon="14.358340">
				<ele>250.000000</ele>
			</trkpt>
			<trkpt lat="50.895174" lon="14.358204">
				<ele>250.000000</ele>
			</trkpt>
			<trkpt lat="50.895117" lon="14.358133">
				<ele>250.000000</ele>
			</trkpt>
			<trkpt lat="50.895054" lon="14.358087">
				<ele>250.000000</ele>
			</trkpt>
			<trkpt lat="50.894980" lon="14.358061">
				<ele>250.000000</ele>
			</trkpt>
			<trkpt lat="50.894839" lon="14.358051">
				<ele>250.000000</ele>
			</trkpt>
			<trkpt lat="50.894703" lon="14.358061">
				<ele>251.000000</ele>
			</trkpt>
			<trkpt lat="50.894578" lon="14.358124">
				<ele>251.000000</ele>
			</trkpt>
			<trkpt lat="50.894363" lon="14.358267">
				<ele>251.000000</ele>
			</trkpt>
			<trkpt lat="50.894040" lon="14.358474">
				<ele>251.000000</ele>
			</trkpt>
			<trkpt lat="50.893898" lon="14.358590">
				<ele>252.000000</ele>
			</trkpt>
			<trkpt lat="50.893717" lon="14.358789">
				<ele>252.000000</ele>
			</trkpt>
			<trkpt lat="50.893570" lon="14.358923">
				<ele>252.000000</ele>
			</trkpt>
			<trkpt lat="50.893502" lon="14.358959">
				<ele>252.000000</ele>
			</trkpt>
			<trkpt lat="50.893433" lon="14.358995">
				<ele>252.000000</ele>
			</trkpt>
			<trkpt lat="50.893287" lon="14.359040">
				<ele>252.000000</ele>
			</trkpt>
			<trkpt lat="50.893093" lon="14.359040">
				<ele>253.000000</ele>
			</trkpt>
			<trkpt lat="50.892958" lon="14.359030">
				<ele>253.000000</ele>
			</trkpt>
			<trkpt lat="50.892867" lon="14.359040">
				<ele>253.000000</ele>
			</trkpt>
			<trkpt lat="50.892776" lon="14.359076">
				<ele>254.000000</ele>
			</trkpt>
			<trkpt lat="50.892697" lon="14.359130">
				<ele>254.000000</ele>
			</trkpt>
			<trkpt lat="50.892403" lon="14.359345">
				<ele>254.000000</ele>
			</trkpt>
			<trkpt lat="50.892233" lon="14.359480">
				<ele>255.000000</ele>
			</trkpt>
			<trkpt lat="50.892159" lon="14.359552">
				<ele>255.000000</ele>
			</trkpt>
			<trkpt lat="50.892114" lon="14.359606">
				<ele>255.000000</ele>
			</trkpt>
			<trkpt lat="50.892085" lon="14.359678">
				<ele>255.000000</ele>
			</trkpt>
			<trkpt lat="50.892068" lon="14.359768">
				<ele>255.000000</ele>
			</trkpt>
			<trkpt lat="50.892063" lon="14.359839">
				<ele>255.000000</ele>
			</trkpt>
			<trkpt lat="50.892068" lon="14.359911">
				<ele>255.000000</ele>
			</trkpt>
			<trkpt lat="50.892091" lon="14.359965">
				<ele>255.000000</ele>
			</trkpt>
			<trkpt lat="50.892125" lon="14.360072">
				<ele>255.000000</ele>
			</trkpt>
			<trkpt lat="50.892425" lon="14.360908">
				<ele>255.000000</ele>
			</trkpt>
			<trkpt lat="50.892471" lon="14.361043">
				<ele>255.000000</ele>
			</trkpt>
			<trkpt lat="50.892510" lon="14.361169">
				<ele>255.000000</ele>
			</trkpt>
			<trkpt lat="50.892527" lon="14.361277">
				<ele>255.000000</ele>
			</trkpt>
			<trkpt lat="50.892538" lon="14.361439">
				<ele>255.000000</ele>
			</trkpt>
			<trkpt lat="50.892550" lon="14.361636">
				<ele>255.000000</ele>
			</trkpt>
			<trkpt lat="50.892538" lon="14.361780">
				<ele>255.000000</ele>
			</trkpt>
			<trkpt lat="50.892516" lon="14.361923">
				<ele>255.000000</ele>
			</trkpt>
			<trkpt lat="50.892476" lon="14.362067">
				<ele>255.000000</ele>
			</trkpt>
			<trkpt lat="50.892318" lon="14.362462">
				<ele>255.000000</ele>
			</trkpt>
			<trkpt lat="50.892147" lon="14.362867">
				<ele>255.000000</ele>
			</trkpt>
			<trkpt lat="50.892000" lon="14.363164">
				<ele>255.000000</ele>
			</trkpt>
			<trkpt lat="50.891632" lon="14.363882">
				<ele>255.000000</ele>
			</trkpt>
			<trkpt lat="50.891456" lon="14.364269">
				<ele>256.000000</ele>
			</trkpt>
			<trkpt lat="50.891394" lon="14.364420">
				<ele>256.000000</ele>
			</trkpt>
			<trkpt lat="50.891360" lon="14.364537">
				<ele>256.000000</ele>
			</trkpt>
			<trkpt lat="50.891298" lon="14.364879">
				<ele>256.000000</ele>
			</trkpt>
			<trkpt lat="50.891247" lon="14.365049">
				<ele>256.000000</ele>
			</trkpt>
			<trkpt lat="50.891190" lon="14.365211">
				<ele>256.000000</ele>
			</trkpt>
			<trkpt lat="50.891145" lon="14.365265">
				<ele>256.000000</ele>
			</trkpt>
			<trkpt lat="50.891094" lon="14.365319">
				<ele>256.000000</ele>
			</trkpt>
			<trkpt lat="50.890850" lon="14.365481">
				<ele>257.000000</ele>
			</trkpt>
			<trkpt lat="50.890753" lon="14.365579">
				<ele>257.000000</ele>
			</trkpt>
			<trkpt lat="50.890657" lon="14.365688">
				<ele>257.000000</ele>
			</trkpt>
			<trkpt lat="50.890572" lon="14.365795">
				<ele>257.000000</ele>
			</trkpt>
			<trkpt lat="50.890504" lon="14.365938">
				<ele>257.000000</ele>
			</trkpt>
			<trkpt lat="50.890283" lon="14.366414">
				<ele>257.000000</ele>
			</trkpt>
			<trkpt lat="50.890114" lon="14.366819">
				<ele>258.000000</ele>
			</trkpt>
			<trkpt lat="50.889977" lon="14.367232">
				<ele>258.000000</ele>
			</trkpt>
			<trkpt lat="50.889858" lon="14.367682">
				<ele>258.000000</ele>
			</trkpt>
			<trkpt lat="50.889733" lon="14.368185">
				<ele>259.000000</ele>
			</trkpt>
			<trkpt lat="50.889682" lon="14.368374">
				<ele>259.000000</ele>
			</trkpt>
			<trkpt lat="50.889598" lon="14.368571">
				<ele>259.000000</ele>
			</trkpt>
			<trkpt lat="50.889530" lon="14.368787">
				<ele>259.000000</ele>
			</trkpt>
			<trkpt lat="50.889433" lon="14.369038">
				<ele>259.000000</ele>
			</trkpt>
			<trkpt lat="50.889371" lon="14.369244">
				<ele>259.000000</ele>
			</trkpt>
			<trkpt lat="50.889326" lon="14.369443">
				<ele>259.000000</ele>
			</trkpt>
			<trkpt lat="50.889291" lon="14.369712">
				<ele>260.000000</ele>
			</trkpt>
			<trkpt lat="50.889212" lon="14.370242">
				<ele>260.000000</ele>
			</trkpt>
			<trkpt lat="50.889190" lon="14.370368">
				<ele>260.000000</ele>
			</trkpt>
			<trkpt lat="50.889150" lon="14.370485">
				<ele>260.000000</ele>
			</trkpt>
			<trkpt lat="50.889104" lon="14.370556">
				<ele>260.000000</ele>
			</trkpt>
			<trkpt lat="50.889042" lon="14.370628">
				<ele>260.000000</ele>
			</trkpt>
			<trkpt lat="50.888946" lon="14.370672">
				<ele>260.000000</ele>
			</trkpt>
			<trkpt lat="50.888855" lon="14.370701">
				<ele>261.000000</ele>
			</trkpt>
			<trkpt lat="50.888759" lon="14.370718">
				<ele>261.000000</ele>
			</trkpt>
			<trkpt lat="50.888504" lon="14.370718">
				<ele>261.000000</ele>
			</trkpt>
			<trkpt lat="50.888436" lon="14.370718">
				<ele>261.000000</ele>
			</trkpt>
			<trkpt lat="50.888362" lon="14.370745">
				<ele>261.000000</ele>
			</trkpt>
			<trkpt lat="50.888288" lon="14.370781">
				<ele>261.000000</ele>
			</trkpt>
			<trkpt lat="50.888226" lon="14.370825">
				<ele>261.000000</ele>
			</trkpt>
			<trkpt lat="50.888175" lon="14.370880">
				<ele>261.000000</ele>
			</trkpt>
			<trkpt lat="50.888119" lon="14.370934">
				<ele>262.000000</ele>
			</trkpt>
			<trkpt lat="50.888073" lon="14.371005">
				<ele>262.000000</ele>
			</trkpt>
			<trkpt lat="50.888040" lon="14.371095">
				<ele>262.000000</ele>
			</trkpt>
			<trkpt lat="50.888005" lon="14.371212">
				<ele>262.000000</ele>
			</trkpt>
			<trkpt lat="50.887977" lon="14.371338">
				<ele>262.000000</ele>
			</trkpt>
			<trkpt lat="50.887926" lon="14.371724">
				<ele>262.000000</ele>
			</trkpt>
			<trkpt lat="50.887892" lon="14.371922">
				<ele>262.000000</ele>
			</trkpt>
			<trkpt lat="50.887841" lon="14.372074">
				<ele>263.000000</ele>
			</trkpt>
			<trkpt lat="50.887756" lon="14.372209">
				<ele>263.000000</ele>
			</trkpt>
			<trkpt lat="50.887659" lon="14.372290">
				<ele>263.000000</ele>
			</trkpt>
			<trkpt lat="50.887659" lon="14.372309">
				<ele>263.000000</ele>
			</trkpt>
			<trkpt lat="50.887580" lon="14.372353">
				<ele>263.000000</ele>
			</trkpt>
			<trkpt lat="50.887370" lon="14.372443">
				<ele>263.000000</ele>
			</trkpt>
			<trkpt lat="50.887246" lon="14.372523">
				<ele>263.000000</ele>
			</trkpt>
			<trkpt lat="50.887150" lon="14.372613">
				<ele>264.000000</ele>
			</trkpt>
			<trkpt lat="50.887042" lon="14.372730">
				<ele>264.000000</ele>
			</trkpt>
			<trkpt lat="50.886923" lon="14.372901">
				<ele>264.000000</ele>
			</trkpt>
			<trkpt lat="50.886827" lon="14.373062">
				<ele>264.000000</ele>
			</trkpt>
			<trkpt lat="50.886747" lon="14.373233">
				<ele>264.000000</ele>
			</trkpt>
			<trkpt lat="50.886685" lon="14.373431">
				<ele>265.000000</ele>
			</trkpt>
			<trkpt lat="50.886588" lon="14.373790">
				<ele>265.000000</ele>
			</trkpt>
			<trkpt lat="50.886430" lon="14.374401">
				<ele>265.000000</ele>
			</trkpt>
			<trkpt lat="50.886322" lon="14.374833">
				<ele>266.000000</ele>
			</trkpt>
			<trkpt lat="50.886220" lon="14.375272">
				<ele>266.000000</ele>
			</trkpt>
			<trkpt lat="50.886112" lon="14.375785">
				<ele>266.000000</ele>
			</trkpt>
			<trkpt lat="50.886090" lon="14.375928">
				<ele>266.000000</ele>
			</trkpt>
			<trkpt lat="50.886045" lon="14.376054">
				<ele>266.000000</ele>
			</trkpt>
			<trkpt lat="50.885999" lon="14.376171">
				<ele>267.000000</ele>
			</trkpt>
			<trkpt lat="50.885953" lon="14.376251">
				<ele>267.000000</ele>
			</trkpt>
			<trkpt lat="50.885902" lon="14.376324">
				<ele>267.000000</ele>
			</trkpt>
			<trkpt lat="50.885840" lon="14.376395">
				<ele>267.000000</ele>
			</trkpt>
			<trkpt lat="50.885767" lon="14.376440">
				<ele>267.000000</ele>
			</trkpt>
			<trkpt lat="50.885687" lon="14.376467">
				<ele>267.000000</ele>
			</trkpt>
			<trkpt lat="50.885489" lon="14.376548">
				<ele>267.000000</ele>
			</trkpt>
			<trkpt lat="50.885410" lon="14.376601">
				<ele>267.000000</ele>
			</trkpt>
			<trkpt lat="50.885336" lon="14.376664">
				<ele>267.000000</ele>
			</trkpt>
			<trkpt lat="50.885285" lon="14.376718">
				<ele>267.000000</ele>
			</trkpt>
			<trkpt lat="50.885229" lon="14.376808">
				<ele>267.000000</ele>
			</trkpt>
			<trkpt lat="50.885183" lon="14.376907">
				<ele>267.000000</ele>
			</trkpt>
			<trkpt lat="50.885149" lon="14.377006">
				<ele>268.000000</ele>
			</trkpt>
			<trkpt lat="50.884956" lon="14.377617">
				<ele>268.000000</ele>
			</trkpt>
			<trkpt lat="50.884837" lon="14.377949">
				<ele>268.000000</ele>
			</trkpt>
			<trkpt lat="50.884713" lon="14.378264">
				<ele>268.000000</ele>
			</trkpt>
			<trkpt lat="50.884554" lon="14.378632">
				<ele>269.000000</ele>
			</trkpt>
			<trkpt lat="50.884413" lon="14.378892">
				<ele>269.000000</ele>
			</trkpt>
			<trkpt lat="50.884350" lon="14.378991">
				<ele>269.000000</ele>
			</trkpt>
			<trkpt lat="50.884288" lon="14.379081">
				<ele>269.000000</ele>
			</trkpt>
			<trkpt lat="50.884214" lon="14.379154">
				<ele>269.000000</ele>
			</trkpt>
			<trkpt lat="50.884129" lon="14.379234">
				<ele>269.000000</ele>
			</trkpt>
			<trkpt lat="50.883919" lon="14.379368">
				<ele>270.000000</ele>
			</trkpt>
			<trkpt lat="50.883505" lon="14.379603">
				<ele>270.000000</ele>
			</trkpt>
			<trkpt lat="50.883301" lon="14.379674">
				<ele>270.000000</ele>
			</trkpt>
			<trkpt lat="50.883183" lon="14.379701">
				<ele>271.000000</ele>
			</trkpt>
			<trkpt lat="50.883075" lon="14.379701">
				<ele>271.000000</ele>
			</trkpt>
			<trkpt lat="50.882961" lon="14.379693">
				<ele>271.000000</ele>
			</trkpt>
			<trkpt lat="50.882837" lon="14.379665">
				<ele>271.000000</ele>
			</trkpt>
			<trkpt lat="50.882332" lon="14.379548">
				<ele>272.000000</ele>
			</trkpt>
			<trkpt lat="50.882196" lon="14.379530">
				<ele>272.000000</ele>
			</trkpt>
			<trkpt lat="50.882072" lon="14.379530">
				<ele>272.000000</ele>
			</trkpt>
			<trkpt lat="50.881952" lon="14.379548">
				<ele>272.000000</ele>
			</trkpt>
			<trkpt lat="50.881845" lon="14.379575">
				<ele>273.000000</ele>
			</trkpt>
			<trkpt lat="50.881737" lon="14.379620">
				<ele>273.000000</ele>
			</trkpt>
			<trkpt lat="50.881630" lon="14.379683">
				<ele>273.000000</ele>
			</trkpt>
			<trkpt lat="50.881533" lon="14.379754">
				<ele>273.000000</ele>
			</trkpt>
			<trkpt lat="50.881448" lon="14.379836">
				<ele>273.000000</ele>
			</trkpt>
			<trkpt lat="50.881290" lon="14.380016">
				<ele>273.000000</ele>
			</trkpt>
			<trkpt lat="50.881210" lon="14.380070">
				<ele>274.000000</ele>
			</trkpt>
			<trkpt lat="50.881125" lon="14.380133">
				<ele>274.000000</ele>
			</trkpt>
			<trkpt lat="50.881029" lon="14.380141">
				<ele>274.000000</ele>
			</trkpt>
			<trkpt lat="50.880893" lon="14.380159">
				<ele>274.000000</ele>
			</trkpt>
			<trkpt lat="50.880796" lon="14.380150">
				<ele>274.000000</ele>
			</trkpt>
			<trkpt lat="50.880689" lon="14.380123">
				<ele>274.000000</ele>
			</trkpt>
			<trkpt lat="50.880479" lon="14.380024">
				<ele>275.000000</ele>
			</trkpt>
			<trkpt lat="50.880246" lon="14.379899">
				<ele>275.000000</ele>
			</trkpt>
			<trkpt lat="50.880144" lon="14.379827">
				<ele>277.000000</ele>
			</trkpt>
			<trkpt lat="50.880048" lon="14.379728">
				<ele>278.000000</ele>
			</trkpt>
			<trkpt lat="50.879872" lon="14.379567">
				<ele>280.000000</ele>
			</trkpt>
			<trkpt lat="50.879685" lon="14.379378">
				<ele>280.000000</ele>
			</trkpt>
			<trkpt lat="50.879532" lon="14.379243">
				<ele>280.000000</ele>
			</trkpt>
			<trkpt lat="50.879379" lon="14.379144">
				<ele>280.000000</ele>
			</trkpt>
			<trkpt lat="50.879232" lon="14.379064">
				<ele>280.000000</ele>
			</trkpt>
			<trkpt lat="50.878909" lon="14.378920">
				<ele>280.000000</ele>
			</trkpt>
			<trkpt lat="50.878194" lon="14.378588">
				<ele>281.000000</ele>
			</trkpt>
			<trkpt lat="50.878036" lon="14.378525">
				<ele>281.000000</ele>
			</trkpt>
			<trkpt lat="50.877883" lon="14.378498">
				<ele>282.000000</ele>
			</trkpt>
			<trkpt lat="50.877730" lon="14.378479">
				<ele>282.000000</ele>
			</trkpt>
			<trkpt lat="50.877413" lon="14.378488">
				<ele>283.000000</ele>
			</trkpt>
			<trkpt lat="50.877016" lon="14.378488">
				<ele>284.000000</ele>
			</trkpt>
			<trkpt lat="50.876846" lon="14.378498">
				<ele>284.000000</ele>
			</trkpt>
			<trkpt lat="50.876692" lon="14.378525">
				<ele>284.000000</ele>
			</trkpt>
			<trkpt lat="50.876540" lon="14.378588">
				<ele>285.000000</ele>
			</trkpt>
			<trkpt lat="50.876256" lon="14.378712">
				<ele>285.000000</ele>
			</trkpt>
			<trkpt lat="50.876137" lon="14.378758">
				<ele>286.000000</ele>
			</trkpt>
			<trkpt lat="50.876029" lon="14.378775">
				<ele>286.000000</ele>
			</trkpt>
			<trkpt lat="50.875922" lon="14.378775">
				<ele>286.000000</ele>
			</trkpt>
			<trkpt lat="50.875768" lon="14.378749">
				<ele>286.000000</ele>
			</trkpt>
			<trkpt lat="50.875502" lon="14.378695">
				<ele>287.000000</ele>
			</trkpt>
			<trkpt lat="50.875247" lon="14.378614">
				<ele>287.000000</ele>
			</trkpt>
			<trkpt lat="50.874885" lon="14.378462">
				<ele>288.000000</ele>
			</trkpt>
			<trkpt lat="50.874006" lon="14.378093">
				<ele>289.000000</ele>
			</trkpt>
			<trkpt lat="50.873416" lon="14.377859">
				<ele>290.000000</ele>
			</trkpt>
			<trkpt lat="50.873229" lon="14.377779">
				<ele>290.000000</ele>
			</trkpt>
			<trkpt lat="50.873104" lon="14.377706">
				<ele>291.000000</ele>
			</trkpt>
			<trkpt lat="50.872974" lon="14.377580">
				<ele>291.000000</ele>
			</trkpt>
			<trkpt lat="50.872884" lon="14.377437">
				<ele>291.000000</ele>
			</trkpt>
			<trkpt lat="50.872719" lon="14.377133">
				<ele>291.000000</ele>
			</trkpt>
			<trkpt lat="50.872577" lon="14.376764">
				<ele>292.000000</ele>
			</trkpt>
			<trkpt lat="50.872521" lon="14.376647">
				<ele>292.000000</ele>
			</trkpt>
			<trkpt lat="50.872459" lon="14.376504">
				<ele>292.000000</ele>
			</trkpt>
			<trkpt lat="50.872385" lon="14.376395">
				<ele>292.000000</ele>
			</trkpt>
			<trkpt lat="50.872322" lon="14.376297">
				<ele>293.000000</ele>
			</trkpt>
			<trkpt lat="50.872249" lon="14.376207">
				<ele>293.000000</ele>
			</trkpt>
			<trkpt lat="50.872152" lon="14.376108">
				<ele>293.000000</ele>
			</trkpt>
			<trkpt lat="50.871926" lon="14.375928">
				<ele>293.000000</ele>
			</trkpt>
			<trkpt lat="50.871472" lon="14.375569">
				<ele>294.000000</ele>
			</trkpt>
			<trkpt lat="50.871364" lon="14.375470">
				<ele>294.000000</ele>
			</trkpt>
			<trkpt lat="50.871285" lon="14.375425">
				<ele>294.000000</ele>
			</trkpt>
			<trkpt lat="50.871211" lon="14.375398">
				<ele>295.000000</ele>
			</trkpt>
			<trkpt lat="50.871132" lon="14.375389">
				<ele>295.000000</ele>
			</trkpt>
			<trkpt lat="50.870916" lon="14.375362">
				<ele>295.000000</ele>
			</trkpt>
			<trkpt lat="50.870831" lon="14.375335">
				<ele>295.000000</ele>
			</trkpt>
			<trkpt lat="50.870757" lon="14.375309">
				<ele>295.000000</ele>
			</trkpt>
			<trkpt lat="50.870695" lon="14.375263">
				<ele>295.000000</ele>
			</trkpt>
			<trkpt lat="50.870644" lon="14.375209">
				<ele>296.000000</ele>
			</trkpt>
			<trkpt lat="50.870588" lon="14.375120">
				<ele>296.000000</ele>
			</trkpt>
			<trkpt lat="50.870537" lon="14.375039">
				<ele>296.000000</ele>
			</trkpt>
			<trkpt lat="50.870360" lon="14.374724">
				<ele>296.000000</ele>
			</trkpt>
			<trkpt lat="50.870225" lon="14.374517">
				<ele>297.000000</ele>
			</trkpt>
			<trkpt lat="50.869935" lon="14.374177">
				<ele>297.000000</ele>
			</trkpt>
			<trkpt lat="50.869703" lon="14.373898">
				<ele>298.000000</ele>
			</trkpt>
			<trkpt lat="50.869618" lon="14.373817">
				<ele>298.000000</ele>
			</trkpt>
			<trkpt lat="50.869528" lon="14.373764">
				<ele>298.000000</ele>
			</trkpt>
			<trkpt lat="50.869391" lon="14.373674">
				<ele>298.000000</ele>
			</trkpt>
			<trkpt lat="50.869080" lon="14.373557">
				<ele>299.000000</ele>
			</trkpt>
			<trkpt lat="50.868960" lon="14.373494">
				<ele>299.000000</ele>
			</trkpt>
			<trkpt lat="50.868909" lon="14.373440">
				<ele>299.000000</ele>
			</trkpt>
			<trkpt lat="50.868853" lon="14.373385">
				<ele>299.000000</ele>
			</trkpt>
			<trkpt lat="50.868796" lon="14.373296">
				<ele>299.000000</ele>
			</trkpt>
			<trkpt lat="50.868750" lon="14.373215">
				<ele>299.000000</ele>
			</trkpt>
			<trkpt lat="50.868660" lon="14.372999">
				<ele>300.000000</ele>
			</trkpt>
			<trkpt lat="50.868609" lon="14.372838">
				<ele>300.000000</ele>
			</trkpt>
			<trkpt lat="50.868541" lon="14.372649">
				<ele>300.000000</ele>
			</trkpt>
			<trkpt lat="50.868490" lon="14.372506">
				<ele>300.000000</ele>
			</trkpt>
			<trkpt lat="50.868422" lon="14.372380">
				<ele>301.000000</ele>
			</trkpt>
			<trkpt lat="50.868360" lon="14.372272">
				<ele>301.000000</ele>
			</trkpt>
			<trkpt lat="50.868297" lon="14.372173">
				<ele>301.000000</ele>
			</trkpt>
			<trkpt lat="50.868218" lon="14.372083">
				<ele>302.000000</ele>
			</trkpt>
			<trkpt lat="50.868133" lon="14.372011">
				<ele>302.000000</ele>
			</trkpt>
			<trkpt lat="50.868020" lon="14.371930">
				<ele>302.000000</ele>
			</trkpt>
			<trkpt lat="50.867928" lon="14.371859">
				<ele>303.000000</ele>
			</trkpt>
			<trkpt lat="50.867855" lon="14.371777">
				<ele>303.000000</ele>
			</trkpt>
			<trkpt lat="50.867781" lon="14.371680">
				<ele>303.000000</ele>
			</trkpt>
			<trkpt lat="50.867731" lon="14.371580">
				<ele>304.000000</ele>
			</trkpt>
			<trkpt lat="50.867685" lon="14.371464">
				<ele>304.000000</ele>
			</trkpt>
			<trkpt lat="50.867645" lon="14.371328">
				<ele>304.000000</ele>
			</trkpt>
			<trkpt lat="50.867617" lon="14.371167">
				<ele>304.000000</ele>
			</trkpt>
			<trkpt lat="50.867600" lon="14.371032">
				<ele>305.000000</ele>
			</trkpt>
			<trkpt lat="50.867492" lon="14.370988">
				<ele>305.000000</ele>
			</trkpt>
			<trkpt lat="50.867390" lon="14.370934">
				<ele>306.000000</ele>
			</trkpt>
			<trkpt lat="50.867339" lon="14.370880">
				<ele>307.000000</ele>
			</trkpt>
			<trkpt lat="50.867277" lon="14.370817">
				<ele>308.000000</ele>
			</trkpt>
			<trkpt lat="50.867220" lon="14.370790">
				<ele>309.000000</ele>
			</trkpt>
			<trkpt lat="50.867158" lon="14.370781">
				<ele>310.000000</ele>
			</trkpt>
			<trkpt lat="50.867096" lon="14.370781">
				<ele>312.000000</ele>
			</trkpt>
			<trkpt lat="50.867039" lon="14.370798">
				<ele>314.000000</ele>
			</trkpt>
			<trkpt lat="50.866976" lon="14.370825">
				<ele>315.000000</ele>
			</trkpt>
			<trkpt lat="50.866914" lon="14.370871">
				<ele>315.000000</ele>
			</trkpt>
			<trkpt lat="50.866863" lon="14.370925">
				<ele>314.000000</ele>
			</trkpt>
			<trkpt lat="50.866817" lon="14.371014">
				<ele>312.000000</ele>
			</trkpt>
			<trkpt lat="50.866784" lon="14.371087">
				<ele>311.000000</ele>
			</trkpt>
			<trkpt lat="50.866710" lon="14.371284">
				<ele>309.000000</ele>
			</trkpt>
			<trkpt lat="50.866681" lon="14.371338">
				<ele>309.000000</ele>
			</trkpt>
			<trkpt lat="50.866648" lon="14.371383">
				<ele>309.000000</ele>
			</trkpt>
			<trkpt lat="50.866602" lon="14.371383">
				<ele>309.000000</ele>
			</trkpt>
			<trkpt lat="50.866540" lon="14.371374">
				<ele>309.000000</ele>
			</trkpt>
			<trkpt lat="50.866494" lon="14.371338">
				<ele>308.000000</ele>
			</trkpt>
			<trkpt lat="50.866449" lon="14.371301">
				<ele>308.000000</ele>
			</trkpt>
			<trkpt lat="50.866404" lon="14.371257">
				<ele>308.000000</ele>
			</trkpt>
			<trkpt lat="50.866375" lon="14.371203">
				<ele>308.000000</ele>
			</trkpt>
			<trkpt lat="50.866347" lon="14.371059">
				<ele>307.000000</ele>
			</trkpt>
			<trkpt lat="50.866324" lon="14.370934">
				<ele>307.000000</ele>
			</trkpt>
			<trkpt lat="50.866285" lon="14.370448">
				<ele>305.000000</ele>
			</trkpt>
			<trkpt lat="50.866256" lon="14.370224">
				<ele>305.000000</ele>
			</trkpt>
			<trkpt lat="50.866228" lon="14.370053">
				<ele>306.000000</ele>
			</trkpt>
			<trkpt lat="50.866200" lon="14.369955">
				<ele>306.000000</ele>
			</trkpt>
			<trkpt lat="50.866165" lon="14.369900">
				<ele>306.000000</ele>
			</trkpt>
			<trkpt lat="50.866108" lon="14.369882">
				<ele>306.000000</ele>
			</trkpt>
			<trkpt lat="50.866064" lon="14.369900">
				<ele>307.000000</ele>
			</trkpt>
			<trkpt lat="50.866029" lon="14.369946">
				<ele>307.000000</ele>
			</trkpt>
			<trkpt lat="50.866013" lon="14.369999">
				<ele>307.000000</ele>
			</trkpt>
			<trkpt lat="50.865978" lon="14.370224">
				<ele>308.000000</ele>
			</trkpt>
			<trkpt lat="50.865962" lon="14.370395">
				<ele>308.000000</ele>
			</trkpt>
			<trkpt lat="50.865962" lon="14.370565">
				<ele>309.000000</ele>
			</trkpt>
			<trkpt lat="50.865973" lon="14.370781">
				<ele>310.000000</ele>
			</trkpt>
			<trkpt lat="50.866018" lon="14.371401">
				<ele>310.000000</ele>
			</trkpt>
			<trkpt lat="50.866018" lon="14.371517">
				<ele>310.000000</ele>
			</trkpt>
			<trkpt lat="50.866013" lon="14.371571">
				<ele>310.000000</ele>
			</trkpt>
			<trkpt lat="50.865990" lon="14.371634">
				<ele>310.000000</ele>
			</trkpt>
			<trkpt lat="50.865967" lon="14.371688">
				<ele>310.000000</ele>
			</trkpt>
			<trkpt lat="50.865927" lon="14.371714">
				<ele>310.000000</ele>
			</trkpt>
			<trkpt lat="50.865893" lon="14.371733">
				<ele>310.000000</ele>
			</trkpt>
			<trkpt lat="50.865865" lon="14.371733">
				<ele>310.000000</ele>
			</trkpt>
			<trkpt lat="50.865819" lon="14.371706">
				<ele>310.000000</ele>
			</trkpt>
			<trkpt lat="50.865644" lon="14.371580">
				<ele>310.000000</ele>
			</trkpt>
			<trkpt lat="50.865570" lon="14.371535">
				<ele>310.000000</ele>
			</trkpt>
			<trkpt lat="50.865514" lon="14.371527">
				<ele>310.000000</ele>
			</trkpt>
			<trkpt lat="50.865468" lon="14.371544">
				<ele>310.000000</ele>
			</trkpt>
			<trkpt lat="50.865429" lon="14.371580">
				<ele>309.000000</ele>
			</trkpt>
			<trkpt lat="50.865298" lon="14.371697">
				<ele>308.000000</ele>
			</trkpt>
			<trkpt lat="50.865230" lon="14.371796">
				<ele>307.000000</ele>
			</trkpt>
			<trkpt lat="50.865156" lon="14.371913">
				<ele>306.000000</ele>
			</trkpt>
			<trkpt lat="50.865077" lon="14.372056">
				<ele>305.000000</ele>
			</trkpt>
			<trkpt lat="50.864952" lon="14.372290">
				<ele>303.000000</ele>
			</trkpt>
			<trkpt lat="50.864720" lon="14.372659">
				<ele>300.000000</ele>
			</trkpt>
			<trkpt lat="50.864589" lon="14.372874">
				<ele>300.000000</ele>
			</trkpt>
			<trkpt lat="50.864516" lon="14.373018">
				<ele>298.000000</ele>
			</trkpt>
			<trkpt lat="50.864464" lon="14.373171">
				<ele>297.000000</ele>
			</trkpt>
			<trkpt lat="50.864419" lon="14.373359">
				<ele>295.000000</ele>
			</trkpt>
			<trkpt lat="50.864408" lon="14.373431">
				<ele>294.000000</ele>
			</trkpt>
			<trkpt lat="50.864419" lon="14.373530">
				<ele>294.000000</ele>
			</trkpt>
			<trkpt lat="50.864459" lon="14.373647">
				<ele>293.000000</ele>
			</trkpt>
			<trkpt lat="50.864510" lon="14.373754">
				<ele>292.000000</ele>
			</trkpt>
			<trkpt lat="50.864737" lon="14.374194">
				<ele>289.000000</ele>
			</trkpt>
			<trkpt lat="50.864776" lon="14.374267">
				<ele>288.000000</ele>
			</trkpt>
			<trkpt lat="50.864794" lon="14.374347">
				<ele>288.000000</ele>
			</trkpt>
			<trkpt lat="50.864794" lon="14.374446">
				<ele>287.000000</ele>
			</trkpt>
			<trkpt lat="50.864776" lon="14.374634">
				<ele>286.000000</ele>
			</trkpt>
			<trkpt lat="50.864759" lon="14.375219">
				<ele>282.000000</ele>
			</trkpt>
			<trkpt lat="50.864765" lon="14.375668">
				<ele>279.000000</ele>
			</trkpt>
			<trkpt lat="50.864776" lon="14.375829">
				<ele>278.000000</ele>
			</trkpt>
			<trkpt lat="50.864794" lon="14.375972">
				<ele>277.000000</ele>
			</trkpt>
			<trkpt lat="50.864822" lon="14.376099">
				<ele>276.000000</ele>
			</trkpt>
			<trkpt lat="50.864873" lon="14.376278">
				<ele>275.000000</ele>
			</trkpt>
			<trkpt lat="50.864895" lon="14.376377">
				<ele>275.000000</ele>
			</trkpt>
			<trkpt lat="50.864884" lon="14.376494">
				<ele>275.000000</ele>
			</trkpt>
			<trkpt lat="50.864969" lon="14.376538">
				<ele>275.000000</ele>
			</trkpt>
			<trkpt lat="50.865032" lon="14.376575">
				<ele>275.000000</ele>
			</trkpt>
			<trkpt lat="50.865083" lon="14.376628">
				<ele>275.000000</ele>
			</trkpt>
			<trkpt lat="50.865184" lon="14.376764">
				<ele>275.000000</ele>
			</trkpt>
			<trkpt lat="50.865264" lon="14.376854">
				<ele>275.000000</ele>
			</trkpt>
			<trkpt lat="50.865077" lon="14.376961">
				<ele>273.000000</ele>
			</trkpt>
			<trkpt lat="50.864935" lon="14.377060">
				<ele>272.000000</ele>
			</trkpt>
			<trkpt lat="50.864810" lon="14.377177">
				<ele>271.000000</ele>
			</trkpt>
			<trkpt lat="50.864629" lon="14.377374">
				<ele>269.000000</ele>
			</trkpt>
			<trkpt lat="50.864595" lon="14.377464">
				<ele>269.000000</ele>
			</trkpt>
			<trkpt lat="50.864538" lon="14.377536">
				<ele>268.000000</ele>
			</trkpt>
			<trkpt lat="50.864476" lon="14.377609">
				<ele>268.000000</ele>
			</trkpt>
			<trkpt lat="50.864380" lon="14.377706">
				<ele>267.000000</ele>
			</trkpt>
			<trkpt lat="50.864113" lon="14.377949">
				<ele>265.000000</ele>
			</trkpt>
			<trkpt lat="50.863932" lon="14.378093">
				<ele>264.000000</ele>
			</trkpt>
			<trkpt lat="50.863762" lon="14.378246">
				<ele>264.000000</ele>
			</trkpt>
			<trkpt lat="50.863620" lon="14.378399">
				<ele>263.000000</ele>
			</trkpt>
			<trkpt lat="50.863558" lon="14.378498">
				<ele>263.000000</ele>
			</trkpt>
			<trkpt lat="50.863495" lon="14.378614">
				<ele>262.000000</ele>
			</trkpt>
			<trkpt lat="50.863359" lon="14.378901">
				<ele>261.000000</ele>
			</trkpt>
			<trkpt lat="50.863308" lon="14.379027">
				<ele>261.000000</ele>
			</trkpt>
			<trkpt lat="50.863234" lon="14.379127">
				<ele>261.000000</ele>
			</trkpt>
			<trkpt lat="50.863002" lon="14.379431">
				<ele>260.000000</ele>
			</trkpt>
			<trkpt lat="50.862752" lon="14.379746">
				<ele>258.000000</ele>
			</trkpt>
			<trkpt lat="50.862423" lon="14.380106">
				<ele>257.000000</ele>
			</trkpt>
			<trkpt lat="50.862259" lon="14.380267">
				<ele>256.000000</ele>
			</trkpt>
			<trkpt lat="50.862055" lon="14.380393">
				<ele>255.000000</ele>
			</trkpt>
			<trkpt lat="50.861930" lon="14.380465">
				<ele>255.000000</ele>
			</trkpt>
			<trkpt lat="50.861624" lon="14.380653">
				<ele>255.000000</ele>
			</trkpt>
			<trkpt lat="50.861471" lon="14.380735">
				<ele>255.000000</ele>
			</trkpt>
			<trkpt lat="50.861374" lon="14.380788">
				<ele>255.000000</ele>
			</trkpt>
			<trkpt lat="50.861284" lon="14.380859">
				<ele>255.000000</ele>
			</trkpt>
			<trkpt lat="50.861221" lon="14.380949">
				<ele>255.000000</ele>
			</trkpt>
			<trkpt lat="50.861159" lon="14.381049">
				<ele>256.000000</ele>
			</trkpt>
			<trkpt lat="50.861097" lon="14.381175">
				<ele>256.000000</ele>
			</trkpt>
			<trkpt lat="50.861028" lon="14.381345">
				<ele>257.000000</ele>
			</trkpt>
			<trkpt lat="50.860926" lon="14.381614">
				<ele>258.000000</ele>
			</trkpt>
			<trkpt lat="50.860870" lon="14.381848">
				<ele>259.000000</ele>
			</trkpt>
			<trkpt lat="50.860813" lon="14.382100">
				<ele>260.000000</ele>
			</trkpt>
			<trkpt lat="50.860779" lon="14.382414">
				<ele>260.000000</ele>
			</trkpt>
			<trkpt lat="50.860739" lon="14.382773">
				<ele>260.000000</ele>
			</trkpt>
			<trkpt lat="50.860711" lon="14.382953">
				<ele>260.000000</ele>
			</trkpt>
			<trkpt lat="50.860660" lon="14.383115">
				<ele>260.000000</ele>
			</trkpt>
			<trkpt lat="50.860603" lon="14.383259">
				<ele>260.000000</ele>
			</trkpt>
			<trkpt lat="50.860524" lon="14.383385">
				<ele>260.000000</ele>
			</trkpt>
			<trkpt lat="50.859758" lon="14.384480">
				<ele>251.000000</ele>
			</trkpt>
			<trkpt lat="50.859202" lon="14.385234">
				<ele>239.000000</ele>
			</trkpt>
			<trkpt lat="50.859158" lon="14.385307">
				<ele>239.000000</ele>
			</trkpt>
			<trkpt lat="50.859112" lon="14.385396">
				<ele>238.000000</ele>
			</trkpt>
			<trkpt lat="50.859078" lon="14.385496">
				<ele>238.000000</ele>
			</trkpt>
			<trkpt lat="50.859050" lon="14.385594">
				<ele>238.000000</ele>
			</trkpt>
			<trkpt lat="50.859033" lon="14.385693">
				<ele>237.000000</ele>
			</trkpt>
			<trkpt lat="50.859015" lon="14.385819">
				<ele>237.000000</ele>
			</trkpt>
			<trkpt lat="50.859021" lon="14.386133">
				<ele>235.000000</ele>
			</trkpt>
			<trkpt lat="50.859021" lon="14.386519">
				<ele>234.000000</ele>
			</trkpt>
			<trkpt lat="50.859015" lon="14.386699">
				<ele>233.000000</ele>
			</trkpt>
			<trkpt lat="50.858999" lon="14.386798">
				<ele>233.000000</ele>
			</trkpt>
			<trkpt lat="50.858970" lon="14.386888">
				<ele>232.000000</ele>
			</trkpt>
			<trkpt lat="50.858942" lon="14.386960">
				<ele>232.000000</ele>
			</trkpt>
			<trkpt lat="50.858897" lon="14.387031">
				<ele>232.000000</ele>
			</trkpt>
			<trkpt lat="50.858551" lon="14.387588">
				<ele>230.000000</ele>
			</trkpt>
			<trkpt lat="50.858352" lon="14.387930">
				<ele>230.000000</ele>
			</trkpt>
			<trkpt lat="50.858221" lon="14.388163">
				<ele>230.000000</ele>
			</trkpt>
			<trkpt lat="50.858165" lon="14.388244">
				<ele>230.000000</ele>
			</trkpt>
			<trkpt lat="50.858103" lon="14.388316">
				<ele>230.000000</ele>
			</trkpt>
			<trkpt lat="50.858040" lon="14.388379">
				<ele>230.000000</ele>
			</trkpt>
			<trkpt lat="50.857972" lon="14.388423">
				<ele>230.000000</ele>
			</trkpt>
			<trkpt lat="50.858006" lon="14.388989">
				<ele>230.000000</ele>
			</trkpt>
			<trkpt lat="50.858029" lon="14.389331">
				<ele>233.000000</ele>
			</trkpt>
			<trkpt lat="50.858023" lon="14.389681">
				<ele>236.000000</ele>
			</trkpt>
			<trkpt lat="50.858006" lon="14.389897">
				<ele>238.000000</ele>
			</trkpt>
			<trkpt lat="50.857989" lon="14.389996">
				<ele>239.000000</ele>
			</trkpt>
			<trkpt lat="50.857950" lon="14.390094">
				<ele>241.000000</ele>
			</trkpt>
			<trkpt lat="50.857865" lon="14.390354">
				<ele>244.000000</ele>
			</trkpt>
			<trkpt lat="50.857615" lon="14.390939">
				<ele>253.000000</ele>
			</trkpt>
			<trkpt lat="50.857553" lon="14.391065">
				<ele>255.000000</ele>
			</trkpt>
			<trkpt lat="50.857491" lon="14.391182">
				<ele>255.000000</ele>
			</trkpt>
			<trkpt lat="50.857428" lon="14.391272">
				<ele>255.000000</ele>
			</trkpt>
			<trkpt lat="50.857354" lon="14.391343">
				<ele>255.000000</ele>
			</trkpt>
			<trkpt lat="50.857161" lon="14.391515">
				<ele>255.000000</ele>
			</trkpt>
			<trkpt lat="50.856515" lon="14.392062">
				<ele>254.000000</ele>
			</trkpt>
			<trkpt lat="50.856220" lon="14.392304">
				<ele>254.000000</ele>
			</trkpt>
			<trkpt lat="50.855908" lon="14.392583">
				<ele>253.000000</ele>
			</trkpt>
			<trkpt lat="50.855726" lon="14.392727">
				<ele>253.000000</ele>
			</trkpt>
			<trkpt lat="50.855590" lon="14.392781">
				<ele>252.000000</ele>
			</trkpt>
			<trkpt lat="50.855449" lon="14.392844">
				<ele>252.000000</ele>
			</trkpt>
			<trkpt lat="50.855352" lon="14.392888">
				<ele>252.000000</ele>
			</trkpt>
			<trkpt lat="50.855262" lon="14.392960">
				<ele>252.000000</ele>
			</trkpt>
			<trkpt lat="50.855142" lon="14.393086">
				<ele>251.000000</ele>
			</trkpt>
			<trkpt lat="50.855052" lon="14.393176">
				<ele>251.000000</ele>
			</trkpt>
			<trkpt lat="50.854973" lon="14.393230">
				<ele>251.000000</ele>
			</trkpt>
			<trkpt lat="50.854881" lon="14.393274">
				<ele>251.000000</ele>
			</trkpt>
			<trkpt lat="50.854751" lon="14.393337">
				<ele>250.000000</ele>
			</trkpt>
			<trkpt lat="50.854428" lon="14.393436">
				<ele>249.000000</ele>
			</trkpt>
			<trkpt lat="50.854190" lon="14.393481">
				<ele>246.000000</ele>
			</trkpt>
			<trkpt lat="50.853951" lon="14.393499">
				<ele>244.000000</ele>
			</trkpt>
			<trkpt lat="50.853674" lon="14.393481">
				<ele>240.000000</ele>
			</trkpt>
			<trkpt lat="50.853560" lon="14.393481">
				<ele>235.000000</ele>
			</trkpt>
			<trkpt lat="50.853526" lon="14.393419">
				<ele>235.000000</ele>
			</trkpt>
			<trkpt lat="50.853498" lon="14.393392">
				<ele>235.000000</ele>
			</trkpt>
			<trkpt lat="50.853112" lon="14.393212">
				<ele>232.000000</ele>
			</trkpt>
			<trkpt lat="50.853095" lon="14.393346">
				<ele>232.000000</ele>
			</trkpt>
			<trkpt lat="50.853050" lon="14.393589">
				<ele>231.000000</ele>
			</trkpt>
			<trkpt lat="50.852999" lon="14.393813">
				<ele>229.000000</ele>
			</trkpt>
			<trkpt lat="50.852948" lon="14.393957">
				<ele>228.000000</ele>
			</trkpt>
			<trkpt lat="50.852919" lon="14.394002">
				<ele>228.000000</ele>
			</trkpt>
			<trkpt lat="50.852880" lon="14.394029">
				<ele>227.000000</ele>
			</trkpt>
			<trkpt lat="50.852778" lon="14.394102">
				<ele>226.000000</ele>
			</trkpt>
			<trkpt lat="50.852693" lon="14.394128">
				<ele>225.000000</ele>
			</trkpt>
			<trkpt lat="50.852596" lon="14.394344">
				<ele>223.000000</ele>
			</trkpt>
			<trkpt lat="50.852471" lon="14.394578">
				<ele>221.000000</ele>
			</trkpt>
			<trkpt lat="50.852301" lon="14.394847">
				<ele>219.000000</ele>
			</trkpt>
			<trkpt lat="50.852216" lon="14.395807">
				<ele>220.000000</ele>
			</trkpt>
			<trkpt lat="50.852273" lon="14.395880">
				<ele>220.000000</ele>
			</trkpt>
			<trkpt lat="50.852307" lon="14.395970">
				<ele>220.000000</ele>
			</trkpt>
			<trkpt lat="50.852324" lon="14.396096">
				<ele>221.000000</ele>
			</trkpt>
			<trkpt lat="50.852335" lon="14.396293">
				<ele>221.000000</ele>
			</trkpt>
			<trkpt lat="50.852239" lon="14.396220">
				<ele>221.000000</ele>
			</trkpt>
			<trkpt lat="50.852120" lon="14.396186">
				<ele>222.000000</ele>
			</trkpt>
			<trkpt lat="50.852029" lon="14.396140">
				<ele>223.000000</ele>
			</trkpt>
			<trkpt lat="50.851978" lon="14.396526">
				<ele>225.000000</ele>
			</trkpt>
			<trkpt lat="50.851944" lon="14.396841">
				<ele>227.000000</ele>
			</trkpt>
			<trkpt lat="50.851916" lon="14.396966">
				<ele>227.000000</ele>
			</trkpt>
			<trkpt lat="50.851865" lon="14.397084">
				<ele>228.000000</ele>
			</trkpt>
			<trkpt lat="50.851774" lon="14.397165">
				<ele>229.000000</ele>
			</trkpt>
			<trkpt lat="50.851666" lon="14.397272">
				<ele>230.000000</ele>
			</trkpt>
			<trkpt lat="50.851621" lon="14.397281">
				<ele>230.000000</ele>
			</trkpt>
			<trkpt lat="50.851570" lon="14.397299">
				<ele>230.000000</ele>
			</trkpt>
			<trkpt lat="50.851451" lon="14.397281">
				<ele>231.000000</ele>
			</trkpt>
			<trkpt lat="50.851377" lon="14.397254">
				<ele>231.000000</ele>
			</trkpt>
			<trkpt lat="50.851297" lon="14.397201">
				<ele>231.000000</ele>
			</trkpt>
			<trkpt lat="50.851156" lon="14.397048">
				<ele>231.000000</ele>
			</trkpt>
			<trkpt lat="50.851082" lon="14.397021">
				<ele>232.000000</ele>
			</trkpt>
			<trkpt lat="50.851020" lon="14.396966">
				<ele>232.000000</ele>
			</trkpt>
			<trkpt lat="50.850946" lon="14.396876">
				<ele>232.000000</ele>
			</trkpt>
			<trkpt lat="50.850900" lon="14.396769">
				<ele>233.000000</ele>
			</trkpt>
			<trkpt lat="50.850572" lon="14.395844">
				<ele>239.000000</ele>
			</trkpt>
			<trkpt lat="50.850492" lon="14.395683">
				<ele>240.000000</ele>
			</trkpt>
			<trkpt lat="50.850447" lon="14.395610">
				<ele>236.000000</ele>
			</trkpt>
			<trkpt lat="50.850401" lon="14.395565">
				<ele>235.000000</ele>
			</trkpt>
			<trkpt lat="50.850362" lon="14.395520">
				<ele>235.000000</ele>
			</trkpt>
			<trkpt lat="50.850311" lon="14.395494">
				<ele>235.000000</ele>
			</trkpt>
			<trkpt lat="50.850254" lon="14.395484">
				<ele>235.000000</ele>
			</trkpt>
			<trkpt lat="50.850192" lon="14.395484">
				<ele>235.000000</ele>
			</trkpt>
			<trkpt lat="50.850039" lon="14.395503">
				<ele>235.000000</ele>
			</trkpt>
			<trkpt lat="50.849834" lon="14.395574">
				<ele>235.000000</ele>
			</trkpt>
			<trkpt lat="50.849471" lon="14.395709">
				<ele>235.000000</ele>
			</trkpt>
			<trkpt lat="50.849148" lon="14.395799">
				<ele>238.000000</ele>
			</trkpt>
			<trkpt lat="50.849142" lon="14.395799">
				<ele>238.000000</ele>
			</trkpt>
			<trkpt lat="50.849006" lon="14.395754">
				<ele>239.000000</ele>
			</trkpt>
			<trkpt lat="50.848842" lon="14.395700">
				<ele>241.000000</ele>
			</trkpt>
			<trkpt lat="50.848484" lon="14.395565">
				<ele>246.000000</ele>
			</trkpt>
			<trkpt lat="50.848297" lon="14.395476">
				<ele>248.000000</ele>
			</trkpt>
			<trkpt lat="50.848178" lon="14.395394">
				<ele>250.000000</ele>
			</trkpt>
			<trkpt lat="50.848099" lon="14.395323">
				<ele>252.000000</ele>
			</trkpt>
			<trkpt lat="50.848025" lon="14.395224">
				<ele>253.000000</ele>
			</trkpt>
			<trkpt lat="50.847963" lon="14.395098">
				<ele>255.000000</ele>
			</trkpt>
			<trkpt lat="50.847820" lon="14.394820">
				<ele>258.000000</ele>
			</trkpt>
			<trkpt lat="50.847730" lon="14.394559">
				<ele>260.000000</ele>
			</trkpt>
			<trkpt lat="50.847662" lon="14.394631">
				<ele>260.000000</ele>
			</trkpt>
			<trkpt lat="50.847605" lon="14.394667">
				<ele>260.000000</ele>
			</trkpt>
			<trkpt lat="50.847560" lon="14.394667">
				<ele>260.000000</ele>
			</trkpt>
			<trkpt lat="50.847515" lon="14.394622">
				<ele>260.000000</ele>
			</trkpt>
			<trkpt lat="50.847474" lon="14.394694">
				<ele>259.000000</ele>
			</trkpt>
			<trkpt lat="50.847430" lon="14.394721">
				<ele>259.000000</ele>
			</trkpt>
			<trkpt lat="50.847236" lon="14.394792">
				<ele>257.000000</ele>
			</trkpt>
			<trkpt lat="50.846913" lon="14.394918">
				<ele>253.000000</ele>
			</trkpt>
			<trkpt lat="50.846709" lon="14.394991">
				<ele>251.000000</ele>
			</trkpt>
			<trkpt lat="50.846539" lon="14.395089">
				<ele>249.000000</ele>
			</trkpt>
			<trkpt lat="50.846380" lon="14.395207">
				<ele>247.000000</ele>
			</trkpt>
			<trkpt lat="50.846227" lon="14.395323">
				<ele>245.000000</ele>
			</trkpt>
			<trkpt lat="50.846119" lon="14.395440">
				<ele>243.000000</ele>
			</trkpt>
			<trkpt lat="50.845722" lon="14.395727">
				<ele>239.000000</ele>
			</trkpt>
			<trkpt lat="50.845552" lon="14.395826">
				<ele>237.000000</ele>
			</trkpt>
			<trkpt lat="50.845365" lon="14.395960">
				<ele>235.000000</ele>
			</trkpt>
			<trkpt lat="50.845291" lon="14.396014">
				<ele>235.000000</ele>
			</trkpt>
			<trkpt lat="50.845229" lon="14.396104">
				<ele>235.000000</ele>
			</trkpt>
			<trkpt lat="50.845206" lon="14.396186">
				<ele>235.000000</ele>
			</trkpt>
			<trkpt lat="50.845189" lon="14.396283">
				<ele>235.000000</ele>
			</trkpt>
			<trkpt lat="50.845172" lon="14.396553">
				<ele>235.000000</ele>
			</trkpt>
			<trkpt lat="50.845160" lon="14.396697">
				<ele>235.000000</ele>
			</trkpt>
			<trkpt lat="50.845144" lon="14.396823">
				<ele>235.000000</ele>
			</trkpt>
			<trkpt lat="50.845121" lon="14.396912">
				<ele>235.000000</ele>
			</trkpt>
			<trkpt lat="50.845065" lon="14.397111">
				<ele>235.000000</ele>
			</trkpt>
			<trkpt lat="50.844996" lon="14.397344">
				<ele>235.000000</ele>
			</trkpt>
			<trkpt lat="50.844678" lon="14.398368">
				<ele>235.000000</ele>
			</trkpt>
			<trkpt lat="50.844639" lon="14.398512">
				<ele>235.000000</ele>
			</trkpt>
			<trkpt lat="50.844616" lon="14.398656">
				<ele>235.000000</ele>
			</trkpt>
			<trkpt lat="50.844605" lon="14.398763">
				<ele>235.000000</ele>
			</trkpt>
			<trkpt lat="50.844599" lon="14.398862">
				<ele>235.000000</ele>
			</trkpt>
			<trkpt lat="50.844611" lon="14.398979">
				<ele>235.000000</ele>
			</trkpt>
			<trkpt lat="50.844627" lon="14.399096">
				<ele>235.000000</ele>
			</trkpt>
			<trkpt lat="50.844662" lon="14.399203">
				<ele>235.000000</ele>
			</trkpt>
			<trkpt lat="50.844719" lon="14.399375">
				<ele>235.000000</ele>
			</trkpt>
			<trkpt lat="50.845008" lon="14.400039">
				<ele>235.000000</ele>
			</trkpt>
			<trkpt lat="50.845024" lon="14.400120">
				<ele>235.000000</ele>
			</trkpt>
			<trkpt lat="50.845053" lon="14.400381">
				<ele>235.000000</ele>
			</trkpt>
			<trkpt lat="50.845109" lon="14.400776">
				<ele>235.000000</ele>
			</trkpt>
			<trkpt lat="50.845166" lon="14.401018">
				<ele>236.000000</ele>
			</trkpt>
			<trkpt lat="50.845206" lon="14.401170">
				<ele>237.000000</ele>
			</trkpt>
			<trkpt lat="50.845257" lon="14.401323">
				<ele>238.000000</ele>
			</trkpt>
			<trkpt lat="50.845319" lon="14.401539">
				<ele>239.000000</ele>
			</trkpt>
			<trkpt lat="50.845331" lon="14.401639">
				<ele>239.000000</ele>
			</trkpt>
			<trkpt lat="50.845342" lon="14.401728">
				<ele>240.000000</ele>
			</trkpt>
			<trkpt lat="50.845234" lon="14.401908">
				<ele>241.000000</ele>
			</trkpt>
			<trkpt lat="50.845121" lon="14.402186">
				<ele>243.000000</ele>
			</trkpt>
			<trkpt lat="50.845001" lon="14.402392">
				<ele>243.000000</ele>
			</trkpt>
			<trkpt lat="50.844877" lon="14.402599">
				<ele>243.000000</ele>
			</trkpt>
			<trkpt lat="50.844752" lon="14.402778">
				<ele>243.000000</ele>
			</trkpt>
			<trkpt lat="50.844611" lon="14.402968">
				<ele>242.000000</ele>
			</trkpt>
			<trkpt lat="50.844519" lon="14.403067">
				<ele>242.000000</ele>
			</trkpt>
			<trkpt lat="50.844350" lon="14.403218">
				<ele>242.000000</ele>
			</trkpt>
			<trkpt lat="50.844225" lon="14.403300">
				<ele>241.000000</ele>
			</trkpt>
			<trkpt lat="50.844173" lon="14.403344">
				<ele>241.000000</ele>
			</trkpt>
			<trkpt lat="50.844134" lon="14.403560">
				<ele>241.000000</ele>
			</trkpt>
			<trkpt lat="50.844117" lon="14.403587">
				<ele>241.000000</ele>
			</trkpt>
			<trkpt lat="50.844071" lon="14.403614">
				<ele>241.000000</ele>
			</trkpt>
			<trkpt lat="50.844055" lon="14.403713">
				<ele>241.000000</ele>
			</trkpt>
			<trkpt lat="50.844055" lon="14.403857">
				<ele>241.000000</ele>
			</trkpt>
			<trkpt lat="50.844015" lon="14.404019">
				<ele>240.000000</ele>
			</trkpt>
			<trkpt lat="50.843970" lon="14.404126">
				<ele>240.000000</ele>
			</trkpt>
			<trkpt lat="50.843941" lon="14.404199">
				<ele>240.000000</ele>
			</trkpt>
			<trkpt lat="50.843941" lon="14.404270">
				<ele>240.000000</ele>
			</trkpt>
			<trkpt lat="50.843941" lon="14.404360">
				<ele>240.000000</ele>
			</trkpt>
			<trkpt lat="50.843953" lon="14.404468">
				<ele>240.000000</ele>
			</trkpt>
			<trkpt lat="50.843981" lon="14.404566">
				<ele>240.000000</ele>
			</trkpt>
			<trkpt lat="50.844009" lon="14.404656">
				<ele>240.000000</ele>
			</trkpt>
			<trkpt lat="50.844060" lon="14.404755">
				<ele>240.000000</ele>
			</trkpt>
			<trkpt lat="50.844122" lon="14.404854">
				<ele>240.000000</ele>
			</trkpt>
			<trkpt lat="50.844253" lon="14.405006">
				<ele>241.000000</ele>
			</trkpt>
			<trkpt lat="50.844316" lon="14.405078">
				<ele>241.000000</ele>
			</trkpt>
			<trkpt lat="50.844366" lon="14.405088">
				<ele>241.000000</ele>
			</trkpt>
			<trkpt lat="50.844542" lon="14.405105">
				<ele>241.000000</ele>
			</trkpt>
			<trkpt lat="50.844650" lon="14.405096">
				<ele>241.000000</ele>
			</trkpt>
			<trkpt lat="50.844775" lon="14.405088">
				<ele>241.000000</ele>
			</trkpt>
			<trkpt lat="50.844826" lon="14.405088">
				<ele>241.000000</ele>
			</trkpt>
			<trkpt lat="50.844843" lon="14.405096">
				<ele>241.000000</ele>
			</trkpt>
			<trkpt lat="50.844849" lon="14.405115">
				<ele>242.000000</ele>
			</trkpt>
			<trkpt lat="50.844837" lon="14.405339">
				<ele>242.000000</ele>
			</trkpt>
			<trkpt lat="50.844849" lon="14.405564">
				<ele>242.000000</ele>
			</trkpt>
			<trkpt lat="50.844973" lon="14.405581">
				<ele>242.000000</ele>
			</trkpt>
			<trkpt lat="50.845053" lon="14.405591">
				<ele>242.000000</ele>
			</trkpt>
			<trkpt lat="50.845127" lon="14.405608">
				<ele>242.000000</ele>
			</trkpt>
			<trkpt lat="50.845183" lon="14.405644">
				<ele>242.000000</ele>
			</trkpt>
			<trkpt lat="50.845234" lon="14.405707">
				<ele>242.000000</ele>
			</trkpt>
			<trkpt lat="50.845280" lon="14.405770">
				<ele>242.000000</ele>
			</trkpt>
			<trkpt lat="50.845325" lon="14.405868">
				<ele>243.000000</ele>
			</trkpt>
			<trkpt lat="50.845354" lon="14.405958">
				<ele>243.000000</ele>
			</trkpt>
			<trkpt lat="50.845399" lon="14.406201">
				<ele>243.000000</ele>
			</trkpt>
			<trkpt lat="50.845421" lon="14.406471">
				<ele>243.000000</ele>
			</trkpt>
			<trkpt lat="50.845421" lon="14.406677">
				<ele>243.000000</ele>
			</trkpt>
			<trkpt lat="50.845411" lon="14.406812">
				<ele>243.000000</ele>
			</trkpt>
			<trkpt lat="50.845393" lon="14.406939">
				<ele>244.000000</ele>
			</trkpt>
			<trkpt lat="50.845347" lon="14.407063">
				<ele>244.000000</ele>
			</trkpt>
			<trkpt lat="50.845280" lon="14.407262">
				<ele>244.000000</ele>
			</trkpt>
			<trkpt lat="50.845217" lon="14.407396">
				<ele>244.000000</ele>
			</trkpt>
			<trkpt lat="50.845042" lon="14.407711">
				<ele>244.000000</ele>
			</trkpt>
			<trkpt lat="50.844917" lon="14.407926">
				<ele>245.000000</ele>
			</trkpt>
			<trkpt lat="50.844798" lon="14.408078">
				<ele>245.000000</ele>
			</trkpt>
			<trkpt lat="50.844684" lon="14.408222">
				<ele>245.000000</ele>
			</trkpt>
			<trkpt lat="50.844560" lon="14.408357">
				<ele>245.000000</ele>
			</trkpt>
			<trkpt lat="50.844412" lon="14.408465">
				<ele>246.000000</ele>
			</trkpt>
			<trkpt lat="50.844259" lon="14.408573">
				<ele>246.000000</ele>
			</trkpt>
			<trkpt lat="50.844111" lon="14.408654">
				<ele>246.000000</ele>
			</trkpt>
			<trkpt lat="50.843402" lon="14.408977">
				<ele>248.000000</ele>
			</trkpt>
			<trkpt lat="50.843051" lon="14.409157">
				<ele>249.000000</ele>
			</trkpt>
			<trkpt lat="50.842756" lon="14.409346">
				<ele>249.000000</ele>
			</trkpt>
			<trkpt lat="50.842620" lon="14.409444">
				<ele>249.000000</ele>
			</trkpt>
			<trkpt lat="50.842478" lon="14.409570">
				<ele>250.000000</ele>
			</trkpt>
			<trkpt lat="50.842307" lon="14.409713">
				<ele>250.000000</ele>
			</trkpt>
			<trkpt lat="50.842217" lon="14.409803">
				<ele>250.000000</ele>
			</trkpt>
			<trkpt lat="50.842120" lon="14.409929">
				<ele>250.000000</ele>
			</trkpt>
			<trkpt lat="50.842046" lon="14.410073">
				<ele>250.000000</ele>
			</trkpt>
			<trkpt lat="50.841995" lon="14.410163">
				<ele>250.000000</ele>
			</trkpt>
			<trkpt lat="50.841876" lon="14.410315">
				<ele>250.000000</ele>
			</trkpt>
			<trkpt lat="50.841564" lon="14.410720">
				<ele>250.000000</ele>
			</trkpt>
			<trkpt lat="50.841497" lon="14.410810">
				<ele>250.000000</ele>
			</trkpt>
			<trkpt lat="50.841423" lon="14.410935">
				<ele>250.000000</ele>
			</trkpt>
			<trkpt lat="50.841343" lon="14.411097">
				<ele>250.000000</ele>
			</trkpt>
			<trkpt lat="50.841440" lon="14.411304">
				<ele>250.000000</ele>
			</trkpt>
			<trkpt lat="50.841508" lon="14.411403">
				<ele>250.000000</ele>
			</trkpt>
			<trkpt lat="50.841559" lon="14.411474">
				<ele>251.000000</ele>
			</trkpt>
			<trkpt lat="50.841513" lon="14.411644">
				<ele>253.000000</ele>
			</trkpt>
			<trkpt lat="50.841497" lon="14.411816">
				<ele>254.000000</ele>
			</trkpt>
			<trkpt lat="50.841508" lon="14.411960">
				<ele>255.000000</ele>
			</trkpt>
			<trkpt lat="50.841525" lon="14.412040">
				<ele>255.000000</ele>
			</trkpt>
			<trkpt lat="50.841547" lon="14.412113">
				<ele>255.000000</ele>
			</trkpt>
			<trkpt lat="50.841592" lon="14.412210">
				<ele>255.000000</ele>
			</trkpt>
			<trkpt lat="50.841638" lon="14.412300">
				<ele>255.000000</ele>
			</trkpt>
			<trkpt lat="50.841684" lon="14.412363">
				<ele>256.000000</ele>
			</trkpt>
			<trkpt lat="50.841746" lon="14.412426">
				<ele>256.000000</ele>
			</trkpt>
			<trkpt lat="50.841797" lon="14.412463">
				<ele>256.000000</ele>
			</trkpt>
			<trkpt lat="50.841871" lon="14.412508">
				<ele>257.000000</ele>
			</trkpt>
			<trkpt lat="50.842024" lon="14.412543">
				<ele>258.000000</ele>
			</trkpt>
			<trkpt lat="50.842097" lon="14.412543">
				<ele>259.000000</ele>
			</trkpt>
			<trkpt lat="50.842166" lon="14.412535">
				<ele>259.000000</ele>
			</trkpt>
			<trkpt lat="50.842443" lon="14.412445">
				<ele>266.000000</ele>
			</trkpt>
			<trkpt lat="50.842608" lon="14.412426">
				<ele>272.000000</ele>
			</trkpt>
			<trkpt lat="50.842716" lon="14.412436">
				<ele>275.000000</ele>
			</trkpt>
			<trkpt lat="50.842824" lon="14.412453">
				<ele>270.000000</ele>
			</trkpt>
			<trkpt lat="50.842943" lon="14.412489">
				<ele>270.000000</ele>
			</trkpt>
			<trkpt lat="50.843096" lon="14.412562">
				<ele>270.000000</ele>
			</trkpt>
			<trkpt lat="50.843187" lon="14.412615">
				<ele>270.000000</ele>
			</trkpt>
			<trkpt lat="50.843266" lon="14.412705">
				<ele>269.000000</ele>
			</trkpt>
			<trkpt lat="50.843328" lon="14.412813">
				<ele>262.000000</ele>
			</trkpt>
			<trkpt lat="50.843629" lon="14.413451">
				<ele>255.000000</ele>
			</trkpt>
			<trkpt lat="50.843754" lon="14.413702">
				<ele>255.000000</ele>
			</trkpt>
			<trkpt lat="50.843822" lon="14.413792">
				<ele>255.000000</ele>
			</trkpt>
			<trkpt lat="50.843884" lon="14.413855">
				<ele>255.000000</ele>
			</trkpt>
			<trkpt lat="50.844163" lon="14.414080">
				<ele>266.000000</ele>
			</trkpt>
			<trkpt lat="50.844270" lon="14.414197">
				<ele>270.000000</ele>
			</trkpt>
			<trkpt lat="50.844309" lon="14.414268">
				<ele>271.000000</ele>
			</trkpt>
			<trkpt lat="50.844344" lon="14.414340">
				<ele>272.000000</ele>
			</trkpt>
			<trkpt lat="50.844389" lon="14.414466">
				<ele>273.000000</ele>
			</trkpt>
			<trkpt lat="50.844446" lon="14.414646">
				<ele>274.000000</ele>
			</trkpt>
			<trkpt lat="50.844537" lon="14.414960">
				<ele>280.000000</ele>
			</trkpt>
			<trkpt lat="50.844662" lon="14.415329">
				<ele>281.000000</ele>
			</trkpt>
			<trkpt lat="50.844729" lon="14.415571">
				<ele>281.000000</ele>
			</trkpt>
			<trkpt lat="50.844781" lon="14.415841">
				<ele>286.000000</ele>
			</trkpt>
			<trkpt lat="50.844837" lon="14.416208">
				<ele>297.000000</ele>
			</trkpt>
			<trkpt lat="50.844865" lon="14.416442">
				<ele>301.000000</ele>
			</trkpt>
			<trkpt lat="50.844860" lon="14.416658">
				<ele>304.000000</ele>
			</trkpt>
			<trkpt lat="50.844832" lon="14.416883">
				<ele>303.000000</ele>
			</trkpt>
			<trkpt lat="50.844781" lon="14.417089">
				<ele>299.000000</ele>
			</trkpt>
			<trkpt lat="50.844735" lon="14.417197">
				<ele>294.000000</ele>
			</trkpt>
			<trkpt lat="50.844684" lon="14.417269">
				<ele>287.000000</ele>
			</trkpt>
			<trkpt lat="50.844627" lon="14.417332">
				<ele>278.000000</ele>
			</trkpt>
			<trkpt lat="50.844474" lon="14.417457">
				<ele>267.000000</ele>
			</trkpt>
			<trkpt lat="50.844191" lon="14.417619">
				<ele>260.000000</ele>
			</trkpt>
			<trkpt lat="50.844083" lon="14.417663">
				<ele>260.000000</ele>
			</trkpt>
			<trkpt lat="50.844004" lon="14.417718">
				<ele>260.000000</ele>
			</trkpt>
			<trkpt lat="50.843919" lon="14.417808">
				<ele>260.000000</ele>
			</trkpt>
			<trkpt lat="50.843850" lon="14.417906">
				<ele>261.000000</ele>
			</trkpt>
			<trkpt lat="50.843465" lon="14.418508">
				<ele>261.000000</ele>
			</trkpt>
			<trkpt lat="50.843277" lon="14.418841">
				<ele>260.000000</ele>
			</trkpt>
			<trkpt lat="50.843084" lon="14.419181">
				<ele>261.000000</ele>
			</trkpt>
			<trkpt lat="50.842903" lon="14.419568">
				<ele>261.000000</ele>
			</trkpt>
			<trkpt lat="50.842620" lon="14.420206">
				<ele>263.000000</ele>
			</trkpt>
			<trkpt lat="50.842569" lon="14.420313">
				<ele>263.000000</ele>
			</trkpt>
			<trkpt lat="50.842506" lon="14.420413">
				<ele>263.000000</ele>
			</trkpt>
			<trkpt lat="50.842421" lon="14.420539">
				<ele>263.000000</ele>
			</trkpt>
			<trkpt lat="50.842381" lon="14.420629">
				<ele>263.000000</ele>
			</trkpt>
			<trkpt lat="50.842353" lon="14.420736">
				<ele>264.000000</ele>
			</trkpt>
			<trkpt lat="50.842353" lon="14.420853">
				<ele>264.000000</ele>
			</trkpt>
			<trkpt lat="50.842364" lon="14.420934">
				<ele>264.000000</ele>
			</trkpt>
			<trkpt lat="50.842381" lon="14.420996">
				<ele>264.000000</ele>
			</trkpt>
			<trkpt lat="50.842410" lon="14.421068">
				<ele>264.000000</ele>
			</trkpt>
			<trkpt lat="50.842455" lon="14.421131">
				<ele>264.000000</ele>
			</trkpt>
			<trkpt lat="50.842563" lon="14.421302">
				<ele>265.000000</ele>
			</trkpt>
			<trkpt lat="50.842636" lon="14.421401">
				<ele>265.000000</ele>
			</trkpt>
			<trkpt lat="50.842733" lon="14.421472">
				<ele>265.000000</ele>
			</trkpt>
			<trkpt lat="50.842925" lon="14.421571">
				<ele>265.000000</ele>
			</trkpt>
			<trkpt lat="50.843068" lon="14.421608">
				<ele>265.000000</ele>
			</trkpt>
			<trkpt lat="50.843204" lon="14.421608">
				<ele>265.000000</ele>
			</trkpt>
			<trkpt lat="50.843345" lon="14.421554">
				<ele>265.000000</ele>
			</trkpt>
			<trkpt lat="50.843481" lon="14.421491">
				<ele>265.000000</ele>
			</trkpt>
			<trkpt lat="50.843595" lon="14.421464">
				<ele>265.000000</ele>
			</trkpt>
			<trkpt lat="50.843703" lon="14.421445">
				<ele>265.000000</ele>
			</trkpt>
			<trkpt lat="50.843794" lon="14.421455">
				<ele>266.000000</ele>
			</trkpt>
			<trkpt lat="50.843941" lon="14.421617">
				<ele>266.000000</ele>
			</trkpt>
			<trkpt lat="50.843975" lon="14.421625">
				<ele>266.000000</ele>
			</trkpt>
			<trkpt lat="50.844004" lon="14.421617">
				<ele>266.000000</ele>
			</trkpt>
			<trkpt lat="50.844037" lon="14.421571">
				<ele>266.000000</ele>
			</trkpt>
			<trkpt lat="50.844071" lon="14.421508">
				<ele>266.000000</ele>
			</trkpt>
			<trkpt lat="50.844179" lon="14.421329">
				<ele>267.000000</ele>
			</trkpt>
			<trkpt lat="50.844287" lon="14.421194">
				<ele>267.000000</ele>
			</trkpt>
			<trkpt lat="50.844332" lon="14.421168">
				<ele>267.000000</ele>
			</trkpt>
			<trkpt lat="50.844389" lon="14.421141">
				<ele>267.000000</ele>
			</trkpt>
			<trkpt lat="50.844435" lon="14.421122">
				<ele>267.000000</ele>
			</trkpt>
			<trkpt lat="50.844486" lon="14.421122">
				<ele>268.000000</ele>
			</trkpt>
			<trkpt lat="50.844565" lon="14.421168">
				<ele>268.000000</ele>
			</trkpt>
			<trkpt lat="50.844627" lon="14.421221">
				<ele>268.000000</ele>
			</trkpt>
			<trkpt lat="50.844673" lon="14.421302">
				<ele>268.000000</ele>
			</trkpt>
			<trkpt lat="50.844729" lon="14.421445">
				<ele>268.000000</ele>
			</trkpt>
			<trkpt lat="50.844758" lon="14.421535">
				<ele>269.000000</ele>
			</trkpt>
			<trkpt lat="50.844758" lon="14.421617">
				<ele>269.000000</ele>
			</trkpt>
			<trkpt lat="50.844741" lon="14.421715">
				<ele>269.000000</ele>
			</trkpt>
			<trkpt lat="50.844696" lon="14.421850">
				<ele>269.000000</ele>
			</trkpt>
			<trkpt lat="50.844571" lon="14.422128">
				<ele>270.000000</ele>
			</trkpt>
			<trkpt lat="50.844503" lon="14.422263">
				<ele>270.000000</ele>
			</trkpt>
			<trkpt lat="50.844429" lon="14.422389">
				<ele>270.000000</ele>
			</trkpt>
			<trkpt lat="50.844383" lon="14.422460">
				<ele>270.000000</ele>
			</trkpt>
			<trkpt lat="50.844355" lon="14.422533">
				<ele>270.000000</ele>
			</trkpt>
			<trkpt lat="50.844350" lon="14.422632">
				<ele>270.000000</ele>
			</trkpt>
			<trkpt lat="50.844287" lon="14.422686">
				<ele>270.000000</ele>
			</trkpt>
			<trkpt lat="50.844242" lon="14.422776">
				<ele>270.000000</ele>
			</trkpt>
			<trkpt lat="50.844128" lon="14.423116">
				<ele>270.000000</ele>
			</trkpt>
			<trkpt lat="50.843913" lon="14.423701">
				<ele>272.000000</ele>
			</trkpt>
			<trkpt lat="50.843817" lon="14.423944">
				<ele>272.000000</ele>
			</trkpt>
			<trkpt lat="50.843663" lon="14.424284">
				<ele>273.000000</ele>
			</trkpt>
			<trkpt lat="50.843504" lon="14.424661">
				<ele>275.000000</ele>
			</trkpt>
			<trkpt lat="50.843436" lon="14.424887">
				<ele>275.000000</ele>
			</trkpt>
			<trkpt lat="50.843204" lon="14.425910">
				<ele>279.000000</ele>
			</trkpt>
			<trkpt lat="50.843170" lon="14.426126">
				<ele>280.000000</ele>
			</trkpt>
			<trkpt lat="50.843164" lon="14.426342">
				<ele>281.000000</ele>
			</trkpt>
			<trkpt lat="50.843164" lon="14.426539">
				<ele>281.000000</ele>
			</trkpt>
			<trkpt lat="50.843192" lon="14.426934">
				<ele>283.000000</ele>
			</trkpt>
			<trkpt lat="50.843204" lon="14.427124">
				<ele>283.000000</ele>
			</trkpt>
			<trkpt lat="50.843204" lon="14.427294">
				<ele>284.000000</ele>
			</trkpt>
			<trkpt lat="50.843187" lon="14.427447">
				<ele>284.000000</ele>
			</trkpt>
			<trkpt lat="50.843158" lon="14.427698">
				<ele>285.000000</ele>
			</trkpt>
			<trkpt lat="50.843141" lon="14.427869">
				<ele>286.000000</ele>
			</trkpt>
			<trkpt lat="50.843135" lon="14.428039">
				<ele>286.000000</ele>
			</trkpt>
			<trkpt lat="50.843147" lon="14.428525">
				<ele>288.000000</ele>
			</trkpt>
			<trkpt lat="50.843147" lon="14.428686">
				<ele>288.000000</ele>
			</trkpt>
			<trkpt lat="50.843130" lon="14.428839">
				<ele>289.000000</ele>
			</trkpt>
			<trkpt lat="50.843102" lon="14.428982">
				<ele>289.000000</ele>
			</trkpt>
			<trkpt lat="50.843039" lon="14.429234">
				<ele>290.000000</ele>
			</trkpt>
			<trkpt lat="50.843017" lon="14.429395">
				<ele>291.000000</ele>
			</trkpt>
			<trkpt lat="50.842999" lon="14.429540">
				<ele>291.000000</ele>
			</trkpt>
			<trkpt lat="50.842988" lon="14.429674">
				<ele>291.000000</ele>
			</trkpt>
			<trkpt lat="50.842988" lon="14.429810">
				<ele>292.000000</ele>
			</trkpt>
			<trkpt lat="50.842999" lon="14.429908">
				<ele>292.000000</ele>
			</trkpt>
			<trkpt lat="50.843017" lon="14.430016">
				<ele>293.000000</ele>
			</trkpt>
			<trkpt lat="50.843045" lon="14.430114">
				<ele>293.000000</ele>
			</trkpt>
			<trkpt lat="50.843084" lon="14.430231">
				<ele>293.000000</ele>
			</trkpt>
			<trkpt lat="50.843107" lon="14.430276">
				<ele>294.000000</ele>
			</trkpt>
			<trkpt lat="50.843147" lon="14.430313">
				<ele>294.000000</ele>
			</trkpt>
			<trkpt lat="50.843243" lon="14.430411">
				<ele>294.000000</ele>
			</trkpt>
			<trkpt lat="50.843317" lon="14.430483">
				<ele>295.000000</ele>
			</trkpt>
			<trkpt lat="50.843379" lon="14.430554">
				<ele>295.000000</ele>
			</trkpt>
			<trkpt lat="50.843436" lon="14.430636">
				<ele>296.000000</ele>
			</trkpt>
			<trkpt lat="50.843499" lon="14.430779">
				<ele>296.000000</ele>
			</trkpt>
			<trkpt lat="50.843589" lon="14.431076">
				<ele>297.000000</ele>
			</trkpt>
			<trkpt lat="50.843635" lon="14.431192">
				<ele>298.000000</ele>
			</trkpt>
			<trkpt lat="50.843697" lon="14.431292">
				<ele>298.000000</ele>
			</trkpt>
			<trkpt lat="50.843788" lon="14.431372">
				<ele>299.000000</ele>
			</trkpt>
			<trkpt lat="50.843890" lon="14.431426">
				<ele>299.000000</ele>
			</trkpt>
			<trkpt lat="50.844094" lon="14.431542">
				<ele>300.000000</ele>
			</trkpt>
			<trkpt lat="50.844214" lon="14.431624">
				<ele>301.000000</ele>
			</trkpt>
			<trkpt lat="50.844304" lon="14.431722">
				<ele>301.000000</ele>
			</trkpt>
			<trkpt lat="50.844366" lon="14.431821">
				<ele>302.000000</ele>
			</trkpt>
			<trkpt lat="50.844412" lon="14.431938">
				<ele>302.000000</ele>
			</trkpt>
			<trkpt lat="50.844452" lon="14.432091">
				<ele>303.000000</ele>
			</trkpt>
			<trkpt lat="50.844474" lon="14.432171">
				<ele>303.000000</ele>
			</trkpt>
			<trkpt lat="50.844503" lon="14.432244">
				<ele>303.000000</ele>
			</trkpt>
			<trkpt lat="50.844542" lon="14.432315">
				<ele>304.000000</ele>
			</trkpt>
			<trkpt lat="50.844588" lon="14.432370">
				<ele>304.000000</ele>
			</trkpt>
			<trkpt lat="50.844667" lon="14.432468">
				<ele>304.000000</ele>
			</trkpt>
			<trkpt lat="50.844775" lon="14.432666">
				<ele>305.000000</ele>
			</trkpt>
			<trkpt lat="50.844985" lon="14.433061">
				<ele>308.000000</ele>
			</trkpt>
			<trkpt lat="50.845042" lon="14.433187">
				<ele>309.000000</ele>
			</trkpt>
			<trkpt lat="50.845065" lon="14.433277">
				<ele>310.000000</ele>
			</trkpt>
			<trkpt lat="50.845138" lon="14.433286">
				<ele>310.000000</ele>
			</trkpt>
			<trkpt lat="50.845217" lon="14.433330">
				<ele>310.000000</ele>
			</trkpt>
			<trkpt lat="50.845291" lon="14.433412">
				<ele>310.000000</ele>
			</trkpt>
			<trkpt lat="50.845354" lon="14.433573">
				<ele>310.000000</ele>
			</trkpt>
			<trkpt lat="50.845427" lon="14.433753">
				<ele>311.000000</ele>
			</trkpt>
			<trkpt lat="50.845512" lon="14.433995">
				<ele>312.000000</ele>
			</trkpt>
			<trkpt lat="50.845575" lon="14.434219">
				<ele>312.000000</ele>
			</trkpt>
			<trkpt lat="50.845586" lon="14.434336">
				<ele>313.000000</ele>
			</trkpt>
			<trkpt lat="50.845603" lon="14.434462">
				<ele>313.000000</ele>
			</trkpt>
			<trkpt lat="50.845598" lon="14.434678">
				<ele>314.000000</ele>
			</trkpt>
			<trkpt lat="50.845563" lon="14.434948">
				<ele>315.000000</ele>
			</trkpt>
			<trkpt lat="50.845524" lon="14.435163">
				<ele>315.000000</ele>
			</trkpt>
			<trkpt lat="50.845501" lon="14.435370">
				<ele>316.000000</ele>
			</trkpt>
			<trkpt lat="50.845473" lon="14.435567">
				<ele>317.000000</ele>
			</trkpt>
			<trkpt lat="50.845421" lon="14.435756">
				<ele>317.000000</ele>
			</trkpt>
			<trkpt lat="50.845206" lon="14.436313">
				<ele>319.000000</ele>
			</trkpt>
			<trkpt lat="50.845144" lon="14.436483">
				<ele>320.000000</ele>
			</trkpt>
			<trkpt lat="50.845109" lon="14.436609">
				<ele>320.000000</ele>
			</trkpt>
			<trkpt lat="50.845104" lon="14.436753">
				<ele>321.000000</ele>
			</trkpt>
			<trkpt lat="50.844939" lon="14.437194">
				<ele>322.000000</ele>
			</trkpt>
			<trkpt lat="50.844860" lon="14.437435">
				<ele>323.000000</ele>
			</trkpt>
			<trkpt lat="50.844826" lon="14.437571">
				<ele>323.000000</ele>
			</trkpt>
			<trkpt lat="50.844803" lon="14.437714">
				<ele>324.000000</ele>
			</trkpt>
			<trkpt lat="50.844781" lon="14.437850">
				<ele>324.000000</ele>
			</trkpt>
			<trkpt lat="50.844763" lon="14.438037">
				<ele>324.000000</ele>
			</trkpt>
			<trkpt lat="50.844752" lon="14.438504">
				<ele>326.000000</ele>
			</trkpt>
			<trkpt lat="50.844633" lon="14.438450">
				<ele>327.000000</ele>
			</trkpt>
			<trkpt lat="50.844509" lon="14.438343">
				<ele>328.000000</ele>
			</trkpt>
			<trkpt lat="50.844316" lon="14.438146">
				<ele>330.000000</ele>
			</trkpt>
			<trkpt lat="50.844253" lon="14.438047">
				<ele>331.000000</ele>
			</trkpt>
			<trkpt lat="50.844202" lon="14.437957">
				<ele>331.000000</ele>
			</trkpt>
			<trkpt lat="50.844157" lon="14.437858">
				<ele>332.000000</ele>
			</trkpt>
			<trkpt lat="50.844128" lon="14.437760">
				<ele>333.000000</ele>
			</trkpt>
			<trkpt lat="50.844106" lon="14.437661">
				<ele>333.000000</ele>
			</trkpt>
			<trkpt lat="50.844100" lon="14.437535">
				<ele>334.000000</ele>
			</trkpt>
			<trkpt lat="50.844089" lon="14.437319">
				<ele>335.000000</ele>
			</trkpt>
			<trkpt lat="50.844060" lon="14.437175">
				<ele>336.000000</ele>
			</trkpt>
			<trkpt lat="50.844015" lon="14.437076">
				<ele>337.000000</ele>
			</trkpt>
			<trkpt lat="50.843953" lon="14.437014">
				<ele>338.000000</ele>
			</trkpt>
			<trkpt lat="50.843879" lon="14.437022">
				<ele>339.000000</ele>
			</trkpt>
			<trkpt lat="50.843827" lon="14.437022">
				<ele>340.000000</ele>
			</trkpt>
			<trkpt lat="50.843782" lon="14.437014">
				<ele>341.000000</ele>
			</trkpt>
			<trkpt lat="50.843697" lon="14.436969">
				<ele>342.000000</ele>
			</trkpt>
			<trkpt lat="50.843646" lon="14.436959">
				<ele>342.000000</ele>
			</trkpt>
			<trkpt lat="50.843051" lon="14.437068">
				<ele>350.000000</ele>
			</trkpt>
			<trkpt lat="50.842659" lon="14.437166">
				<ele>354.000000</ele>
			</trkpt>
			<trkpt lat="50.842449" lon="14.437238">
				<ele>355.000000</ele>
			</trkpt>
			<trkpt lat="50.842336" lon="14.437311">
				<ele>356.000000</ele>
			</trkpt>
			<trkpt lat="50.842290" lon="14.437372">
				<ele>356.000000</ele>
			</trkpt>
			<trkpt lat="50.842245" lon="14.437427">
				<ele>357.000000</ele>
			</trkpt>
			<trkpt lat="50.842211" lon="14.437490">
				<ele>357.000000</ele>
			</trkpt>
			<trkpt lat="50.842182" lon="14.437571">
				<ele>357.000000</ele>
			</trkpt>
			<trkpt lat="50.842075" lon="14.437831">
				<ele>358.000000</ele>
			</trkpt>
			<trkpt lat="50.841933" lon="14.438181">
				<ele>359.000000</ele>
			</trkpt>
			<trkpt lat="50.841899" lon="14.438298">
				<ele>360.000000</ele>
			</trkpt>
			<trkpt lat="50.841887" lon="14.438416">
				<ele>361.000000</ele>
			</trkpt>
			<trkpt lat="50.841899" lon="14.438523">
				<ele>362.000000</ele>
			</trkpt>
			<trkpt lat="50.841928" lon="14.438657">
				<ele>363.000000</ele>
			</trkpt>
			<trkpt lat="50.842018" lon="14.438909">
				<ele>366.000000</ele>
			</trkpt>
			<trkpt lat="50.842081" lon="14.439152">
				<ele>370.000000</ele>
			</trkpt>
			<trkpt lat="50.842092" lon="14.439223">
				<ele>371.000000</ele>
			</trkpt>
			<trkpt lat="50.842103" lon="14.439295">
				<ele>372.000000</ele>
			</trkpt>
			<trkpt lat="50.842092" lon="14.439376">
				<ele>373.000000</ele>
			</trkpt>
			<trkpt lat="50.842086" lon="14.439429">
				<ele>374.000000</ele>
			</trkpt>
			<trkpt lat="50.842069" lon="14.439502">
				<ele>375.000000</ele>
			</trkpt>
			<trkpt lat="50.842041" lon="14.439546">
				<ele>375.000000</ele>
			</trkpt>
			<trkpt lat="50.842012" lon="14.439601">
				<ele>376.000000</ele>
			</trkpt>
			<trkpt lat="50.841967" lon="14.439636">
				<ele>377.000000</ele>
			</trkpt>
			<trkpt lat="50.841887" lon="14.439708">
				<ele>379.000000</ele>
			</trkpt>
			<trkpt lat="50.841836" lon="14.439789">
				<ele>381.000000</ele>
			</trkpt>
			<trkpt lat="50.841780" lon="14.439879">
				<ele>383.000000</ele>
			</trkpt>
			<trkpt lat="50.841746" lon="14.439987">
				<ele>384.000000</ele>
			</trkpt>
			<trkpt lat="50.841610" lon="14.440437">
				<ele>389.000000</ele>
			</trkpt>
			<trkpt lat="50.841553" lon="14.440616">
				<ele>391.000000</ele>
			</trkpt>
			<trkpt lat="50.841428" lon="14.441003">
				<ele>394.000000</ele>
			</trkpt>
			<trkpt lat="50.841354" lon="14.441272">
				<ele>398.000000</ele>
			</trkpt>
			<trkpt lat="50.841338" lon="14.441343">
				<ele>399.000000</ele>
			</trkpt>
			<trkpt lat="50.841338" lon="14.441433">
				<ele>401.000000</ele>
			</trkpt>
			<trkpt lat="50.841354" lon="14.441506">
				<ele>402.000000</ele>
			</trkpt>
			<trkpt lat="50.841383" lon="14.441569">
				<ele>403.000000</ele>
			</trkpt>
			<trkpt lat="50.841428" lon="14.441666">
				<ele>405.000000</ele>
			</trkpt>
			<trkpt lat="50.841446" lon="14.441756">
				<ele>406.000000</ele>
			</trkpt>
			<trkpt lat="50.841446" lon="14.441802">
				<ele>406.000000</ele>
			</trkpt>
			<trkpt lat="50.841428" lon="14.441856">
				<ele>406.000000</ele>
			</trkpt>
			<trkpt lat="50.841343" lon="14.441955">
				<ele>408.000000</ele>
			</trkpt>
			<trkpt lat="50.841162" lon="14.442125">
				<ele>410.000000</ele>
			</trkpt>
			<trkpt lat="50.840787" lon="14.442502">
				<ele>415.000000</ele>
			</trkpt>
			<trkpt lat="50.840646" lon="14.442674">
				<ele>418.000000</ele>
			</trkpt>
			<trkpt lat="50.840583" lon="14.442762">
				<ele>420.000000</ele>
			</trkpt>
			<trkpt lat="50.840543" lon="14.442861">
				<ele>422.000000</ele>
			</trkpt>
			<trkpt lat="50.840526" lon="14.442978">
				<ele>423.000000</ele>
			</trkpt>
			<trkpt lat="50.840526" lon="14.443114">
				<ele>425.000000</ele>
			</trkpt>
			<trkpt lat="50.840538" lon="14.443454">
				<ele>428.000000</ele>
			</trkpt>
			<trkpt lat="50.840521" lon="14.443697">
				<ele>429.000000</ele>
			</trkpt>
			<trkpt lat="50.840487" lon="14.443940">
				<ele>431.000000</ele>
			</trkpt>
			<trkpt lat="50.840418" lon="14.444227">
				<ele>432.000000</ele>
			</trkpt>
			<trkpt lat="50.840373" lon="14.444380">
				<ele>433.000000</ele>
			</trkpt>
			<trkpt lat="50.840316" lon="14.444550">
				<ele>434.000000</ele>
			</trkpt>
			<trkpt lat="50.840254" lon="14.444695">
				<ele>434.000000</ele>
			</trkpt>
			<trkpt lat="50.840186" lon="14.444819">
				<ele>435.000000</ele>
			</trkpt>
			<trkpt lat="50.840090" lon="14.444936">
				<ele>438.000000</ele>
			</trkpt>
			<trkpt lat="50.839936" lon="14.445144">
				<ele>442.000000</ele>
			</trkpt>
			<trkpt lat="50.839811" lon="14.445269">
				<ele>444.000000</ele>
			</trkpt>
			<trkpt lat="50.839687" lon="14.445385">
				<ele>447.000000</ele>
			</trkpt>
			<trkpt lat="50.839516" lon="14.445511">
				<ele>451.000000</ele>
			</trkpt>
			<trkpt lat="50.839386" lon="14.445601">
				<ele>453.000000</ele>
			</trkpt>
			<trkpt lat="50.839272" lon="14.445674">
				<ele>454.000000</ele>
			</trkpt>
			<trkpt lat="50.839148" lon="14.445718">
				<ele>456.000000</ele>
			</trkpt>
			<trkpt lat="50.838938" lon="14.445790">
				<ele>459.000000</ele>
			</trkpt>
			<trkpt lat="50.838853" lon="14.445835">
				<ele>460.000000</ele>
			</trkpt>
			<trkpt lat="50.838790" lon="14.445907">
				<ele>462.000000</ele>
			</trkpt>
			<trkpt lat="50.838728" lon="14.446006">
				<ele>464.000000</ele>
			</trkpt>
			<trkpt lat="50.838665" lon="14.446177">
				<ele>469.000000</ele>
			</trkpt>
			<trkpt lat="50.838513" lon="14.446536">
				<ele>478.000000</ele>
			</trkpt>
			<trkpt lat="50.838291" lon="14.447003">
				<ele>487.000000</ele>
			</trkpt>
			<trkpt lat="50.838234" lon="14.447102">
				<ele>490.000000</ele>
			</trkpt>
			<trkpt lat="50.838183" lon="14.447192">
				<ele>491.000000</ele>
			</trkpt>
			<trkpt lat="50.838127" lon="14.447173">
				<ele>492.000000</ele>
			</trkpt>
			<trkpt lat="50.838075" lon="14.447165">
				<ele>493.000000</ele>
			</trkpt>
			<trkpt lat="50.837945" lon="14.447056">
				<ele>496.000000</ele>
			</trkpt>
			<trkpt lat="50.837865" lon="14.447012">
				<ele>498.000000</ele>
			</trkpt>
			<trkpt lat="50.837792" lon="14.446993">
				<ele>499.000000</ele>
			</trkpt>
			<trkpt lat="50.837713" lon="14.447039">
				<ele>502.000000</ele>
			</trkpt>
			<trkpt lat="50.837633" lon="14.447129">
				<ele>506.000000</ele>
			</trkpt>
			<trkpt lat="50.837480" lon="14.447299">
				<ele>512.000000</ele>
			</trkpt>
			<trkpt lat="50.837401" lon="14.447372">
				<ele>514.000000</ele>
			</trkpt>
			<trkpt lat="50.837338" lon="14.447416">
				<ele>516.000000</ele>
			</trkpt>
			<trkpt lat="50.837265" lon="14.447443">
				<ele>518.000000</ele>
			</trkpt>
			<trkpt lat="50.837196" lon="14.447461">
				<ele>520.000000</ele>
			</trkpt>
			<trkpt lat="50.837111" lon="14.447469">
				<ele>521.000000</ele>
			</trkpt>
			<trkpt lat="50.837032" lon="14.447461">
				<ele>523.000000</ele>
			</trkpt>
			<trkpt lat="50.837026" lon="14.447479">
				<ele>523.000000</ele>
			</trkpt>
			<trkpt lat="50.836935" lon="14.447461">
				<ele>524.000000</ele>
			</trkpt>
			<trkpt lat="50.836862" lon="14.447479">
				<ele>526.000000</ele>
			</trkpt>
			<trkpt lat="50.836799" lon="14.447506">
				<ele>528.000000</ele>
			</trkpt>
			<trkpt lat="50.836737" lon="14.447532">
				<ele>529.000000</ele>
			</trkpt>
			<trkpt lat="50.836691" lon="14.447595">
				<ele>530.000000</ele>
			</trkpt>
			<trkpt lat="50.836646" lon="14.447649">
				<ele>532.000000</ele>
			</trkpt>
			<trkpt lat="50.836612" lon="14.447739">
				<ele>533.000000</ele>
			</trkpt>
			<trkpt lat="50.836595" lon="14.447802">
				<ele>534.000000</ele>
			</trkpt>
			<trkpt lat="50.836516" lon="14.448207">
				<ele>541.000000</ele>
			</trkpt>
			<trkpt lat="50.836470" lon="14.448503">
				<ele>546.000000</ele>
			</trkpt>
			<trkpt lat="50.836453" lon="14.448817">
				<ele>549.000000</ele>
			</trkpt>
			<trkpt lat="50.836459" lon="14.449203">
				<ele>555.000000</ele>
			</trkpt>
			<trkpt lat="50.836459" lon="14.449473">
				<ele>558.000000</ele>
			</trkpt>
			<trkpt lat="50.836442" lon="14.449680">
				<ele>561.000000</ele>
			</trkpt>
			<trkpt lat="50.836385" lon="14.449895">
				<ele>565.000000</ele>
			</trkpt>
			<trkpt lat="50.836300" lon="14.450129">
				<ele>569.000000</ele>
			</trkpt>
			<trkpt lat="50.836255" lon="14.450209">
				<ele>570.000000</ele>
			</trkpt>
			<trkpt lat="50.836221" lon="14.450236">
				<ele>571.000000</ele>
			</trkpt>
			<trkpt lat="50.836181" lon="14.450255">
				<ele>571.000000</ele>
			</trkpt>
			<trkpt lat="50.836101" lon="14.450272">
				<ele>572.000000</ele>
			</trkpt>
			<trkpt lat="50.835993" lon="14.450228">
				<ele>573.000000</ele>
			</trkpt>
			<trkpt lat="50.835829" lon="14.450148">
				<ele>576.000000</ele>
			</trkpt>
			<trkpt lat="50.835670" lon="14.450075">
				<ele>578.000000</ele>
			</trkpt>
			<trkpt lat="50.835506" lon="14.450022">
				<ele>580.000000</ele>
			</trkpt>
			<trkpt lat="50.835262" lon="14.449949">
				<ele>585.000000</ele>
			</trkpt>
			<trkpt lat="50.834955" lon="14.449869">
				<ele>590.000000</ele>
			</trkpt>
			<trkpt lat="50.834842" lon="14.449832">
				<ele>590.000000</ele>
			</trkpt>
			<trkpt lat="50.834740" lon="14.449769">
				<ele>591.000000</ele>
			</trkpt>
			<trkpt lat="50.834643" lon="14.449706">
				<ele>592.000000</ele>
			</trkpt>
			<trkpt lat="50.834541" lon="14.449617">
				<ele>592.000000</ele>
			</trkpt>
			<trkpt lat="50.834360" lon="14.449410">
				<ele>593.000000</ele>
			</trkpt>
			<trkpt lat="50.834263" lon="14.449312">
				<ele>594.000000</ele>
			</trkpt>
			<trkpt lat="50.834161" lon="14.449257">
				<ele>594.000000</ele>
			</trkpt>
			<trkpt lat="50.834047" lon="14.449230">
				<ele>595.000000</ele>
			</trkpt>
			<trkpt lat="50.833849" lon="14.449203">
				<ele>596.000000</ele>
			</trkpt>
			<trkpt lat="50.833594" lon="14.449159">
				<ele>597.000000</ele>
			</trkpt>
			<trkpt lat="50.833378" lon="14.449106">
				<ele>599.000000</ele>
			</trkpt>
			<trkpt lat="50.833174" lon="14.449043">
				<ele>600.000000</ele>
			</trkpt>
			<trkpt lat="50.832788" lon="14.448890">
				<ele>602.000000</ele>
			</trkpt>
			<trkpt lat="50.832703" lon="14.448863">
				<ele>603.000000</ele>
			</trkpt>
			<trkpt lat="50.832624" lon="14.448844">
				<ele>603.000000</ele>
			</trkpt>
			<trkpt lat="50.832550" lon="14.448863">
				<ele>604.000000</ele>
			</trkpt>
			<trkpt lat="50.832470" lon="14.448880">
				<ele>604.000000</ele>
			</trkpt>
			<trkpt lat="50.832408" lon="14.448926">
				<ele>605.000000</ele>
			</trkpt>
			<trkpt lat="50.832334" lon="14.448997">
				<ele>606.000000</ele>
			</trkpt>
			<trkpt lat="50.832272" lon="14.449069">
				<ele>607.000000</ele>
			</trkpt>
			<trkpt lat="50.832204" lon="14.449167">
				<ele>609.000000</ele>
			</trkpt>
			<trkpt lat="50.831988" lon="14.449509">
				<ele>614.000000</ele>
			</trkpt>
			<trkpt lat="50.831926" lon="14.449653">
				<ele>617.000000</ele>
			</trkpt>
			<trkpt lat="50.831875" lon="14.449806">
				<ele>620.000000</ele>
			</trkpt>
			<trkpt lat="50.831795" lon="14.450039">
				<ele>625.000000</ele>
			</trkpt>
			<trkpt lat="50.831710" lon="14.450209">
				<ele>628.000000</ele>
			</trkpt>
			<trkpt lat="50.831614" lon="14.450381">
				<ele>632.000000</ele>
			</trkpt>
			<trkpt lat="50.831472" lon="14.450569">
				<ele>637.000000</ele>
			</trkpt>
			<trkpt lat="50.831273" lon="14.450821">
				<ele>643.000000</ele>
			</trkpt>
			<trkpt lat="50.831131" lon="14.451064">
				<ele>647.000000</ele>
			</trkpt>
			<trkpt lat="50.831018" lon="14.451251">
				<ele>650.000000</ele>
			</trkpt>
			<trkpt lat="50.830910" lon="14.451396">
				<ele>650.000000</ele>
			</trkpt>
			<trkpt lat="50.830785" lon="14.451540">
				<ele>650.000000</ele>
			</trkpt>
			<trkpt lat="50.830570" lon="14.451737">
				<ele>650.000000</ele>
			</trkpt>
			<trkpt lat="50.830400" lon="14.451899">
				<ele>650.000000</ele>
			</trkpt>
			<trkpt lat="50.830275" lon="14.452043">
				<ele>649.000000</ele>
			</trkpt>
			<trkpt lat="50.830172" lon="14.452159">
				<ele>647.000000</ele>
			</trkpt>
			<trkpt lat="50.830087" lon="14.452285">
				<ele>646.000000</ele>
			</trkpt>
			<trkpt lat="50.830008" lon="14.452429">
				<ele>645.000000</ele>
			</trkpt>
			<trkpt lat="50.829923" lon="14.452582">
				<ele>644.000000</ele>
			</trkpt>
			<trkpt lat="50.829844" lon="14.452761">
				<ele>643.000000</ele>
			</trkpt>
			<trkpt lat="50.829775" lon="14.452968">
				<ele>642.000000</ele>
			</trkpt>
			<trkpt lat="50.829667" lon="14.453309">
				<ele>641.000000</ele>
			</trkpt>
			<trkpt lat="50.829600" lon="14.453597">
				<ele>640.000000</ele>
			</trkpt>
			<trkpt lat="50.829543" lon="14.453930">
				<ele>641.000000</ele>
			</trkpt>
			<trkpt lat="50.829520" lon="14.454207">
				<ele>642.000000</ele>
			</trkpt>
			<trkpt lat="50.829520" lon="14.454477">
				<ele>643.000000</ele>
			</trkpt>
			<trkpt lat="50.829549" lon="14.454764">
				<ele>644.000000</ele>
			</trkpt>
			<trkpt lat="50.829588" lon="14.455060">
				<ele>645.000000</ele>
			</trkpt>
			<trkpt lat="50.829667" lon="14.455429">
				<ele>648.000000</ele>
			</trkpt>
			<trkpt lat="50.829872" lon="14.456175">
				<ele>655.000000</ele>
			</trkpt>
			<trkpt lat="50.829962" lon="14.456580">
				<ele>655.000000</ele>
			</trkpt>
			<trkpt lat="50.830036" lon="14.457001">
				<ele>655.000000</ele>
			</trkpt>
			<trkpt lat="50.830098" lon="14.457442">
				<ele>655.000000</ele>
			</trkpt>
			<trkpt lat="50.830139" lon="14.457683">
				<ele>654.000000</ele>
			</trkpt>
			<trkpt lat="50.830172" lon="14.457863">
				<ele>654.000000</ele>
			</trkpt>
			<trkpt lat="50.830229" lon="14.458035">
				<ele>653.000000</ele>
			</trkpt>
			<trkpt lat="50.830308" lon="14.458232">
				<ele>652.000000</ele>
			</trkpt>
			<trkpt lat="50.830382" lon="14.458402">
				<ele>652.000000</ele>
			</trkpt>
			<trkpt lat="50.830439" lon="14.458555">
				<ele>652.000000</ele>
			</trkpt>
			<trkpt lat="50.830473" lon="14.458725">
				<ele>651.000000</ele>
			</trkpt>
			<trkpt lat="50.830513" lon="14.458914">
				<ele>651.000000</ele>
			</trkpt>
			<trkpt lat="50.830558" lon="14.458842">
				<ele>652.000000</ele>
			</trkpt>
			<trkpt lat="50.830603" lon="14.458780">
				<ele>653.000000</ele>
			</trkpt>
			<trkpt lat="50.830689" lon="14.458725">
				<ele>654.000000</ele>
			</trkpt>
			<trkpt lat="50.830808" lon="14.458698">
				<ele>657.000000</ele>
			</trkpt>
			<trkpt lat="50.830990" lon="14.458681">
				<ele>660.000000</ele>
			</trkpt>
			<trkpt lat="50.831160" lon="14.458664">
				<ele>664.000000</ele>
			</trkpt>
			<trkpt lat="50.831257" lon="14.458645">
				<ele>666.000000</ele>
			</trkpt>
			<trkpt lat="50.831358" lon="14.458635">
				<ele>668.000000</ele>
			</trkpt>
			<trkpt lat="50.831466" lon="14.458574">
				<ele>671.000000</ele>
			</trkpt>
			<trkpt lat="50.832136" lon="14.458214">
				<ele>690.000000</ele>
			</trkpt>
			<trkpt lat="50.832164" lon="14.458196">
				<ele>691.000000</ele>
			</trkpt>
			<trkpt lat="50.832193" lon="14.458151">
				<ele>692.000000</ele>
			</trkpt>
			<trkpt lat="50.832215" lon="14.458070">
				<ele>694.000000</ele>
			</trkpt>
			<trkpt lat="50.832226" lon="14.457953">
				<ele>696.000000</ele>
			</trkpt>
			<trkpt lat="50.832209" lon="14.457846">
				<ele>699.000000</ele>
			</trkpt>
			<trkpt lat="50.832152" lon="14.457639">
				<ele>703.000000</ele>
			</trkpt>
			<trkpt lat="50.832113" lon="14.457459">
				<ele>706.000000</ele>
			</trkpt>
			<trkpt lat="50.832090" lon="14.457243">
				<ele>709.000000</ele>
			</trkpt>
			<trkpt lat="50.832067" lon="14.456974">
				<ele>713.000000</ele>
			</trkpt>
			<trkpt lat="50.831993" lon="14.456435">
				<ele>720.000000</ele>
			</trkpt>
			<trkpt lat="50.831965" lon="14.456130">
				<ele>724.000000</ele>
			</trkpt>
			<trkpt lat="50.831949" lon="14.455888">
				<ele>727.000000</ele>
			</trkpt>
			<trkpt lat="50.831937" lon="14.455716">
				<ele>729.000000</ele>
			</trkpt>
			<trkpt lat="50.831942" lon="14.455572">
				<ele>730.000000</ele>
			</trkpt>
			<trkpt lat="50.831960" lon="14.455456">
				<ele>731.000000</ele>
			</trkpt>
			<trkpt lat="50.832085" lon="14.455043">
				<ele>733.000000</ele>
			</trkpt>
			<trkpt lat="50.832113" lon="14.454899">
				<ele>734.000000</ele>
			</trkpt>
			<trkpt lat="50.832141" lon="14.454729">
				<ele>734.000000</ele>
			</trkpt>
			<trkpt lat="50.832130" lon="14.454549">
				<ele>735.000000</ele>
			</trkpt>
			<trkpt lat="50.832130" lon="14.454549">
				<ele>735.000000</ele>
			</trkpt>
			<trkpt lat="50.832141" lon="14.454729">
				<ele>734.000000</ele>
			</trkpt>
			<trkpt lat="50.832113" lon="14.454899">
				<ele>734.000000</ele>
			</trkpt>
			<trkpt lat="50.832085" lon="14.455043">
				<ele>733.000000</ele>
			</trkpt>
			<trkpt lat="50.831960" lon="14.455456">
				<ele>731.000000</ele>
			</trkpt>
			<trkpt lat="50.831942" lon="14.455572">
				<ele>730.000000</ele>
			</trkpt>
			<trkpt lat="50.831937" lon="14.455716">
				<ele>729.000000</ele>
			</trkpt>
			<trkpt lat="50.831949" lon="14.455888">
				<ele>727.000000</ele>
			</trkpt>
			<trkpt lat="50.831965" lon="14.456130">
				<ele>724.000000</ele>
			</trkpt>
			<trkpt lat="50.831993" lon="14.456435">
				<ele>720.000000</ele>
			</trkpt>
			<trkpt lat="50.832067" lon="14.456974">
				<ele>713.000000</ele>
			</trkpt>
			<trkpt lat="50.832090" lon="14.457243">
				<ele>709.000000</ele>
			</trkpt>
			<trkpt lat="50.832113" lon="14.457459">
				<ele>706.000000</ele>
			</trkpt>
			<trkpt lat="50.832152" lon="14.457639">
				<ele>703.000000</ele>
			</trkpt>
			<trkpt lat="50.832209" lon="14.457846">
				<ele>699.000000</ele>
			</trkpt>
			<trkpt lat="50.832226" lon="14.457953">
				<ele>696.000000</ele>
			</trkpt>
			<trkpt lat="50.832215" lon="14.458070">
				<ele>694.000000</ele>
			</trkpt>
			<trkpt lat="50.832193" lon="14.458151">
				<ele>692.000000</ele>
			</trkpt>
			<trkpt lat="50.832164" lon="14.458196">
				<ele>691.000000</ele>
			</trkpt>
			<trkpt lat="50.832136" lon="14.458214">
				<ele>690.000000</ele>
			</trkpt>
			<trkpt lat="50.831466" lon="14.458574">
				<ele>671.000000</ele>
			</trkpt>
			<trkpt lat="50.831358" lon="14.458635">
				<ele>668.000000</ele>
			</trkpt>
			<trkpt lat="50.831257" lon="14.458645">
				<ele>666.000000</ele>
			</trkpt>
			<trkpt lat="50.831160" lon="14.458664">
				<ele>664.000000</ele>
			</trkpt>
			<trkpt lat="50.830990" lon="14.458681">
				<ele>660.000000</ele>
			</trkpt>
			<trkpt lat="50.830808" lon="14.458698">
				<ele>657.000000</ele>
			</trkpt>
			<trkpt lat="50.830689" lon="14.458725">
				<ele>654.000000</ele>
			</trkpt>
			<trkpt lat="50.830603" lon="14.458780">
				<ele>653.000000</ele>
			</trkpt>
			<trkpt lat="50.830558" lon="14.458842">
				<ele>652.000000</ele>
			</trkpt>
			<trkpt lat="50.830513" lon="14.458914">
				<ele>651.000000</ele>
			</trkpt>
			<trkpt lat="50.830541" lon="14.459094">
				<ele>650.000000</ele>
			</trkpt>
			<trkpt lat="50.830575" lon="14.459364">
				<ele>647.000000</ele>
			</trkpt>
			<trkpt lat="50.830677" lon="14.459857">
				<ele>641.000000</ele>
			</trkpt>
			<trkpt lat="50.830791" lon="14.460415">
				<ele>635.000000</ele>
			</trkpt>
			<trkpt lat="50.831006" lon="14.461304">
				<ele>626.000000</ele>
			</trkpt>
			<trkpt lat="50.831092" lon="14.461664">
				<ele>624.000000</ele>
			</trkpt>
			<trkpt lat="50.831131" lon="14.461870">
				<ele>623.000000</ele>
			</trkpt>
			<trkpt lat="50.831149" lon="14.462113">
				<ele>622.000000</ele>
			</trkpt>
			<trkpt lat="50.831160" lon="14.462310">
				<ele>621.000000</ele>
			</trkpt>
			<trkpt lat="50.831149" lon="14.462543">
				<ele>620.000000</ele>
			</trkpt>
			<trkpt lat="50.831131" lon="14.462750">
				<ele>619.000000</ele>
			</trkpt>
			<trkpt lat="50.831098" lon="14.462983">
				<ele>619.000000</ele>
			</trkpt>
			<trkpt lat="50.830955" lon="14.463666">
				<ele>617.000000</ele>
			</trkpt>
			<trkpt lat="50.830921" lon="14.463819">
				<ele>617.000000</ele>
			</trkpt>
			<trkpt lat="50.830876" lon="14.463981">
				<ele>616.000000</ele>
			</trkpt>
			<trkpt lat="50.830814" lon="14.464115">
				<ele>616.000000</ele>
			</trkpt>
			<trkpt lat="50.830751" lon="14.464251">
				<ele>616.000000</ele>
			</trkpt>
			<trkpt lat="50.830683" lon="14.464358">
				<ele>615.000000</ele>
			</trkpt>
			<trkpt lat="50.830593" lon="14.464493">
				<ele>615.000000</ele>
			</trkpt>
			<trkpt lat="50.830485" lon="14.464610">
				<ele>614.000000</ele>
			</trkpt>
			<trkpt lat="50.830349" lon="14.464736">
				<ele>613.000000</ele>
			</trkpt>
			<trkpt lat="50.830042" lon="14.464754">
				<ele>611.000000</ele>
			</trkpt>
			<trkpt lat="50.829934" lon="14.464736">
				<ele>611.000000</ele>
			</trkpt>
			<trkpt lat="50.829866" lon="14.464708">
				<ele>611.000000</ele>
			</trkpt>
			<trkpt lat="50.829486" lon="14.464547">
				<ele>607.000000</ele>
			</trkpt>
			<trkpt lat="50.829333" lon="14.464475">
				<ele>605.000000</ele>
			</trkpt>
			<trkpt lat="50.829197" lon="14.464394">
				<ele>604.000000</ele>
			</trkpt>
			<trkpt lat="50.829089" lon="14.464295">
				<ele>602.000000</ele>
			</trkpt>
			<trkpt lat="50.828981" lon="14.464151">
				<ele>600.000000</ele>
			</trkpt>
			<trkpt lat="50.828708" lon="14.464214">
				<ele>597.000000</ele>
			</trkpt>
			<trkpt lat="50.828584" lon="14.464260">
				<ele>596.000000</ele>
			</trkpt>
			<trkpt lat="50.828413" lon="14.464314">
				<ele>594.000000</ele>
			</trkpt>
			<trkpt lat="50.828277" lon="14.464322">
				<ele>593.000000</ele>
			</trkpt>
			<trkpt lat="50.827886" lon="14.464277">
				<ele>588.000000</ele>
			</trkpt>
			<trkpt lat="50.827659" lon="14.464241">
				<ele>585.000000</ele>
			</trkpt>
			<trkpt lat="50.827534" lon="14.464224">
				<ele>583.000000</ele>
			</trkpt>
			<trkpt lat="50.827398" lon="14.464241">
				<ele>582.000000</ele>
			</trkpt>
			<trkpt lat="50.827290" lon="14.464260">
				<ele>580.000000</ele>
			</trkpt>
			<trkpt lat="50.827199" lon="14.464314">
				<ele>580.000000</ele>
			</trkpt>
			<trkpt lat="50.827137" lon="14.464404">
				<ele>579.000000</ele>
			</trkpt>
			<trkpt lat="50.826966" lon="14.464646">
				<ele>578.000000</ele>
			</trkpt>
			<trkpt lat="50.826904" lon="14.464700">
				<ele>578.000000</ele>
			</trkpt>
			<trkpt lat="50.826836" lon="14.464744">
				<ele>577.000000</ele>
			</trkpt>
			<trkpt lat="50.826547" lon="14.464906">
				<ele>576.000000</ele>
			</trkpt>
			<trkpt lat="50.826161" lon="14.465113">
				<ele>575.000000</ele>
			</trkpt>
			<trkpt lat="50.825855" lon="14.465302">
				<ele>576.000000</ele>
			</trkpt>
			<trkpt lat="50.825741" lon="14.465383">
				<ele>576.000000</ele>
			</trkpt>
			<trkpt lat="50.825661" lon="14.465400">
				<ele>576.000000</ele>
			</trkpt>
			<trkpt lat="50.825616" lon="14.465517">
				<ele>576.000000</ele>
			</trkpt>
			<trkpt lat="50.825553" lon="14.465643">
				<ele>576.000000</ele>
			</trkpt>
			<trkpt lat="50.825338" lon="14.466029">
				<ele>577.000000</ele>
			</trkpt>
			<trkpt lat="50.825247" lon="14.466182">
				<ele>577.000000</ele>
			</trkpt>
			<trkpt lat="50.825185" lon="14.466299">
				<ele>577.000000</ele>
			</trkpt>
			<trkpt lat="50.825117" lon="14.466488">
				<ele>577.000000</ele>
			</trkpt>
			<trkpt lat="50.825099" lon="14.466586">
				<ele>577.000000</ele>
			</trkpt>
			<trkpt lat="50.825071" lon="14.466694">
				<ele>577.000000</ele>
			</trkpt>
			<trkpt lat="50.825066" lon="14.466811">
				<ele>577.000000</ele>
			</trkpt>
			<trkpt lat="50.825066" lon="14.466927">
				<ele>577.000000</ele>
			</trkpt>
			<trkpt lat="50.825071" lon="14.467035">
				<ele>577.000000</ele>
			</trkpt>
			<trkpt lat="50.825083" lon="14.467134">
				<ele>578.000000</ele>
			</trkpt>
			<trkpt lat="50.825128" lon="14.467448">
				<ele>578.000000</ele>
			</trkpt>
			<trkpt lat="50.825213" lon="14.468159">
				<ele>578.000000</ele>
			</trkpt>
			<trkpt lat="50.825224" lon="14.468248">
				<ele>578.000000</ele>
			</trkpt>
			<trkpt lat="50.825224" lon="14.468329">
				<ele>578.000000</ele>
			</trkpt>
			<trkpt lat="50.825213" lon="14.468401">
				<ele>579.000000</ele>
			</trkpt>
			<trkpt lat="50.825196" lon="14.468482">
				<ele>579.000000</ele>
			</trkpt>
			<trkpt lat="50.825417" lon="14.469164">
				<ele>579.000000</ele>
			</trkpt>
			<trkpt lat="50.825542" lon="14.469650">
				<ele>580.000000</ele>
			</trkpt>
			<trkpt lat="50.825599" lon="14.469946">
				<ele>580.000000</ele>
			</trkpt>
			<trkpt lat="50.825661" lon="14.470413">
				<ele>580.000000</ele>
			</trkpt>
			<trkpt lat="50.825701" lon="14.470620">
				<ele>581.000000</ele>
			</trkpt>
			<trkpt lat="50.825747" lon="14.470907">
				<ele>581.000000</ele>
			</trkpt>
			<trkpt lat="50.825804" lon="14.471059">
				<ele>582.000000</ele>
			</trkpt>
			<trkpt lat="50.825866" lon="14.471203">
				<ele>582.000000</ele>
			</trkpt>
			<trkpt lat="50.825956" lon="14.471320">
				<ele>582.000000</ele>
			</trkpt>
			<trkpt lat="50.826030" lon="14.471401">
				<ele>583.000000</ele>
			</trkpt>
			<trkpt lat="50.826081" lon="14.471473">
				<ele>583.000000</ele>
			</trkpt>
			<trkpt lat="50.826144" lon="14.471581">
				<ele>583.000000</ele>
			</trkpt>
			<trkpt lat="50.826201" lon="14.471698">
				<ele>584.000000</ele>
			</trkpt>
			<trkpt lat="50.826309" lon="14.471975">
				<ele>584.000000</ele>
			</trkpt>
			<trkpt lat="50.826445" lon="14.472417">
				<ele>585.000000</ele>
			</trkpt>
			<trkpt lat="50.826535" lon="14.472757">
				<ele>584.000000</ele>
			</trkpt>
			<trkpt lat="50.826728" lon="14.473512">
				<ele>581.000000</ele>
			</trkpt>
			<trkpt lat="50.826756" lon="14.473612">
				<ele>580.000000</ele>
			</trkpt>
			<trkpt lat="50.826819" lon="14.473791">
				<ele>580.000000</ele>
			</trkpt>
			<trkpt lat="50.826887" lon="14.473943">
				<ele>580.000000</ele>
			</trkpt>
			<trkpt lat="50.826955" lon="14.474088">
				<ele>580.000000</ele>
			</trkpt>
			<trkpt lat="50.827023" lon="14.474186">
				<ele>580.000000</ele>
			</trkpt>
			<trkpt lat="50.827102" lon="14.474275">
				<ele>580.000000</ele>
			</trkpt>
			<trkpt lat="50.827182" lon="14.474356">
				<ele>580.000000</ele>
			</trkpt>
			<trkpt lat="50.827284" lon="14.474411">
				<ele>580.000000</ele>
			</trkpt>
			<trkpt lat="50.827392" lon="14.474465">
				<ele>580.000000</ele>
			</trkpt>
			<trkpt lat="50.827579" lon="14.474564">
				<ele>580.000000</ele>
			</trkpt>
			<trkpt lat="50.827761" lon="14.474662">
				<ele>580.000000</ele>
			</trkpt>
			<trkpt lat="50.827914" lon="14.474805">
				<ele>580.000000</ele>
			</trkpt>
			<trkpt lat="50.828158" lon="14.475030">
				<ele>580.000000</ele>
			</trkpt>
			<trkpt lat="50.828493" lon="14.475344">
				<ele>580.000000</ele>
			</trkpt>
			<trkpt lat="50.828680" lon="14.475560">
				<ele>580.000000</ele>
			</trkpt>
			<trkpt lat="50.829077" lon="14.476109">
				<ele>578.000000</ele>
			</trkpt>
			<trkpt lat="50.829457" lon="14.476602">
				<ele>576.000000</ele>
			</trkpt>
			<trkpt lat="50.829560" lon="14.476773">
				<ele>575.000000</ele>
			</trkpt>
			<trkpt lat="50.829662" lon="14.476952">
				<ele>572.000000</ele>
			</trkpt>
			<trkpt lat="50.829708" lon="14.477025">
				<ele>571.000000</ele>
			</trkpt>
			<trkpt lat="50.829821" lon="14.477195">
				<ele>570.000000</ele>
			</trkpt>
			<trkpt lat="50.829849" lon="14.477267">
				<ele>570.000000</ele>
			</trkpt>
			<trkpt lat="50.829866" lon="14.477348">
				<ele>570.000000</ele>
			</trkpt>
			<trkpt lat="50.829923" lon="14.477617">
				<ele>570.000000</ele>
			</trkpt>
			<trkpt lat="50.829951" lon="14.477671">
				<ele>570.000000</ele>
			</trkpt>
			<trkpt lat="50.829985" lon="14.477717">
				<ele>570.000000</ele>
			</trkpt>
			<trkpt lat="50.830042" lon="14.477734">
				<ele>570.000000</ele>
			</trkpt>
			<trkpt lat="50.830105" lon="14.477717">
				<ele>570.000000</ele>
			</trkpt>
			<trkpt lat="50.830349" lon="14.477554">
				<ele>570.000000</ele>
			</trkpt>
			<trkpt lat="50.830451" lon="14.477510">
				<ele>570.000000</ele>
			</trkpt>
			<trkpt lat="50.830508" lon="14.477510">
				<ele>570.000000</ele>
			</trkpt>
			<trkpt lat="50.830564" lon="14.477510">
				<ele>570.000000</ele>
			</trkpt>
			<trkpt lat="50.830615" lon="14.477537">
				<ele>570.000000</ele>
			</trkpt>
			<trkpt lat="50.830677" lon="14.477600">
				<ele>570.000000</ele>
			</trkpt>
			<trkpt lat="50.830785" lon="14.477734">
				<ele>570.000000</ele>
			</trkpt>
			<trkpt lat="50.830967" lon="14.478031">
				<ele>570.000000</ele>
			</trkpt>
			<trkpt lat="50.831057" lon="14.478174">
				<ele>570.000000</ele>
			</trkpt>
			<trkpt lat="50.831160" lon="14.478346">
				<ele>570.000000</ele>
			</trkpt>
			<trkpt lat="50.831347" lon="14.478686">
				<ele>570.000000</ele>
			</trkpt>
			<trkpt lat="50.831455" lon="14.478839">
				<ele>568.000000</ele>
			</trkpt>
			<trkpt lat="50.831693" lon="14.479136">
				<ele>566.000000</ele>
			</trkpt>
			<trkpt lat="50.831818" lon="14.479333">
				<ele>565.000000</ele>
			</trkpt>
			<trkpt lat="50.831965" lon="14.479567">
				<ele>563.000000</ele>
			</trkpt>
			<trkpt lat="50.832085" lon="14.479728">
				<ele>561.000000</ele>
			</trkpt>
			<trkpt lat="50.832352" lon="14.480015">
				<ele>557.000000</ele>
			</trkpt>
			<trkpt lat="50.832527" lon="14.480231">
				<ele>555.000000</ele>
			</trkpt>
			<trkpt lat="50.832680" lon="14.480474">
				<ele>552.000000</ele>
			</trkpt>
			<trkpt lat="50.832822" lon="14.480753">
				<ele>549.000000</ele>
			</trkpt>
			<trkpt lat="50.833032" lon="14.481220">
				<ele>545.000000</ele>
			</trkpt>
			<trkpt lat="50.833196" lon="14.481499">
				<ele>543.000000</ele>
			</trkpt>
			<trkpt lat="50.833339" lon="14.481741">
				<ele>540.000000</ele>
			</trkpt>
			<trkpt lat="50.833412" lon="14.481885">
				<ele>540.000000</ele>
			</trkpt>
			<trkpt lat="50.833469" lon="14.482038">
				<ele>540.000000</ele>
			</trkpt>
			<trkpt lat="50.833514" lon="14.482181">
				<ele>540.000000</ele>
			</trkpt>
			<trkpt lat="50.833605" lon="14.482594">
				<ele>540.000000</ele>
			</trkpt>
			<trkpt lat="50.833679" lon="14.482845">
				<ele>540.000000</ele>
			</trkpt>
			<trkpt lat="50.833724" lon="14.482998">
				<ele>540.000000</ele>
			</trkpt>
			<trkpt lat="50.833781" lon="14.483124">
				<ele>540.000000</ele>
			</trkpt>
			<trkpt lat="50.833849" lon="14.483286">
				<ele>540.000000</ele>
			</trkpt>
			<trkpt lat="50.833951" lon="14.483510">
				<ele>538.000000</ele>
			</trkpt>
			<trkpt lat="50.834025" lon="14.483762">
				<ele>537.000000</ele>
			</trkpt>
			<trkpt lat="50.834059" lon="14.483906">
				<ele>536.000000</ele>
			</trkpt>
			<trkpt lat="50.834088" lon="14.483996">
				<ele>536.000000</ele>
			</trkpt>
			<trkpt lat="50.834127" lon="14.484049">
				<ele>535.000000</ele>
			</trkpt>
			<trkpt lat="50.834173" lon="14.484103">
				<ele>535.000000</ele>
			</trkpt>
			<trkpt lat="50.834173" lon="14.484499">
				<ele>535.000000</ele>
			</trkpt>
			<trkpt lat="50.834150" lon="14.485640">
				<ele>536.000000</ele>
			</trkpt>
			<trkpt lat="50.834144" lon="14.486529">
				<ele>537.000000</ele>
			</trkpt>
			<trkpt lat="50.834144" lon="14.486888">
				<ele>538.000000</ele>
			</trkpt>
			<trkpt lat="50.834127" lon="14.487013">
				<ele>538.000000</ele>
			</trkpt>
			<trkpt lat="50.834104" lon="14.487175">
				<ele>539.000000</ele>
			</trkpt>
			<trkpt lat="50.833945" lon="14.487931">
				<ele>540.000000</ele>
			</trkpt>
			<trkpt lat="50.833888" lon="14.488137">
				<ele>540.000000</ele>
			</trkpt>
			<trkpt lat="50.833821" lon="14.488415">
				<ele>540.000000</ele>
			</trkpt>
			<trkpt lat="50.833628" lon="14.489062">
				<ele>540.000000</ele>
			</trkpt>
			<trkpt lat="50.833537" lon="14.489349">
				<ele>539.000000</ele>
			</trkpt>
			<trkpt lat="50.833491" lon="14.489449">
				<ele>539.000000</ele>
			</trkpt>
			<trkpt lat="50.833440" lon="14.489547">
				<ele>539.000000</ele>
			</trkpt>
			<trkpt lat="50.833066" lon="14.490221">
				<ele>538.000000</ele>
			</trkpt>
			<trkpt lat="50.832357" lon="14.491361">
				<ele>536.000000</ele>
			</trkpt>
			<trkpt lat="50.832283" lon="14.491307">
				<ele>536.000000</ele>
			</trkpt>
			<trkpt lat="50.832232" lon="14.491236">
				<ele>536.000000</ele>
			</trkpt>
			<trkpt lat="50.832152" lon="14.491541">
				<ele>537.000000</ele>
			</trkpt>
			<trkpt lat="50.832011" lon="14.491865">
				<ele>537.000000</ele>
			</trkpt>
			<trkpt lat="50.831920" lon="14.492134">
				<ele>538.000000</ele>
			</trkpt>
			<trkpt lat="50.831710" lon="14.492879">
				<ele>538.000000</ele>
			</trkpt>
			<trkpt lat="50.831603" lon="14.493176">
				<ele>538.000000</ele>
			</trkpt>
			<trkpt lat="50.831557" lon="14.493294">
				<ele>538.000000</ele>
			</trkpt>
			<trkpt lat="50.831506" lon="14.493374">
				<ele>538.000000</ele>
			</trkpt>
			<trkpt lat="50.831449" lon="14.493464">
				<ele>539.000000</ele>
			</trkpt>
			<trkpt lat="50.831398" lon="14.493554">
				<ele>539.000000</ele>
			</trkpt>
			<trkpt lat="50.831250" lon="14.493661">
				<ele>539.000000</ele>
			</trkpt>
			<trkpt lat="50.831109" lon="14.493778">
				<ele>539.000000</ele>
			</trkpt>
			<trkpt lat="50.830689" lon="14.494039">
				<ele>539.000000</ele>
			</trkpt>
			<trkpt lat="50.830609" lon="14.494110">
				<ele>540.000000</ele>
			</trkpt>
			<trkpt lat="50.830536" lon="14.494183">
				<ele>540.000000</ele>
			</trkpt>
			<trkpt lat="50.830473" lon="14.494254">
				<ele>540.000000</ele>
			</trkpt>
			<trkpt lat="50.830422" lon="14.494344">
				<ele>540.000000</ele>
			</trkpt>
			<trkpt lat="50.830314" lon="14.494569">
				<ele>540.000000</ele>
			</trkpt>
			<trkpt lat="50.830224" lon="14.494812">
				<ele>543.000000</ele>
			</trkpt>
			<trkpt lat="50.830172" lon="14.495026">
				<ele>545.000000</ele>
			</trkpt>
			<trkpt lat="50.830144" lon="14.495242">
				<ele>546.000000</ele>
			</trkpt>
			<trkpt lat="50.830127" lon="14.495539">
				<ele>548.000000</ele>
			</trkpt>
			<trkpt lat="50.830110" lon="14.495854">
				<ele>550.000000</ele>
			</trkpt>
			<trkpt lat="50.830093" lon="14.496033">
				<ele>551.000000</ele>
			</trkpt>
			<trkpt lat="50.830048" lon="14.496231">
				<ele>553.000000</ele>
			</trkpt>
			<trkpt lat="50.829985" lon="14.496437">
				<ele>554.000000</ele>
			</trkpt>
			<trkpt lat="50.829951" lon="14.496518">
				<ele>555.000000</ele>
			</trkpt>
			<trkpt lat="50.829917" lon="14.496590">
				<ele>555.000000</ele>
			</trkpt>
			<trkpt lat="50.829826" lon="14.496661">
				<ele>556.000000</ele>
			</trkpt>
			<trkpt lat="50.829736" lon="14.496716">
				<ele>557.000000</ele>
			</trkpt>
			<trkpt lat="50.829645" lon="14.496760">
				<ele>558.000000</ele>
			</trkpt>
			<trkpt lat="50.829549" lon="14.496779">
				<ele>559.000000</ele>
			</trkpt>
			<trkpt lat="50.829457" lon="14.496779">
				<ele>560.000000</ele>
			</trkpt>
			<trkpt lat="50.829367" lon="14.496779">
				<ele>561.000000</ele>
			</trkpt>
			<trkpt lat="50.829089" lon="14.496716">
				<ele>564.000000</ele>
			</trkpt>
			<trkpt lat="50.828998" lon="14.496689">
				<ele>565.000000</ele>
			</trkpt>
			<trkpt lat="50.828918" lon="14.496626">
				<ele>566.000000</ele>
			</trkpt>
			<trkpt lat="50.828686" lon="14.496401">
				<ele>568.000000</ele>
			</trkpt>
			<trkpt lat="50.828556" lon="14.496303">
				<ele>569.000000</ele>
			</trkpt>
			<trkpt lat="50.828487" lon="14.496267">
				<ele>569.000000</ele>
			</trkpt>
			<trkpt lat="50.828425" lon="14.496248">
				<ele>570.000000</ele>
			</trkpt>
			<trkpt lat="50.828277" lon="14.496221">
				<ele>570.000000</ele>
			</trkpt>
			<trkpt lat="50.827920" lon="14.496231">
				<ele>570.000000</ele>
			</trkpt>
			<trkpt lat="50.827812" lon="14.496231">
				<ele>570.000000</ele>
			</trkpt>
			<trkpt lat="50.827727" lon="14.496213">
				<ele>570.000000</ele>
			</trkpt>
			<trkpt lat="50.827648" lon="14.496177">
				<ele>570.000000</ele>
			</trkpt>
			<trkpt lat="50.827556" lon="14.496114">
				<ele>570.000000</ele>
			</trkpt>
			<trkpt lat="50.827381" lon="14.495979">
				<ele>570.000000</ele>
			</trkpt>
			<trkpt lat="50.827035" lon="14.495701">
				<ele>570.000000</ele>
			</trkpt>
			<trkpt lat="50.826853" lon="14.495557">
				<ele>570.000000</ele>
			</trkpt>
			<trkpt lat="50.826712" lon="14.495458">
				<ele>570.000000</ele>
			</trkpt>
			<trkpt lat="50.826575" lon="14.495386">
				<ele>570.000000</ele>
			</trkpt>
			<trkpt lat="50.826433" lon="14.495350">
				<ele>570.000000</ele>
			</trkpt>
			<trkpt lat="50.826252" lon="14.495296">
				<ele>570.000000</ele>
			</trkpt>
			<trkpt lat="50.825945" lon="14.495225">
				<ele>569.000000</ele>
			</trkpt>
			<trkpt lat="50.825781" lon="14.495189">
				<ele>568.000000</ele>
			</trkpt>
			<trkpt lat="50.825610" lon="14.495189">
				<ele>567.000000</ele>
			</trkpt>
			<trkpt lat="50.825412" lon="14.495206">
				<ele>566.000000</ele>
			</trkpt>
			<trkpt lat="50.825173" lon="14.495233">
				<ele>565.000000</ele>
			</trkpt>
			<trkpt lat="50.825009" lon="14.495278">
				<ele>565.000000</ele>
			</trkpt>
			<trkpt lat="50.824873" lon="14.495323">
				<ele>565.000000</ele>
			</trkpt>
			<trkpt lat="50.824748" lon="14.495395">
				<ele>565.000000</ele>
			</trkpt>
			<trkpt lat="50.824623" lon="14.495485">
				<ele>565.000000</ele>
			</trkpt>
			<trkpt lat="50.824509" lon="14.495592">
				<ele>565.000000</ele>
			</trkpt>
			<trkpt lat="50.824401" lon="14.495737">
				<ele>566.000000</ele>
			</trkpt>
			<trkpt lat="50.824300" lon="14.495898">
				<ele>568.000000</ele>
			</trkpt>
			<trkpt lat="50.824169" lon="14.496123">
				<ele>571.000000</ele>
			</trkpt>
			<trkpt lat="50.824073" lon="14.496311">
				<ele>574.000000</ele>
			</trkpt>
			<trkpt lat="50.823999" lon="14.496481">
				<ele>576.000000</ele>
			</trkpt>
			<trkpt lat="50.823925" lon="14.496644">
				<ele>578.000000</ele>
			</trkpt>
			<trkpt lat="50.823874" lon="14.496814">
				<ele>580.000000</ele>
			</trkpt>
			<trkpt lat="50.823829" lon="14.497012">
				<ele>581.000000</ele>
			</trkpt>
			<trkpt lat="50.823795" lon="14.497210">
				<ele>583.000000</ele>
			</trkpt>
			<trkpt lat="50.823760" lon="14.497452">
				<ele>584.000000</ele>
			</trkpt>
			<trkpt lat="50.823675" lon="14.498288">
				<ele>590.000000</ele>
			</trkpt>
			<trkpt lat="50.823613" lon="14.498961">
				<ele>594.000000</ele>
			</trkpt>
			<trkpt lat="50.823596" lon="14.499267">
				<ele>595.000000</ele>
			</trkpt>
			<trkpt lat="50.823562" lon="14.499510">
				<ele>597.000000</ele>
			</trkpt>
			<trkpt lat="50.823534" lon="14.499581">
				<ele>597.000000</ele>
			</trkpt>
			<trkpt lat="50.823500" lon="14.499653">
				<ele>598.000000</ele>
			</trkpt>
			<trkpt lat="50.823465" lon="14.499716">
				<ele>599.000000</ele>
			</trkpt>
			<trkpt lat="50.823408" lon="14.499752">
				<ele>599.000000</ele>
			</trkpt>
			<trkpt lat="50.823159" lon="14.499932">
				<ele>605.000000</ele>
			</trkpt>
			<trkpt lat="50.823051" lon="14.500013">
				<ele>605.000000</ele>
			</trkpt>
			<trkpt lat="50.822960" lon="14.500129">
				<ele>606.000000</ele>
			</trkpt>
			<trkpt lat="50.822915" lon="14.500202">
				<ele>606.000000</ele>
			</trkpt>
			<trkpt lat="50.822875" lon="14.500300">
				<ele>606.000000</ele>
			</trkpt>
			<trkpt lat="50.822614" lon="14.500857">
				<ele>607.000000</ele>
			</trkpt>
			<trkpt lat="50.822535" lon="14.501072">
				<ele>607.000000</ele>
			</trkpt>
			<trkpt lat="50.822500" lon="14.501198">
				<ele>607.000000</ele>
			</trkpt>
			<trkpt lat="50.822467" lon="14.501324">
				<ele>608.000000</ele>
			</trkpt>
			<trkpt lat="50.822444" lon="14.501485">
				<ele>608.000000</ele>
			</trkpt>
			<trkpt lat="50.822438" lon="14.501611">
				<ele>608.000000</ele>
			</trkpt>
			<trkpt lat="50.822415" lon="14.502034">
				<ele>609.000000</ele>
			</trkpt>
			<trkpt lat="50.822404" lon="14.502321">
				<ele>609.000000</ele>
			</trkpt>
			<trkpt lat="50.822415" lon="14.502546">
				<ele>609.000000</ele>
			</trkpt>
			<trkpt lat="50.822444" lon="14.502762">
				<ele>610.000000</ele>
			</trkpt>
			<trkpt lat="50.822489" lon="14.502959">
				<ele>610.000000</ele>
			</trkpt>
			<trkpt lat="50.822551" lon="14.503112">
				<ele>610.000000</ele>
			</trkpt>
			<trkpt lat="50.822592" lon="14.503202">
				<ele>610.000000</ele>
			</trkpt>
			<trkpt lat="50.822643" lon="14.503282">
				<ele>610.000000</ele>
			</trkpt>
			<trkpt lat="50.822751" lon="14.503408">
				<ele>608.000000</ele>
			</trkpt>
			<trkpt lat="50.822949" lon="14.503597">
				<ele>605.000000</ele>
			</trkpt>
			<trkpt lat="50.823074" lon="14.503705">
				<ele>602.000000</ele>
			</trkpt>
			<trkpt lat="50.823205" lon="14.503785">
				<ele>600.000000</ele>
			</trkpt>
			<trkpt lat="50.823346" lon="14.503875">
				<ele>598.000000</ele>
			</trkpt>
			<trkpt lat="50.823454" lon="14.503938">
				<ele>596.000000</ele>
			</trkpt>
			<trkpt lat="50.823528" lon="14.504001">
				<ele>595.000000</ele>
			</trkpt>
			<trkpt lat="50.823601" lon="14.504081">
				<ele>595.000000</ele>
			</trkpt>
			<trkpt lat="50.823664" lon="14.504198">
				<ele>594.000000</ele>
			</trkpt>
			<trkpt lat="50.823755" lon="14.504370">
				<ele>594.000000</ele>
			</trkpt>
			<trkpt lat="50.823851" lon="14.504504">
				<ele>593.000000</ele>
			</trkpt>
			<trkpt lat="50.823954" lon="14.504594">
				<ele>593.000000</ele>
			</trkpt>
			<trkpt lat="50.824090" lon="14.504693">
				<ele>592.000000</ele>
			</trkpt>
			<trkpt lat="50.824493" lon="14.504900">
				<ele>591.000000</ele>
			</trkpt>
			<trkpt lat="50.824617" lon="14.504980">
				<ele>591.000000</ele>
			</trkpt>
			<trkpt lat="50.824737" lon="14.505079">
				<ele>590.000000</ele>
			</trkpt>
			<trkpt lat="50.824753" lon="14.505106">
				<ele>590.000000</ele>
			</trkpt>
			<trkpt lat="50.824753" lon="14.505150">
				<ele>590.000000</ele>
			</trkpt>
			<trkpt lat="50.824748" lon="14.505177">
				<ele>590.000000</ele>
			</trkpt>
			<trkpt lat="50.824731" lon="14.505196">
				<ele>590.000000</ele>
			</trkpt>
			<trkpt lat="50.824152" lon="14.505366">
				<ele>586.000000</ele>
			</trkpt>
			<trkpt lat="50.823806" lon="14.505502">
				<ele>583.000000</ele>
			</trkpt>
			<trkpt lat="50.823567" lon="14.505618">
				<ele>580.000000</ele>
			</trkpt>
			<trkpt lat="50.823488" lon="14.505645">
				<ele>580.000000</ele>
			</trkpt>
			<trkpt lat="50.823392" lon="14.505645">
				<ele>579.000000</ele>
			</trkpt>
			<trkpt lat="50.823301" lon="14.505618">
				<ele>579.000000</ele>
			</trkpt>
			<trkpt lat="50.822858" lon="14.505357">
				<ele>576.000000</ele>
			</trkpt>
			<trkpt lat="50.822722" lon="14.505259">
				<ele>575.000000</ele>
			</trkpt>
			<trkpt lat="50.822597" lon="14.505142">
				<ele>575.000000</ele>
			</trkpt>
			<trkpt lat="50.822518" lon="14.505070">
				<ele>574.000000</ele>
			</trkpt>
			<trkpt lat="50.822444" lon="14.504971">
				<ele>573.000000</ele>
			</trkpt>
			<trkpt lat="50.822200" lon="14.504611">
				<ele>571.000000</ele>
			</trkpt>
			<trkpt lat="50.822075" lon="14.504423">
				<ele>569.000000</ele>
			</trkpt>
			<trkpt lat="50.821825" lon="14.504028">
				<ele>565.000000</ele>
			</trkpt>
			<trkpt lat="50.821564" lon="14.503651">
				<ele>560.000000</ele>
			</trkpt>
			<trkpt lat="50.821491" lon="14.503525">
				<ele>559.000000</ele>
			</trkpt>
			<trkpt lat="50.821428" lon="14.503399">
				<ele>558.000000</ele>
			</trkpt>
			<trkpt lat="50.821377" lon="14.503255">
				<ele>557.000000</ele>
			</trkpt>
			<trkpt lat="50.821337" lon="14.503129">
				<ele>556.000000</ele>
			</trkpt>
			<trkpt lat="50.821304" lon="14.502986">
				<ele>555.000000</ele>
			</trkpt>
			<trkpt lat="50.821275" lon="14.502833">
				<ele>554.000000</ele>
			</trkpt>
			<trkpt lat="50.821235" lon="14.502563">
				<ele>553.000000</ele>
			</trkpt>
			<trkpt lat="50.821207" lon="14.502321">
				<ele>552.000000</ele>
			</trkpt>
			<trkpt lat="50.821173" lon="14.501665">
				<ele>549.000000</ele>
			</trkpt>
			<trkpt lat="50.821150" lon="14.501521">
				<ele>548.000000</ele>
			</trkpt>
			<trkpt lat="50.821133" lon="14.501414">
				<ele>548.000000</ele>
			</trkpt>
			<trkpt lat="50.821099" lon="14.501342">
				<ele>547.000000</ele>
			</trkpt>
			<trkpt lat="50.821042" lon="14.501288">
				<ele>547.000000</ele>
			</trkpt>
			<trkpt lat="50.820980" lon="14.501261">
				<ele>547.000000</ele>
			</trkpt>
			<trkpt lat="50.820917" lon="14.501261">
				<ele>546.000000</ele>
			</trkpt>
			<trkpt lat="50.820860" lon="14.501315">
				<ele>546.000000</ele>
			</trkpt>
			<trkpt lat="50.820821" lon="14.501405">
				<ele>545.000000</ele>
			</trkpt>
			<trkpt lat="50.820713" lon="14.501781">
				<ele>544.000000</ele>
			</trkpt>
			<trkpt lat="50.820634" lon="14.502097">
				<ele>542.000000</ele>
			</trkpt>
			<trkpt lat="50.820571" lon="14.502410">
				<ele>541.000000</ele>
			</trkpt>
			<trkpt lat="50.820509" lon="14.502852">
				<ele>538.000000</ele>
			</trkpt>
			<trkpt lat="50.820395" lon="14.503731">
				<ele>533.000000</ele>
			</trkpt>
			<trkpt lat="50.820339" lon="14.504217">
				<ele>530.000000</ele>
			</trkpt>
			<trkpt lat="50.820310" lon="14.504360">
				<ele>529.000000</ele>
			</trkpt>
			<trkpt lat="50.820276" lon="14.504460">
				<ele>529.000000</ele>
			</trkpt>
			<trkpt lat="50.820231" lon="14.504531">
				<ele>528.000000</ele>
			</trkpt>
			<trkpt lat="50.820168" lon="14.504558">
				<ele>528.000000</ele>
			</trkpt>
			<trkpt lat="50.820106" lon="14.504576">
				<ele>527.000000</ele>
			</trkpt>
			<trkpt lat="50.820060" lon="14.504558">
				<ele>527.000000</ele>
			</trkpt>
			<trkpt lat="50.820015" lon="14.504550">
				<ele>526.000000</ele>
			</trkpt>
			<trkpt lat="50.819970" lon="14.504521">
				<ele>526.000000</ele>
			</trkpt>
			<trkpt lat="50.819777" lon="14.503929">
				<ele>522.000000</ele>
			</trkpt>
			<trkpt lat="50.819612" lon="14.503328">
				<ele>518.000000</ele>
			</trkpt>
			<trkpt lat="50.819436" lon="14.502636">
				<ele>514.000000</ele>
			</trkpt>
			<trkpt lat="50.819254" lon="14.501800">
				<ele>509.000000</ele>
			</trkpt>
			<trkpt lat="50.819192" lon="14.501458">
				<ele>507.000000</ele>
			</trkpt>
			<trkpt lat="50.819124" lon="14.500884">
				<ele>504.000000</ele>
			</trkpt>
			<trkpt lat="50.819090" lon="14.500615">
				<ele>503.000000</ele>
			</trkpt>
			<trkpt lat="50.819050" lon="14.500353">
				<ele>501.000000</ele>
			</trkpt>
			<trkpt lat="50.819039" lon="14.500129">
				<ele>500.000000</ele>
			</trkpt>
			<trkpt lat="50.819056" lon="14.499913">
				<ele>499.000000</ele>
			</trkpt>
			<trkpt lat="50.819095" lon="14.499599">
				<ele>498.000000</ele>
			</trkpt>
			<trkpt lat="50.819215" lon="14.498674">
				<ele>494.000000</ele>
			</trkpt>
			<trkpt lat="50.819277" lon="14.498225">
				<ele>493.000000</ele>
			</trkpt>
			<trkpt lat="50.819277" lon="14.498225">
				<ele>493.000000</ele>
			</trkpt>
			<trkpt lat="50.819283" lon="14.498179">
				<ele>493.000000</ele>
			</trkpt>
			<trkpt lat="50.819300" lon="14.498028">
				<ele>492.000000</ele>
			</trkpt>
			<trkpt lat="50.819300" lon="14.497928">
				<ele>492.000000</ele>
			</trkpt>
			<trkpt lat="50.819295" lon="14.497911">
				<ele>492.000000</ele>
			</trkpt>
			<trkpt lat="50.819124" lon="14.497883">
				<ele>490.000000</ele>
			</trkpt>
			<trkpt lat="50.819067" lon="14.497856">
				<ele>490.000000</ele>
			</trkpt>
			<trkpt lat="50.819005" lon="14.497812">
				<ele>489.000000</ele>
			</trkpt>
			<trkpt lat="50.818925" lon="14.497739">
				<ele>488.000000</ele>
			</trkpt>
			<trkpt lat="50.818863" lon="14.497713">
				<ele>487.000000</ele>
			</trkpt>
			<trkpt lat="50.818789" lon="14.497703">
				<ele>486.000000</ele>
			</trkpt>
			<trkpt lat="50.818715" lon="14.497703">
				<ele>485.000000</ele>
			</trkpt>
			<trkpt lat="50.817740" lon="14.497938">
				<ele>476.000000</ele>
			</trkpt>
			<trkpt lat="50.817591" lon="14.497973">
				<ele>475.000000</ele>
			</trkpt>
			<trkpt lat="50.817467" lon="14.497973">
				<ele>473.000000</ele>
			</trkpt>
			<trkpt lat="50.817359" lon="14.497946">
				<ele>472.000000</ele>
			</trkpt>
			<trkpt lat="50.817234" lon="14.497902">
				<ele>471.000000</ele>
			</trkpt>
			<trkpt lat="50.816962" lon="14.497776">
				<ele>469.000000</ele>
			</trkpt>
			<trkpt lat="50.816610" lon="14.497569">
				<ele>465.000000</ele>
			</trkpt>
			<trkpt lat="50.816303" lon="14.497372">
				<ele>462.000000</ele>
			</trkpt>
			<trkpt lat="50.816105" lon="14.497236">
				<ele>460.000000</ele>
			</trkpt>
			<trkpt lat="50.816054" lon="14.497165">
				<ele>459.000000</ele>
			</trkpt>
			<trkpt lat="50.815997" lon="14.497084">
				<ele>458.000000</ele>
			</trkpt>
			<trkpt lat="50.815855" lon="14.496814">
				<ele>456.000000</ele>
			</trkpt>
			<trkpt lat="50.815832" lon="14.496770">
				<ele>456.000000</ele>
			</trkpt>
			<trkpt lat="50.815769" lon="14.496644">
				<ele>455.000000</ele>
			</trkpt>
			<trkpt lat="50.816241" lon="14.494919">
				<ele>452.000000</ele>
			</trkpt>
			<trkpt lat="50.816213" lon="14.494802">
				<ele>451.000000</ele>
			</trkpt>
			<trkpt lat="50.816195" lon="14.494776">
				<ele>451.000000</ele>
			</trkpt>
			<trkpt lat="50.816178" lon="14.494749">
				<ele>451.000000</ele>
			</trkpt>
			<trkpt lat="50.816133" lon="14.494713">
				<ele>451.000000</ele>
			</trkpt>
			<trkpt lat="50.816042" lon="14.494640">
				<ele>451.000000</ele>
			</trkpt>
			<trkpt lat="50.815985" lon="14.494596">
				<ele>451.000000</ele>
			</trkpt>
			<trkpt lat="50.815940" lon="14.494586">
				<ele>450.000000</ele>
			</trkpt>
			<trkpt lat="50.815895" lon="14.494586">
				<ele>450.000000</ele>
			</trkpt>
			<trkpt lat="50.815844" lon="14.494596">
				<ele>450.000000</ele>
			</trkpt>
			<trkpt lat="50.815600" lon="14.494659">
				<ele>449.000000</ele>
			</trkpt>
			<trkpt lat="50.815333" lon="14.494749">
				<ele>446.000000</ele>
			</trkpt>
			<trkpt lat="50.815230" lon="14.494802">
				<ele>446.000000</ele>
			</trkpt>
			<trkpt lat="50.815185" lon="14.494856">
				<ele>445.000000</ele>
			</trkpt>
			<trkpt lat="50.815134" lon="14.494919">
				<ele>445.000000</ele>
			</trkpt>
			<trkpt lat="50.815060" lon="14.495063">
				<ele>443.000000</ele>
			</trkpt>
			<trkpt lat="50.815038" lon="14.495135">
				<ele>442.000000</ele>
			</trkpt>
			<trkpt lat="50.815026" lon="14.495206">
				<ele>442.000000</ele>
			</trkpt>
			<trkpt lat="50.815004" lon="14.495378">
				<ele>440.000000</ele>
			</trkpt>
			<trkpt lat="50.814975" lon="14.495512">
				<ele>439.000000</ele>
			</trkpt>
			<trkpt lat="50.814941" lon="14.495628">
				<ele>438.000000</ele>
			</trkpt>
			<trkpt lat="50.814879" lon="14.495799">
				<ele>436.000000</ele>
			</trkpt>
			<trkpt lat="50.814839" lon="14.495889">
				<ele>435.000000</ele>
			</trkpt>
			<trkpt lat="50.814788" lon="14.495961">
				<ele>434.000000</ele>
			</trkpt>
			<trkpt lat="50.814725" lon="14.495997">
				<ele>433.000000</ele>
			</trkpt>
			<trkpt lat="50.814646" lon="14.496015">
				<ele>431.000000</ele>
			</trkpt>
			<trkpt lat="50.814527" lon="14.496005">
				<ele>430.000000</ele>
			</trkpt>
			<trkpt lat="50.814447" lon="14.495988">
				<ele>428.000000</ele>
			</trkpt>
			<trkpt lat="50.814391" lon="14.495934">
				<ele>427.000000</ele>
			</trkpt>
			<trkpt lat="50.814357" lon="14.495844">
				<ele>426.000000</ele>
			</trkpt>
			<trkpt lat="50.814237" lon="14.495413">
				<ele>422.000000</ele>
			</trkpt>
			<trkpt lat="50.814175" lon="14.495215">
				<ele>419.000000</ele>
			</trkpt>
			<trkpt lat="50.814118" lon="14.495126">
				<ele>418.000000</ele>
			</trkpt>
			<trkpt lat="50.814090" lon="14.495099">
				<ele>418.000000</ele>
			</trkpt>
			<trkpt lat="50.814067" lon="14.495081">
				<ele>418.000000</ele>
			</trkpt>
			<trkpt lat="50.814021" lon="14.495072">
				<ele>417.000000</ele>
			</trkpt>
			<trkpt lat="50.813976" lon="14.495089">
				<ele>416.000000</ele>
			</trkpt>
			<trkpt lat="50.813795" lon="14.495143">
				<ele>414.000000</ele>
			</trkpt>
			<trkpt lat="50.813732" lon="14.495143">
				<ele>413.000000</ele>
			</trkpt>
			<trkpt lat="50.813687" lon="14.495135">
				<ele>413.000000</ele>
			</trkpt>
			<trkpt lat="50.813579" lon="14.495063">
				<ele>411.000000</ele>
			</trkpt>
			<trkpt lat="50.813516" lon="14.495036">
				<ele>411.000000</ele>
			</trkpt>
			<trkpt lat="50.813471" lon="14.495036">
				<ele>410.000000</ele>
			</trkpt>
			<trkpt lat="50.813426" lon="14.495053">
				<ele>409.000000</ele>
			</trkpt>
			<trkpt lat="50.813380" lon="14.495089">
				<ele>409.000000</ele>
			</trkpt>
			<trkpt lat="50.813346" lon="14.495152">
				<ele>408.000000</ele>
			</trkpt>
			<trkpt lat="50.813097" lon="14.495548">
				<ele>405.000000</ele>
			</trkpt>
			<trkpt lat="50.813017" lon="14.495638">
				<ele>404.000000</ele>
			</trkpt>
			<trkpt lat="50.812943" lon="14.495692">
				<ele>404.000000</ele>
			</trkpt>
			<trkpt lat="50.812853" lon="14.495709">
				<ele>403.000000</ele>
			</trkpt>
			<trkpt lat="50.812699" lon="14.495692">
				<ele>402.000000</ele>
			</trkpt>
			<trkpt lat="50.812659" lon="14.496392">
				<ele>403.000000</ele>
			</trkpt>
			<trkpt lat="50.812614" lon="14.496860">
				<ele>403.000000</ele>
			</trkpt>
			<trkpt lat="50.812597" lon="14.497021">
				<ele>403.000000</ele>
			</trkpt>
			<trkpt lat="50.812563" lon="14.497156">
				<ele>403.000000</ele>
			</trkpt>
			<trkpt lat="50.812529" lon="14.497290">
				<ele>403.000000</ele>
			</trkpt>
			<trkpt lat="50.812484" lon="14.497416">
				<ele>403.000000</ele>
			</trkpt>
			<trkpt lat="50.812421" lon="14.497542">
				<ele>404.000000</ele>
			</trkpt>
			<trkpt lat="50.812330" lon="14.497703">
				<ele>404.000000</ele>
			</trkpt>
			<trkpt lat="50.812052" lon="14.498171">
				<ele>404.000000</ele>
			</trkpt>
			<trkpt lat="50.811927" lon="14.498387">
				<ele>404.000000</ele>
			</trkpt>
			<trkpt lat="50.811814" lon="14.498602">
				<ele>405.000000</ele>
			</trkpt>
			<trkpt lat="50.811411" lon="14.499258">
				<ele>405.000000</ele>
			</trkpt>
			<trkpt lat="50.811133" lon="14.499716">
				<ele>406.000000</ele>
			</trkpt>
			<trkpt lat="50.810905" lon="14.500129">
				<ele>407.000000</ele>
			</trkpt>
			<trkpt lat="50.810820" lon="14.499932">
				<ele>407.000000</ele>
			</trkpt>
			<trkpt lat="50.810775" lon="14.499815">
				<ele>407.000000</ele>
			</trkpt>
			<trkpt lat="50.810741" lon="14.499680">
				<ele>406.000000</ele>
			</trkpt>
			<trkpt lat="50.810712" lon="14.499483">
				<ele>406.000000</ele>
			</trkpt>
			<trkpt lat="50.810644" lon="14.498871">
				<ele>406.000000</ele>
			</trkpt>
			<trkpt lat="50.810599" lon="14.498611">
				<ele>405.000000</ele>
			</trkpt>
			<trkpt lat="50.810571" lon="14.498431">
				<ele>405.000000</ele>
			</trkpt>
			<trkpt lat="50.810553" lon="14.498269">
				<ele>405.000000</ele>
			</trkpt>
			<trkpt lat="50.810559" lon="14.498144">
				<ele>405.000000</ele>
			</trkpt>
			<trkpt lat="50.810599" lon="14.498000">
				<ele>408.000000</ele>
			</trkpt>
			<trkpt lat="50.810491" lon="14.497992">
				<ele>408.000000</ele>
			</trkpt>
			<trkpt lat="50.810338" lon="14.497946">
				<ele>408.000000</ele>
			</trkpt>
			<trkpt lat="50.810281" lon="14.497938">
				<ele>408.000000</ele>
			</trkpt>
			<trkpt lat="50.810014" lon="14.497829">
				<ele>409.000000</ele>
			</trkpt>
			<trkpt lat="50.809708" lon="14.497686">
				<ele>410.000000</ele>
			</trkpt>
			<trkpt lat="50.809577" lon="14.497650">
				<ele>410.000000</ele>
			</trkpt>
			<trkpt lat="50.809543" lon="14.497650">
				<ele>411.000000</ele>
			</trkpt>
			<trkpt lat="50.809515" lon="14.497650">
				<ele>411.000000</ele>
			</trkpt>
			<trkpt lat="50.809106" lon="14.497875">
				<ele>412.000000</ele>
			</trkpt>
			<trkpt lat="50.808970" lon="14.497965">
				<ele>412.000000</ele>
			</trkpt>
			<trkpt lat="50.808851" lon="14.498063">
				<ele>413.000000</ele>
			</trkpt>
			<trkpt lat="50.808766" lon="14.498179">
				<ele>413.000000</ele>
			</trkpt>
			<trkpt lat="50.808663" lon="14.498368">
				<ele>414.000000</ele>
			</trkpt>
			<trkpt lat="50.808538" lon="14.498620">
				<ele>414.000000</ele>
			</trkpt>
			<trkpt lat="50.808442" lon="14.498854">
				<ele>415.000000</ele>
			</trkpt>
			<trkpt lat="50.808351" lon="14.499060">
				<ele>415.000000</ele>
			</trkpt>
			<trkpt lat="50.808266" lon="14.499339">
				<ele>416.000000</ele>
			</trkpt>
			<trkpt lat="50.808232" lon="14.499447">
				<ele>417.000000</ele>
			</trkpt>
			<trkpt lat="50.808027" lon="14.500120">
				<ele>419.000000</ele>
			</trkpt>
			<trkpt lat="50.807909" lon="14.500435">
				<ele>420.000000</ele>
			</trkpt>
			<trkpt lat="50.807846" lon="14.500569">
				<ele>420.000000</ele>
			</trkpt>
			<trkpt lat="50.807783" lon="14.500678">
				<ele>420.000000</ele>
			</trkpt>
			<trkpt lat="50.807721" lon="14.500758">
				<ele>421.000000</ele>
			</trkpt>
			<trkpt lat="50.807642" lon="14.500848">
				<ele>421.000000</ele>
			</trkpt>
			<trkpt lat="50.807528" lon="14.500965">
				<ele>421.000000</ele>
			</trkpt>
			<trkpt lat="50.807312" lon="14.501135">
				<ele>422.000000</ele>
			</trkpt>
			<trkpt lat="50.807227" lon="14.501216">
				<ele>422.000000</ele>
			</trkpt>
			<trkpt lat="50.807131" lon="14.501334">
				<ele>423.000000</ele>
			</trkpt>
			<trkpt lat="50.807034" lon="14.501504">
				<ele>423.000000</ele>
			</trkpt>
			<trkpt lat="50.806830" lon="14.501908">
				<ele>424.000000</ele>
			</trkpt>
			<trkpt lat="50.806705" lon="14.502106">
				<ele>424.000000</ele>
			</trkpt>
			<trkpt lat="50.806580" lon="14.502321">
				<ele>425.000000</ele>
			</trkpt>
			<trkpt lat="50.806506" lon="14.502492">
				<ele>426.000000</ele>
			</trkpt>
			<trkpt lat="50.806472" lon="14.502573">
				<ele>426.000000</ele>
			</trkpt>
			<trkpt lat="50.806455" lon="14.502672">
				<ele>427.000000</ele>
			</trkpt>
			<trkpt lat="50.806421" lon="14.502905">
				<ele>428.000000</ele>
			</trkpt>
			<trkpt lat="50.806410" lon="14.503255">
				<ele>430.000000</ele>
			</trkpt>
			<trkpt lat="50.806415" lon="14.503651">
				<ele>431.000000</ele>
			</trkpt>
			<trkpt lat="50.806415" lon="14.503857">
				<ele>431.000000</ele>
			</trkpt>
			<trkpt lat="50.806415" lon="14.503984">
				<ele>432.000000</ele>
			</trkpt>
			<trkpt lat="50.806398" lon="14.504091">
				<ele>432.000000</ele>
			</trkpt>
			<trkpt lat="50.806370" lon="14.504234">
				<ele>432.000000</ele>
			</trkpt>
			<trkpt lat="50.806336" lon="14.504351">
				<ele>433.000000</ele>
			</trkpt>
			<trkpt lat="50.806302" lon="14.504450">
				<ele>433.000000</ele>
			</trkpt>
			<trkpt lat="50.806245" lon="14.504550">
				<ele>433.000000</ele>
			</trkpt>
			<trkpt lat="50.806194" lon="14.504639">
				<ele>434.000000</ele>
			</trkpt>
			<trkpt lat="50.806086" lon="14.504819">
				<ele>434.000000</ele>
			</trkpt>
			<trkpt lat="50.805961" lon="14.505060">
				<ele>435.000000</ele>
			</trkpt>
			<trkpt lat="50.805932" lon="14.505160">
				<ele>435.000000</ele>
			</trkpt>
			<trkpt lat="50.805927" lon="14.505232">
				<ele>435.000000</ele>
			</trkpt>
			<trkpt lat="50.805916" lon="14.505330">
				<ele>435.000000</ele>
			</trkpt>
			<trkpt lat="50.805927" lon="14.505439">
				<ele>436.000000</ele>
			</trkpt>
			<trkpt lat="50.805881" lon="14.505663">
				<ele>436.000000</ele>
			</trkpt>
			<trkpt lat="50.805791" lon="14.505915">
				<ele>436.000000</ele>
			</trkpt>
			<trkpt lat="50.805677" lon="14.506175">
				<ele>437.000000</ele>
			</trkpt>
			<trkpt lat="50.805586" lon="14.506318">
				<ele>437.000000</ele>
			</trkpt>
			<trkpt lat="50.805541" lon="14.506372">
				<ele>437.000000</ele>
			</trkpt>
			<trkpt lat="50.805496" lon="14.506418">
				<ele>437.000000</ele>
			</trkpt>
			<trkpt lat="50.805428" lon="14.506462">
				<ele>437.000000</ele>
			</trkpt>
			<trkpt lat="50.805371" lon="14.506471">
				<ele>438.000000</ele>
			</trkpt>
			<trkpt lat="50.804746" lon="14.506678">
				<ele>439.000000</ele>
			</trkpt>
			<trkpt lat="50.804440" lon="14.506758">
				<ele>440.000000</ele>
			</trkpt>
			<trkpt lat="50.804337" lon="14.506785">
				<ele>440.000000</ele>
			</trkpt>
			<trkpt lat="50.804252" lon="14.506831">
				<ele>440.000000</ele>
			</trkpt>
			<trkpt lat="50.804008" lon="14.506984">
				<ele>441.000000</ele>
			</trkpt>
			<trkpt lat="50.803889" lon="14.507055">
				<ele>442.000000</ele>
			</trkpt>
			<trkpt lat="50.803651" lon="14.507171">
				<ele>443.000000</ele>
			</trkpt>
			<trkpt lat="50.803531" lon="14.507234">
				<ele>444.000000</ele>
			</trkpt>
			<trkpt lat="50.803077" lon="14.507523">
				<ele>446.000000</ele>
			</trkpt>
			<trkpt lat="50.802975" lon="14.507576">
				<ele>447.000000</ele>
			</trkpt>
			<trkpt lat="50.802896" lon="14.507647">
				<ele>447.000000</ele>
			</trkpt>
			<trkpt lat="50.802697" lon="14.507863">
				<ele>449.000000</ele>
			</trkpt>
			<trkpt lat="50.802555" lon="14.508035">
				<ele>450.000000</ele>
			</trkpt>
			<trkpt lat="50.802288" lon="14.508393">
				<ele>451.000000</ele>
			</trkpt>
			<trkpt lat="50.802134" lon="14.508565">
				<ele>451.000000</ele>
			</trkpt>
			<trkpt lat="50.802044" lon="14.508655">
				<ele>451.000000</ele>
			</trkpt>
			<trkpt lat="50.801947" lon="14.508726">
				<ele>451.000000</ele>
			</trkpt>
			<trkpt lat="50.801839" lon="14.508779">
				<ele>452.000000</ele>
			</trkpt>
			<trkpt lat="50.801743" lon="14.508825">
				<ele>452.000000</ele>
			</trkpt>
			<trkpt lat="50.801272" lon="14.509005">
				<ele>453.000000</ele>
			</trkpt>
			<trkpt lat="50.801158" lon="14.509049">
				<ele>453.000000</ele>
			</trkpt>
			<trkpt lat="50.801033" lon="14.509058">
				<ele>453.000000</ele>
			</trkpt>
			<trkpt lat="50.800914" lon="14.509058">
				<ele>453.000000</ele>
			</trkpt>
			<trkpt lat="50.800789" lon="14.509068">
				<ele>454.000000</ele>
			</trkpt>
			<trkpt lat="50.800557" lon="14.509049">
				<ele>454.000000</ele>
			</trkpt>
			<trkpt lat="50.800471" lon="14.509085">
				<ele>454.000000</ele>
			</trkpt>
			<trkpt lat="50.800392" lon="14.509121">
				<ele>454.000000</ele>
			</trkpt>
			<trkpt lat="50.799989" lon="14.509400">
				<ele>456.000000</ele>
			</trkpt>
			<trkpt lat="50.799682" lon="14.509561">
				<ele>459.000000</ele>
			</trkpt>
			<trkpt lat="50.799586" lon="14.509634">
				<ele>460.000000</ele>
			</trkpt>
			<trkpt lat="50.799494" lon="14.509714">
				<ele>462.000000</ele>
			</trkpt>
			<trkpt lat="50.799404" lon="14.509831">
				<ele>463.000000</ele>
			</trkpt>
			<trkpt lat="50.799353" lon="14.509911">
				<ele>464.000000</ele>
			</trkpt>
			<trkpt lat="50.799336" lon="14.510001">
				<ele>465.000000</ele>
			</trkpt>
			<trkpt lat="50.799319" lon="14.510074">
				<ele>466.000000</ele>
			</trkpt>
			<trkpt lat="50.799324" lon="14.510173">
				<ele>467.000000</ele>
			</trkpt>
			<trkpt lat="50.799336" lon="14.510297">
				<ele>468.000000</ele>
			</trkpt>
			<trkpt lat="50.799376" lon="14.510487">
				<ele>470.000000</ele>
			</trkpt>
			<trkpt lat="50.799381" lon="14.510613">
				<ele>471.000000</ele>
			</trkpt>
			<trkpt lat="50.799376" lon="14.510729">
				<ele>471.000000</ele>
			</trkpt>
			<trkpt lat="50.799347" lon="14.510855">
				<ele>472.000000</ele>
			</trkpt>
			<trkpt lat="50.799285" lon="14.511035">
				<ele>473.000000</ele>
			</trkpt>
			<trkpt lat="50.799239" lon="14.511196">
				<ele>474.000000</ele>
			</trkpt>
			<trkpt lat="50.799216" lon="14.511349">
				<ele>475.000000</ele>
			</trkpt>
			<trkpt lat="50.799199" lon="14.511538">
				<ele>476.000000</ele>
			</trkpt>
			<trkpt lat="50.799171" lon="14.512005">
				<ele>478.000000</ele>
			</trkpt>
			<trkpt lat="50.799154" lon="14.512158">
				<ele>479.000000</ele>
			</trkpt>
			<trkpt lat="50.799131" lon="14.512274">
				<ele>479.000000</ele>
			</trkpt>
			<trkpt lat="50.799091" lon="14.512391">
				<ele>480.000000</ele>
			</trkpt>
			<trkpt lat="50.799029" lon="14.512517">
				<ele>480.000000</ele>
			</trkpt>
			<trkpt lat="50.798995" lon="14.512571">
				<ele>481.000000</ele>
			</trkpt>
			<trkpt lat="50.798961" lon="14.512616">
				<ele>481.000000</ele>
			</trkpt>
			<trkpt lat="50.798813" lon="14.512706">
				<ele>481.000000</ele>
			</trkpt>
			<trkpt lat="50.798688" lon="14.512750">
				<ele>482.000000</ele>
			</trkpt>
			<trkpt lat="50.798564" lon="14.512760">
				<ele>482.000000</ele>
			</trkpt>
			<trkpt lat="50.798166" lon="14.512813">
				<ele>484.000000</ele>
			</trkpt>
			<trkpt lat="50.797819" lon="14.512859">
				<ele>485.000000</ele>
			</trkpt>
			<trkpt lat="50.797734" lon="14.512886">
				<ele>485.000000</ele>
			</trkpt>
			<trkpt lat="50.797672" lon="14.512930">
				<ele>485.000000</ele>
			</trkpt>
			<trkpt lat="50.797610" lon="14.513002">
				<ele>485.000000</ele>
			</trkpt>
			<trkpt lat="50.797570" lon="14.513100">
				<ele>485.000000</ele>
			</trkpt>
			<trkpt lat="50.797422" lon="14.513416">
				<ele>485.000000</ele>
			</trkpt>
			<trkpt lat="50.797343" lon="14.513712">
				<ele>487.000000</ele>
			</trkpt>
			<trkpt lat="50.797320" lon="14.513838">
				<ele>487.000000</ele>
			</trkpt>
			<trkpt lat="50.797326" lon="14.513981">
				<ele>488.000000</ele>
			</trkpt>
			<trkpt lat="50.797354" lon="14.514134">
				<ele>489.000000</ele>
			</trkpt>
			<trkpt lat="50.797411" lon="14.514368">
				<ele>490.000000</ele>
			</trkpt>
			<trkpt lat="50.797439" lon="14.514592">
				<ele>492.000000</ele>
			</trkpt>
			<trkpt lat="50.797457" lon="14.514798">
				<ele>493.000000</ele>
			</trkpt>
			<trkpt lat="50.797468" lon="14.515140">
				<ele>495.000000</ele>
			</trkpt>
			<trkpt lat="50.797485" lon="14.515410">
				<ele>497.000000</ele>
			</trkpt>
			<trkpt lat="50.797513" lon="14.515724">
				<ele>499.000000</ele>
			</trkpt>
			<trkpt lat="50.797570" lon="14.516047">
				<ele>502.000000</ele>
			</trkpt>
			<trkpt lat="50.797632" lon="14.516362">
				<ele>506.000000</ele>
			</trkpt>
			<trkpt lat="50.797729" lon="14.516775">
				<ele>510.000000</ele>
			</trkpt>
			<trkpt lat="50.797752" lon="14.516928">
				<ele>510.000000</ele>
			</trkpt>
			<trkpt lat="50.797774" lon="14.517125">
				<ele>511.000000</ele>
			</trkpt>
			<trkpt lat="50.797757" lon="14.517368">
				<ele>512.000000</ele>
			</trkpt>
			<trkpt lat="50.797740" lon="14.517467">
				<ele>513.000000</ele>
			</trkpt>
			<trkpt lat="50.797712" lon="14.517584">
				<ele>513.000000</ele>
			</trkpt>
			<trkpt lat="50.797649" lon="14.517781">
				<ele>514.000000</ele>
			</trkpt>
			<trkpt lat="50.797519" lon="14.518050">
				<ele>516.000000</ele>
			</trkpt>
			<trkpt lat="50.797457" lon="14.518194">
				<ele>517.000000</ele>
			</trkpt>
			<trkpt lat="50.797416" lon="14.518320">
				<ele>517.000000</ele>
			</trkpt>
			<trkpt lat="50.797383" lon="14.518455">
				<ele>518.000000</ele>
			</trkpt>
			<trkpt lat="50.797365" lon="14.518626">
				<ele>519.000000</ele>
			</trkpt>
			<trkpt lat="50.797337" lon="14.518877">
				<ele>520.000000</ele>
			</trkpt>
			<trkpt lat="50.797286" lon="14.519066">
				<ele>521.000000</ele>
			</trkpt>
			<trkpt lat="50.797223" lon="14.519219">
				<ele>523.000000</ele>
			</trkpt>
			<trkpt lat="50.797127" lon="14.519362">
				<ele>525.000000</ele>
			</trkpt>
			<trkpt lat="50.797025" lon="14.519461">
				<ele>527.000000</ele>
			</trkpt>
			<trkpt lat="50.796956" lon="14.519515">
				<ele>528.000000</ele>
			</trkpt>
			<trkpt lat="50.796900" lon="14.519524">
				<ele>529.000000</ele>
			</trkpt>
			<trkpt lat="50.796854" lon="14.519506">
				<ele>529.000000</ele>
			</trkpt>
			<trkpt lat="50.796820" lon="14.519488">
				<ele>530.000000</ele>
			</trkpt>
			<trkpt lat="50.796786" lon="14.519452">
				<ele>530.000000</ele>
			</trkpt>
			<trkpt lat="50.796758" lon="14.519408">
				<ele>531.000000</ele>
			</trkpt>
			<trkpt lat="50.796718" lon="14.519353">
				<ele>531.000000</ele>
			</trkpt>
			<trkpt lat="50.796673" lon="14.519209">
				<ele>532.000000</ele>
			</trkpt>
			<trkpt lat="50.796622" lon="14.518993">
				<ele>533.000000</ele>
			</trkpt>
			<trkpt lat="50.796594" lon="14.518932">
				<ele>533.000000</ele>
			</trkpt>
			<trkpt lat="50.796559" lon="14.518868">
				<ele>533.000000</ele>
			</trkpt>
			<trkpt lat="50.796497" lon="14.518832">
				<ele>534.000000</ele>
			</trkpt>
			<trkpt lat="50.796429" lon="14.518805">
				<ele>534.000000</ele>
			</trkpt>
			<trkpt lat="50.796360" lon="14.518832">
				<ele>535.000000</ele>
			</trkpt>
			<trkpt lat="50.796287" lon="14.518886">
				<ele>536.000000</ele>
			</trkpt>
			<trkpt lat="50.796287" lon="14.519102">
				<ele>538.000000</ele>
			</trkpt>
			<trkpt lat="50.796287" lon="14.519299">
				<ele>540.000000</ele>
			</trkpt>
			<trkpt lat="50.796298" lon="14.519452">
				<ele>541.000000</ele>
			</trkpt>
			<trkpt lat="50.796327" lon="14.519587">
				<ele>541.000000</ele>
			</trkpt>
			<trkpt lat="50.796383" lon="14.519685">
				<ele>542.000000</ele>
			</trkpt>
			<trkpt lat="50.796468" lon="14.519811">
				<ele>543.000000</ele>
			</trkpt>
			<trkpt lat="50.796604" lon="14.519974">
				<ele>544.000000</ele>
			</trkpt>
			<trkpt lat="50.796696" lon="14.520134">
				<ele>545.000000</ele>
			</trkpt>
			<trkpt lat="50.796769" lon="14.520287">
				<ele>545.000000</ele>
			</trkpt>
			<trkpt lat="50.796843" lon="14.520485">
				<ele>546.000000</ele>
			</trkpt>
			<trkpt lat="50.796917" lon="14.520754">
				<ele>548.000000</ele>
			</trkpt>
			<trkpt lat="50.796979" lon="14.520934">
				<ele>549.000000</ele>
			</trkpt>
			<trkpt lat="50.797053" lon="14.521105">
				<ele>549.000000</ele>
			</trkpt>
			<trkpt lat="50.797133" lon="14.521249">
				<ele>550.000000</ele>
			</trkpt>
			<trkpt lat="50.797241" lon="14.521402">
				<ele>551.000000</ele>
			</trkpt>
			<trkpt lat="50.797422" lon="14.521626">
				<ele>553.000000</ele>
			</trkpt>
			<trkpt lat="50.797712" lon="14.521913">
				<ele>555.000000</ele>
			</trkpt>
			<trkpt lat="50.797911" lon="14.522092">
				<ele>558.000000</ele>
			</trkpt>
			<trkpt lat="50.798030" lon="14.522219">
				<ele>559.000000</ele>
			</trkpt>
			<trkpt lat="50.798064" lon="14.522272">
				<ele>560.000000</ele>
			</trkpt>
			<trkpt lat="50.798098" lon="14.522345">
				<ele>560.000000</ele>
			</trkpt>
			<trkpt lat="50.798263" lon="14.522695">
				<ele>562.000000</ele>
			</trkpt>
			<trkpt lat="50.798518" lon="14.523190">
				<ele>565.000000</ele>
			</trkpt>
			<trkpt lat="50.798564" lon="14.523261">
				<ele>565.000000</ele>
			</trkpt>
			<trkpt lat="50.798615" lon="14.523333">
				<ele>565.000000</ele>
			</trkpt>
			<trkpt lat="50.798870" lon="14.523540">
				<ele>568.000000</ele>
			</trkpt>
			<trkpt lat="50.799103" lon="14.523700">
				<ele>570.000000</ele>
			</trkpt>
			<trkpt lat="50.799097" lon="14.523782">
				<ele>570.000000</ele>
			</trkpt>
			<trkpt lat="50.799086" lon="14.523853">
				<ele>570.000000</ele>
			</trkpt>
			<trkpt lat="50.799069" lon="14.523926">
				<ele>570.000000</ele>
			</trkpt>
			<trkpt lat="50.799035" lon="14.523997">
				<ele>571.000000</ele>
			</trkpt>
			<trkpt lat="50.798978" lon="14.524115">
				<ele>571.000000</ele>
			</trkpt>
			<trkpt lat="50.798933" lon="14.524240">
				<ele>572.000000</ele>
			</trkpt>
			<trkpt lat="50.798796" lon="14.524779">
				<ele>574.000000</ele>
			</trkpt>
			<trkpt lat="50.798757" lon="14.524905">
				<ele>574.000000</ele>
			</trkpt>
			<trkpt lat="50.798739" lon="14.524968">
				<ele>575.000000</ele>
			</trkpt>
			<trkpt lat="50.798739" lon="14.525039">
				<ele>575.000000</ele>
			</trkpt>
			<trkpt lat="50.798757" lon="14.525094">
				<ele>575.000000</ele>
			</trkpt>
			<trkpt lat="50.798876" lon="14.525435">
				<ele>579.000000</ele>
			</trkpt>
			<trkpt lat="50.798904" lon="14.525561">
				<ele>580.000000</ele>
			</trkpt>
			<trkpt lat="50.798933" lon="14.525704">
				<ele>581.000000</ele>
			</trkpt>
			<trkpt lat="50.798990" lon="14.526171">
				<ele>584.000000</ele>
			</trkpt>
			<trkpt lat="50.799069" lon="14.526639">
				<ele>586.000000</ele>
			</trkpt>
			<trkpt lat="50.799114" lon="14.526845">
				<ele>587.000000</ele>
			</trkpt>
			<trkpt lat="50.799183" lon="14.527016">
				<ele>588.000000</ele>
			</trkpt>
			<trkpt lat="50.799250" lon="14.527142">
				<ele>589.000000</ele>
			</trkpt>
			<trkpt lat="50.799404" lon="14.527339">
				<ele>590.000000</ele>
			</trkpt>
			<trkpt lat="50.799443" lon="14.527411">
				<ele>590.000000</ele>
			</trkpt>
			<trkpt lat="50.799472" lon="14.527482">
				<ele>591.000000</ele>
			</trkpt>
			<trkpt lat="50.799523" lon="14.527681">
				<ele>591.000000</ele>
			</trkpt>
			<trkpt lat="50.799535" lon="14.527779">
				<ele>592.000000</ele>
			</trkpt>
			<trkpt lat="50.799546" lon="14.527869">
				<ele>592.000000</ele>
			</trkpt>
			<trkpt lat="50.799546" lon="14.527968">
				<ele>592.000000</ele>
			</trkpt>
			<trkpt lat="50.799529" lon="14.528048">
				<ele>593.000000</ele>
			</trkpt>
			<trkpt lat="50.799506" lon="14.528148">
				<ele>593.000000</ele>
			</trkpt>
			<trkpt lat="50.799472" lon="14.528237">
				<ele>593.000000</ele>
			</trkpt>
			<trkpt lat="50.799387" lon="14.528463">
				<ele>594.000000</ele>
			</trkpt>
			<trkpt lat="50.799347" lon="14.528606">
				<ele>595.000000</ele>
			</trkpt>
			<trkpt lat="50.799324" lon="14.528750">
				<ele>595.000000</ele>
			</trkpt>
			<trkpt lat="50.799313" lon="14.528920">
				<ele>596.000000</ele>
			</trkpt>
			<trkpt lat="50.799313" lon="14.529100">
				<ele>597.000000</ele>
			</trkpt>
			<trkpt lat="50.799296" lon="14.529262">
				<ele>597.000000</ele>
			</trkpt>
			<trkpt lat="50.799273" lon="14.529396">
				<ele>598.000000</ele>
			</trkpt>
			<trkpt lat="50.799234" lon="14.529558">
				<ele>598.000000</ele>
			</trkpt>
			<trkpt lat="50.799183" lon="14.529738">
				<ele>599.000000</ele>
			</trkpt>
			<trkpt lat="50.799154" lon="14.529908">
				<ele>600.000000</ele>
			</trkpt>
			<trkpt lat="50.799137" lon="14.530098">
				<ele>600.000000</ele>
			</trkpt>
			<trkpt lat="50.799142" lon="14.530322">
				<ele>601.000000</ele>
			</trkpt>
			<trkpt lat="50.799177" lon="14.530807">
				<ele>603.000000</ele>
			</trkpt>
			<trkpt lat="50.799199" lon="14.531103">
				<ele>605.000000</ele>
			</trkpt>
			<trkpt lat="50.799216" lon="14.531346">
				<ele>606.000000</ele>
			</trkpt>
			<trkpt lat="50.799154" lon="14.531373">
				<ele>606.000000</ele>
			</trkpt>
			<trkpt lat="50.799109" lon="14.531400">
				<ele>607.000000</ele>
			</trkpt>
			<trkpt lat="50.798983" lon="14.531534">
				<ele>608.000000</ele>
			</trkpt>
			<trkpt lat="50.798939" lon="14.531570">
				<ele>608.000000</ele>
			</trkpt>
			<trkpt lat="50.798910" lon="14.531706">
				<ele>609.000000</ele>
			</trkpt>
			<trkpt lat="50.798887" lon="14.531777">
				<ele>609.000000</ele>
			</trkpt>
			<trkpt lat="50.798842" lon="14.531830">
				<ele>610.000000</ele>
			</trkpt>
			<trkpt lat="50.798768" lon="14.531885">
				<ele>610.000000</ele>
			</trkpt>
			<trkpt lat="50.798717" lon="14.531929">
				<ele>611.000000</ele>
			</trkpt>
			<trkpt lat="50.798677" lon="14.531993">
				<ele>611.000000</ele>
			</trkpt>
			<trkpt lat="50.798654" lon="14.532046">
				<ele>611.000000</ele>
			</trkpt>
			<trkpt lat="50.798637" lon="14.532127">
				<ele>612.000000</ele>
			</trkpt>
			<trkpt lat="50.798626" lon="14.532199">
				<ele>612.000000</ele>
			</trkpt>
			<trkpt lat="50.798637" lon="14.532289">
				<ele>613.000000</ele>
			</trkpt>
			<trkpt lat="50.798672" lon="14.532603">
				<ele>614.000000</ele>
			</trkpt>
			<trkpt lat="50.798683" lon="14.532666">
				<ele>615.000000</ele>
			</trkpt>
			<trkpt lat="50.798700" lon="14.533035">
				<ele>616.000000</ele>
			</trkpt>
			<trkpt lat="50.798700" lon="14.533340">
				<ele>618.000000</ele>
			</trkpt>
			<trkpt lat="50.798705" lon="14.533645">
				<ele>619.000000</ele>
			</trkpt>
			<trkpt lat="50.798688" lon="14.534014">
				<ele>620.000000</ele>
			</trkpt>
			<trkpt lat="50.798660" lon="14.534400">
				<ele>620.000000</ele>
			</trkpt>
			<trkpt lat="50.798654" lon="14.534526">
				<ele>620.000000</ele>
			</trkpt>
			<trkpt lat="50.798626" lon="14.534669">
				<ele>620.000000</ele>
			</trkpt>
			<trkpt lat="50.798592" lon="14.534832">
				<ele>620.000000</ele>
			</trkpt>
			<trkpt lat="50.798580" lon="14.534956">
				<ele>620.000000</ele>
			</trkpt>
			<trkpt lat="50.798580" lon="14.535038">
				<ele>620.000000</ele>
			</trkpt>
			<trkpt lat="50.798546" lon="14.535199">
				<ele>620.000000</ele>
			</trkpt>
			<trkpt lat="50.798444" lon="14.535855">
				<ele>620.000000</ele>
			</trkpt>
			<trkpt lat="50.798428" lon="14.536061">
				<ele>620.000000</ele>
			</trkpt>
			<trkpt lat="50.798410" lon="14.536304">
				<ele>620.000000</ele>
			</trkpt>
			<trkpt lat="50.798410" lon="14.536421">
				<ele>620.000000</ele>
			</trkpt>
			<trkpt lat="50.798382" lon="14.536503">
				<ele>620.000000</ele>
			</trkpt>
			<trkpt lat="50.798348" lon="14.536601">
				<ele>620.000000</ele>
			</trkpt>
			<trkpt lat="50.798285" lon="14.536690">
				<ele>620.000000</ele>
			</trkpt>
			<trkpt lat="50.797229" lon="14.538317">
				<ele>618.000000</ele>
			</trkpt>
			<trkpt lat="50.797138" lon="14.538559">
				<ele>616.000000</ele>
			</trkpt>
			<trkpt lat="50.797087" lon="14.538801">
				<ele>614.000000</ele>
			</trkpt>
			<trkpt lat="50.797053" lon="14.538954">
				<ele>613.000000</ele>
			</trkpt>
			<trkpt lat="50.796997" lon="14.539161">
				<ele>610.000000</ele>
			</trkpt>
			<trkpt lat="50.796956" lon="14.539331">
				<ele>609.000000</ele>
			</trkpt>
			<trkpt lat="50.796928" lon="14.539556">
				<ele>606.000000</ele>
			</trkpt>
			<trkpt lat="50.796883" lon="14.539772">
				<ele>604.000000</ele>
			</trkpt>
			<trkpt lat="50.796832" lon="14.539952">
				<ele>603.000000</ele>
			</trkpt>
			<trkpt lat="50.796753" lon="14.540095">
				<ele>602.000000</ele>
			</trkpt>
			<trkpt lat="50.796645" lon="14.540239">
				<ele>600.000000</ele>
			</trkpt>
			<trkpt lat="50.796582" lon="14.540329">
				<ele>599.000000</ele>
			</trkpt>
			<trkpt lat="50.796525" lon="14.540409">
				<ele>599.000000</ele>
			</trkpt>
			<trkpt lat="50.796491" lon="14.540526">
				<ele>598.000000</ele>
			</trkpt>
			<trkpt lat="50.796445" lon="14.540671">
				<ele>597.000000</ele>
			</trkpt>
			<trkpt lat="50.796224" lon="14.541577">
				<ele>590.000000</ele>
			</trkpt>
			<trkpt lat="50.796105" lon="14.542206">
				<ele>580.000000</ele>
			</trkpt>
			<trkpt lat="50.796065" lon="14.542476">
				<ele>580.000000</ele>
			</trkpt>
			<trkpt lat="50.796048" lon="14.542547">
				<ele>580.000000</ele>
			</trkpt>
			<trkpt lat="50.796014" lon="14.542629">
				<ele>580.000000</ele>
			</trkpt>
			<trkpt lat="50.795980" lon="14.542700">
				<ele>580.000000</ele>
			</trkpt>
			<trkpt lat="50.795923" lon="14.542826">
				<ele>577.000000</ele>
			</trkpt>
			<trkpt lat="50.795844" lon="14.542853">
				<ele>577.000000</ele>
			</trkpt>
			<trkpt lat="50.795685" lon="14.542935">
				<ele>576.000000</ele>
			</trkpt>
			<trkpt lat="50.795503" lon="14.542961">
				<ele>575.000000</ele>
			</trkpt>
			<trkpt lat="50.795253" lon="14.542961">
				<ele>572.000000</ele>
			</trkpt>
			<trkpt lat="50.795083" lon="14.542979">
				<ele>570.000000</ele>
			</trkpt>
			<trkpt lat="50.794929" lon="14.542996">
				<ele>568.000000</ele>
			</trkpt>
			<trkpt lat="50.794759" lon="14.543051">
				<ele>566.000000</ele>
			</trkpt>
			<trkpt lat="50.793641" lon="14.543428">
				<ele>556.000000</ele>
			</trkpt>
			<trkpt lat="50.792692" lon="14.543797">
				<ele>550.000000</ele>
			</trkpt>
			<trkpt lat="50.791778" lon="14.544191">
				<ele>547.000000</ele>
			</trkpt>
			<trkpt lat="50.790063" lon="14.544956">
				<ele>534.000000</ele>
			</trkpt>
			<trkpt lat="50.788780" lon="14.545512">
				<ele>527.000000</ele>
			</trkpt>
			<trkpt lat="50.786667" lon="14.546392">
				<ele>506.000000</ele>
			</trkpt>
			<trkpt lat="50.785054" lon="14.547093">
				<ele>488.000000</ele>
			</trkpt>
			<trkpt lat="50.784861" lon="14.547147">
				<ele>486.000000</ele>
			</trkpt>
			<trkpt lat="50.784441" lon="14.547254">
				<ele>482.000000</ele>
			</trkpt>
			<trkpt lat="50.784378" lon="14.547281">
				<ele>482.000000</ele>
			</trkpt>
			<trkpt lat="50.784316" lon="14.547281">
				<ele>482.000000</ele>
			</trkpt>
			<trkpt lat="50.784146" lon="14.547273">
				<ele>482.000000</ele>
			</trkpt>
			<trkpt lat="50.783629" lon="14.547103">
				<ele>481.000000</ele>
			</trkpt>
			<trkpt lat="50.783453" lon="14.547040">
				<ele>481.000000</ele>
			</trkpt>
			<trkpt lat="50.783270" lon="14.546967">
				<ele>481.000000</ele>
			</trkpt>
			<trkpt lat="50.782845" lon="14.546743">
				<ele>480.000000</ele>
			</trkpt>
			<trkpt lat="50.782839" lon="14.546743">
				<ele>480.000000</ele>
			</trkpt>
			<trkpt lat="50.782828" lon="14.546743">
				<ele>480.000000</ele>
			</trkpt>
			<trkpt lat="50.782606" lon="14.546761">
				<ele>480.000000</ele>
			</trkpt>
			<trkpt lat="50.782413" lon="14.546814">
				<ele>480.000000</ele>
			</trkpt>
			<trkpt lat="50.782242" lon="14.546895">
				<ele>480.000000</ele>
			</trkpt>
			<trkpt lat="50.782038" lon="14.547040">
				<ele>481.000000</ele>
			</trkpt>
			<trkpt lat="50.781868" lon="14.547164">
				<ele>481.000000</ele>
			</trkpt>
			<trkpt lat="50.781607" lon="14.547390">
				<ele>483.000000</ele>
			</trkpt>
			<trkpt lat="50.781033" lon="14.547910">
				<ele>485.000000</ele>
			</trkpt>
			<trkpt lat="50.780857" lon="14.548063">
				<ele>485.000000</ele>
			</trkpt>
			<trkpt lat="50.780738" lon="14.548172">
				<ele>485.000000</ele>
			</trkpt>
			<trkpt lat="50.780596" lon="14.548180">
				<ele>485.000000</ele>
			</trkpt>
			<trkpt lat="50.780260" lon="14.548172">
				<ele>484.000000</ele>
			</trkpt>
			<trkpt lat="50.779482" lon="14.548109">
				<ele>474.000000</ele>
			</trkpt>
			<trkpt lat="50.779022" lon="14.548396">
				<ele>470.000000</ele>
			</trkpt>
			<trkpt lat="50.778880" lon="14.548468">
				<ele>469.000000</ele>
			</trkpt>
			<trkpt lat="50.778789" lon="14.548495">
				<ele>468.000000</ele>
			</trkpt>
			<trkpt lat="50.778710" lon="14.548503">
				<ele>467.000000</ele>
			</trkpt>
			<trkpt lat="50.778619" lon="14.548476">
				<ele>466.000000</ele>
			</trkpt>
			<trkpt lat="50.778540" lon="14.548413">
				<ele>466.000000</ele>
			</trkpt>
			<trkpt lat="50.778386" lon="14.548333">
				<ele>465.000000</ele>
			</trkpt>
			<trkpt lat="50.778204" lon="14.548261">
				<ele>464.000000</ele>
			</trkpt>
			<trkpt lat="50.778096" lon="14.548235">
				<ele>464.000000</ele>
			</trkpt>
			<trkpt lat="50.778005" lon="14.548225">
				<ele>463.000000</ele>
			</trkpt>
			<trkpt lat="50.777915" lon="14.548252">
				<ele>463.000000</ele>
			</trkpt>
			<trkpt lat="50.777801" lon="14.548306">
				<ele>463.000000</ele>
			</trkpt>
			<trkpt lat="50.777653" lon="14.548413">
				<ele>462.000000</ele>
			</trkpt>
			<trkpt lat="50.777522" lon="14.548495">
				<ele>462.000000</ele>
			</trkpt>
			<trkpt lat="50.777398" lon="14.548539">
				<ele>461.000000</ele>
			</trkpt>
			<trkpt lat="50.777290" lon="14.548566">
				<ele>461.000000</ele>
			</trkpt>
			<trkpt lat="50.777182" lon="14.548575">
				<ele>460.000000</ele>
			</trkpt>
			<trkpt lat="50.777091" lon="14.548539">
				<ele>460.000000</ele>
			</trkpt>
			<trkpt lat="50.776971" lon="14.548485">
				<ele>458.000000</ele>
			</trkpt>
			<trkpt lat="50.776864" lon="14.548386">
				<ele>457.000000</ele>
			</trkpt>
			<trkpt lat="50.776745" lon="14.548279">
				<ele>455.000000</ele>
			</trkpt>
			<trkpt lat="50.776455" lon="14.547937">
				<ele>445.000000</ele>
			</trkpt>
			<trkpt lat="50.776375" lon="14.548055">
				<ele>445.000000</ele>
			</trkpt>
			<trkpt lat="50.776290" lon="14.548172">
				<ele>445.000000</ele>
			</trkpt>
			<trkpt lat="50.776171" lon="14.548252">
				<ele>445.000000</ele>
			</trkpt>
			<trkpt lat="50.776063" lon="14.548315">
				<ele>444.000000</ele>
			</trkpt>
			<trkpt lat="50.775989" lon="14.548323">
				<ele>443.000000</ele>
			</trkpt>
			<trkpt lat="50.775927" lon="14.548315">
				<ele>443.000000</ele>
			</trkpt>
			<trkpt lat="50.775864" lon="14.548288">
				<ele>442.000000</ele>
			</trkpt>
			<trkpt lat="50.775801" lon="14.548243">
				<ele>441.000000</ele>
			</trkpt>
			<trkpt lat="50.775495" lon="14.547973">
				<ele>438.000000</ele>
			</trkpt>
			<trkpt lat="50.775353" lon="14.547883">
				<ele>437.000000</ele>
			</trkpt>
			<trkpt lat="50.775279" lon="14.547820">
				<ele>436.000000</ele>
			</trkpt>
			<trkpt lat="50.775233" lon="14.547812">
				<ele>436.000000</ele>
			</trkpt>
			<trkpt lat="50.775171" lon="14.547812">
				<ele>435.000000</ele>
			</trkpt>
			<trkpt lat="50.775091" lon="14.547839">
				<ele>435.000000</ele>
			</trkpt>
			<trkpt lat="50.774813" lon="14.547929">
				<ele>432.000000</ele>
			</trkpt>
			<trkpt lat="50.774585" lon="14.547956">
				<ele>430.000000</ele>
			</trkpt>
			<trkpt lat="50.774444" lon="14.547946">
				<ele>429.000000</ele>
			</trkpt>
			<trkpt lat="50.774307" lon="14.547875">
				<ele>428.000000</ele>
			</trkpt>
			<trkpt lat="50.774148" lon="14.547793">
				<ele>427.000000</ele>
			</trkpt>
			<trkpt lat="50.774012" lon="14.547740">
				<ele>426.000000</ele>
			</trkpt>
			<trkpt lat="50.773865" lon="14.547696">
				<ele>425.000000</ele>
			</trkpt>
			<trkpt lat="50.773711" lon="14.547686">
				<ele>425.000000</ele>
			</trkpt>
			<trkpt lat="50.773444" lon="14.547686">
				<ele>425.000000</ele>
			</trkpt>
			<trkpt lat="50.773109" lon="14.547749">
				<ele>420.000000</ele>
			</trkpt>
			<trkpt lat="50.772348" lon="14.548109">
				<ele>415.000000</ele>
			</trkpt>
			<trkpt lat="50.772240" lon="14.548225">
				<ele>415.000000</ele>
			</trkpt>
			<trkpt lat="50.772132" lon="14.548323">
				<ele>414.000000</ele>
			</trkpt>
			<trkpt lat="50.771978" lon="14.548422">
				<ele>413.000000</ele>
			</trkpt>
			<trkpt lat="50.771756" lon="14.548548">
				<ele>412.000000</ele>
			</trkpt>
			<trkpt lat="50.771586" lon="14.548638">
				<ele>410.000000</ele>
			</trkpt>
			<trkpt lat="50.771030" lon="14.548889">
				<ele>406.000000</ele>
			</trkpt>
			<trkpt lat="50.770535" lon="14.549088">
				<ele>403.000000</ele>
			</trkpt>
			<trkpt lat="50.770462" lon="14.549114">
				<ele>403.000000</ele>
			</trkpt>
			<trkpt lat="50.770348" lon="14.549159">
				<ele>402.000000</ele>
			</trkpt>
			<trkpt lat="50.769899" lon="14.549680">
				<ele>399.000000</ele>
			</trkpt>
			<trkpt lat="50.769462" lon="14.550174">
				<ele>396.000000</ele>
			</trkpt>
			<trkpt lat="50.769263" lon="14.550390">
				<ele>395.000000</ele>
			</trkpt>
			<trkpt lat="50.768808" lon="14.550776">
				<ele>392.000000</ele>
			</trkpt>
			<trkpt lat="50.768388" lon="14.551135">
				<ele>390.000000</ele>
			</trkpt>
			<trkpt lat="50.768081" lon="14.551396">
				<ele>388.000000</ele>
			</trkpt>
			<trkpt lat="50.767962" lon="14.551468">
				<ele>387.000000</ele>
			</trkpt>
			<trkpt lat="50.767803" lon="14.551495">
				<ele>387.000000</ele>
			</trkpt>
			<trkpt lat="50.767138" lon="14.551549">
				<ele>381.000000</ele>
			</trkpt>
			<trkpt lat="50.766995" lon="14.551575">
				<ele>381.000000</ele>
			</trkpt>
			<trkpt lat="50.766859" lon="14.551621">
				<ele>380.000000</ele>
			</trkpt>
			<trkpt lat="50.766717" lon="14.551692">
				<ele>380.000000</ele>
			</trkpt>
			<trkpt lat="50.766552" lon="14.551791">
				<ele>380.000000</ele>
			</trkpt>
			<trkpt lat="50.766478" lon="14.551854">
				<ele>379.000000</ele>
			</trkpt>
			<trkpt lat="50.766377" lon="14.551954">
				<ele>379.000000</ele>
			</trkpt>
			<trkpt lat="50.766246" lon="14.552097">
				<ele>378.000000</ele>
			</trkpt>
			<trkpt lat="50.766007" lon="14.552375">
				<ele>377.000000</ele>
			</trkpt>
			<trkpt lat="50.765740" lon="14.552690">
				<ele>376.000000</ele>
			</trkpt>
			<trkpt lat="50.765405" lon="14.553040">
				<ele>374.000000</ele>
			</trkpt>
			<trkpt lat="50.765291" lon="14.553139">
				<ele>373.000000</ele>
			</trkpt>
			<trkpt lat="50.765183" lon="14.553193">
				<ele>373.000000</ele>
			</trkpt>
			<trkpt lat="50.764916" lon="14.553336">
				<ele>373.000000</ele>
			</trkpt>
			<trkpt lat="50.764052" lon="14.553831">
				<ele>371.000000</ele>
			</trkpt>
			<trkpt lat="50.763899" lon="14.553921">
				<ele>370.000000</ele>
			</trkpt>
			<trkpt lat="50.763763" lon="14.553975">
				<ele>370.000000</ele>
			</trkpt>
			<trkpt lat="50.763649" lon="14.554001">
				<ele>369.000000</ele>
			</trkpt>
			<trkpt lat="50.763547" lon="14.554019">
				<ele>369.000000</ele>
			</trkpt>
			<trkpt lat="50.763388" lon="14.553651">
				<ele>369.000000</ele>
			</trkpt>
			<trkpt lat="50.763285" lon="14.553722">
				<ele>368.000000</ele>
			</trkpt>
			<trkpt lat="50.763161" lon="14.553785">
				<ele>368.000000</ele>
			</trkpt>
			<trkpt lat="50.762587" lon="14.553929">
				<ele>366.000000</ele>
			</trkpt>
			<trkpt lat="50.762495" lon="14.553956">
				<ele>366.000000</ele>
			</trkpt>
			<trkpt lat="50.762405" lon="14.554001">
				<ele>366.000000</ele>
			</trkpt>
			<trkpt lat="50.762336" lon="14.554072">
				<ele>365.000000</ele>
			</trkpt>
			<trkpt lat="50.762194" lon="14.554199">
				<ele>365.000000</ele>
			</trkpt>
			<trkpt lat="50.762013" lon="14.554378">
				<ele>365.000000</ele>
			</trkpt>
			<trkpt lat="50.761876" lon="14.554504">
				<ele>365.000000</ele>
			</trkpt>
			<trkpt lat="50.761769" lon="14.554585">
				<ele>365.000000</ele>
			</trkpt>
			<trkpt lat="50.761700" lon="14.554630">
				<ele>365.000000</ele>
			</trkpt>
			<trkpt lat="50.761553" lon="14.554648">
				<ele>365.000000</ele>
			</trkpt>
			<trkpt lat="50.761382" lon="14.554638">
				<ele>365.000000</ele>
			</trkpt>
			<trkpt lat="50.761285" lon="14.554621">
				<ele>365.000000</ele>
			</trkpt>
			<trkpt lat="50.761240" lon="14.554908">
				<ele>365.000000</ele>
			</trkpt>
			<trkpt lat="50.760893" lon="14.556355">
				<ele>365.000000</ele>
			</trkpt>
			<trkpt lat="50.760723" lon="14.556328">
				<ele>365.000000</ele>
			</trkpt>
			<trkpt lat="50.760598" lon="14.556489">
				<ele>365.000000</ele>
			</trkpt>
			<trkpt lat="50.760518" lon="14.556588">
				<ele>366.000000</ele>
			</trkpt>
			<trkpt lat="50.760456" lon="14.556732">
				<ele>367.000000</ele>
			</trkpt>
			<trkpt lat="50.760450" lon="14.556858">
				<ele>366.000000</ele>
			</trkpt>
			<trkpt lat="50.760518" lon="14.556912">
				<ele>366.000000</ele>
			</trkpt>
			<trkpt lat="50.760728" lon="14.557082">
				<ele>365.000000</ele>
			</trkpt>
			<trkpt lat="50.760836" lon="14.557091">
				<ele>365.000000</ele>
			</trkpt>
			<trkpt lat="50.760871" lon="14.557118">
				<ele>366.000000</ele>
			</trkpt>
		</trkseg>
	</trk>
</gpx>

