<?xml version="1.0" encoding="utf-8"?>
<gpx xmlns="http://www.topografix.com/GPX/1/1" version="1.1" creator="https://mapy.com/">
	<trk>
		<name>Route from Krompach, kostel to Liberecká</name>
		<trkseg>
			<trkpt lat="50.827977" lon="14.701864">
				<ele>480.000000</ele>
			</trkpt>
			<trkpt lat="50.827908" lon="14.701873">
				<ele>480.000000</ele>
			</trkpt>
			<trkpt lat="50.827914" lon="14.702079">
				<ele>480.000000</ele>
			</trkpt>
			<trkpt lat="50.827925" lon="14.702223">
				<ele>480.000000</ele>
			</trkpt>
			<trkpt lat="50.827914" lon="14.702565">
				<ele>480.000000</ele>
			</trkpt>
			<trkpt lat="50.827914" lon="14.702609">
				<ele>480.000000</ele>
			</trkpt>
			<trkpt lat="50.827925" lon="14.702691">
				<ele>480.000000</ele>
			</trkpt>
			<trkpt lat="50.827954" lon="14.703104">
				<ele>481.000000</ele>
			</trkpt>
			<trkpt lat="50.828016" lon="14.703787">
				<ele>483.000000</ele>
			</trkpt>
			<trkpt lat="50.828056" lon="14.704200">
				<ele>485.000000</ele>
			</trkpt>
			<trkpt lat="50.828067" lon="14.704477">
				<ele>486.000000</ele>
			</trkpt>
			<trkpt lat="50.828067" lon="14.704775">
				<ele>486.000000</ele>
			</trkpt>
			<trkpt lat="50.828051" lon="14.705116">
				<ele>488.000000</ele>
			</trkpt>
			<trkpt lat="50.828005" lon="14.705493">
				<ele>489.000000</ele>
			</trkpt>
			<trkpt lat="50.827977" lon="14.705645">
				<ele>489.000000</ele>
			</trkpt>
			<trkpt lat="50.827931" lon="14.705844">
				<ele>490.000000</ele>
			</trkpt>
			<trkpt lat="50.827829" lon="14.706284">
				<ele>492.000000</ele>
			</trkpt>
			<trkpt lat="50.827767" lon="14.706624">
				<ele>493.000000</ele>
			</trkpt>
			<trkpt lat="50.827738" lon="14.706850">
				<ele>494.000000</ele>
			</trkpt>
			<trkpt lat="50.827738" lon="14.707127">
				<ele>496.000000</ele>
			</trkpt>
			<trkpt lat="50.827721" lon="14.707433">
				<ele>497.000000</ele>
			</trkpt>
			<trkpt lat="50.827704" lon="14.707577">
				<ele>498.000000</ele>
			</trkpt>
			<trkpt lat="50.827676" lon="14.707739">
				<ele>499.000000</ele>
			</trkpt>
			<trkpt lat="50.827642" lon="14.707945">
				<ele>500.000000</ele>
			</trkpt>
			<trkpt lat="50.827613" lon="14.708135">
				<ele>501.000000</ele>
			</trkpt>
			<trkpt lat="50.827591" lon="14.708404">
				<ele>502.000000</ele>
			</trkpt>
			<trkpt lat="50.827562" lon="14.708700">
				<ele>504.000000</ele>
			</trkpt>
			<trkpt lat="50.827511" lon="14.708987">
				<ele>505.000000</ele>
			</trkpt>
			<trkpt lat="50.827500" lon="14.709095">
				<ele>506.000000</ele>
			</trkpt>
			<trkpt lat="50.827494" lon="14.709257">
				<ele>507.000000</ele>
			</trkpt>
			<trkpt lat="50.827432" lon="14.709743">
				<ele>510.000000</ele>
			</trkpt>
			<trkpt lat="50.827398" lon="14.710165">
				<ele>513.000000</ele>
			</trkpt>
			<trkpt lat="50.827369" lon="14.710722">
				<ele>517.000000</ele>
			</trkpt>
			<trkpt lat="50.827369" lon="14.710945">
				<ele>518.000000</ele>
			</trkpt>
			<trkpt lat="50.827381" lon="14.711125">
				<ele>520.000000</ele>
			</trkpt>
			<trkpt lat="50.827392" lon="14.711440">
				<ele>522.000000</ele>
			</trkpt>
			<trkpt lat="50.827392" lon="14.711565">
				<ele>523.000000</ele>
			</trkpt>
			<trkpt lat="50.827375" lon="14.711710">
				<ele>524.000000</ele>
			</trkpt>
			<trkpt lat="50.827358" lon="14.711898">
				<ele>526.000000</ele>
			</trkpt>
			<trkpt lat="50.827347" lon="14.712069">
				<ele>527.000000</ele>
			</trkpt>
			<trkpt lat="50.827358" lon="14.712194">
				<ele>528.000000</ele>
			</trkpt>
			<trkpt lat="50.827364" lon="14.712536">
				<ele>530.000000</ele>
			</trkpt>
			<trkpt lat="50.827358" lon="14.713003">
				<ele>534.000000</ele>
			</trkpt>
			<trkpt lat="50.827335" lon="14.713559">
				<ele>538.000000</ele>
			</trkpt>
			<trkpt lat="50.827279" lon="14.714198">
				<ele>541.000000</ele>
			</trkpt>
			<trkpt lat="50.827756" lon="14.714601">
				<ele>544.000000</ele>
			</trkpt>
			<trkpt lat="50.827863" lon="14.714664">
				<ele>545.000000</ele>
			</trkpt>
			<trkpt lat="50.827948" lon="14.714719">
				<ele>546.000000</ele>
			</trkpt>
			<trkpt lat="50.828010" lon="14.714790">
				<ele>546.000000</ele>
			</trkpt>
			<trkpt lat="50.828062" lon="14.714871">
				<ele>546.000000</ele>
			</trkpt>
			<trkpt lat="50.828147" lon="14.715016">
				<ele>547.000000</ele>
			</trkpt>
			<trkpt lat="50.828198" lon="14.715087">
				<ele>548.000000</ele>
			</trkpt>
			<trkpt lat="50.828243" lon="14.715167">
				<ele>548.000000</ele>
			</trkpt>
			<trkpt lat="50.828283" lon="14.715303">
				<ele>548.000000</ele>
			</trkpt>
			<trkpt lat="50.828317" lon="14.715366">
				<ele>549.000000</ele>
			</trkpt>
			<trkpt lat="50.828346" lon="14.715429">
				<ele>549.000000</ele>
			</trkpt>
			<trkpt lat="50.828391" lon="14.715500">
				<ele>549.000000</ele>
			</trkpt>
			<trkpt lat="50.828482" lon="14.715582">
				<ele>550.000000</ele>
			</trkpt>
			<trkpt lat="50.828686" lon="14.715779">
				<ele>552.000000</ele>
			</trkpt>
			<trkpt lat="50.828788" lon="14.715878">
				<ele>552.000000</ele>
			</trkpt>
			<trkpt lat="50.828895" lon="14.716048">
				<ele>553.000000</ele>
			</trkpt>
			<trkpt lat="50.829021" lon="14.716246">
				<ele>554.000000</ele>
			</trkpt>
			<trkpt lat="50.829157" lon="14.716389">
				<ele>556.000000</ele>
			</trkpt>
			<trkpt lat="50.829208" lon="14.716444">
				<ele>557.000000</ele>
			</trkpt>
			<trkpt lat="50.829254" lon="14.716515">
				<ele>558.000000</ele>
			</trkpt>
			<trkpt lat="50.829355" lon="14.716758">
				<ele>560.000000</ele>
			</trkpt>
			<trkpt lat="50.829202" lon="14.716685">
				<ele>560.000000</ele>
			</trkpt>
			<trkpt lat="50.829060" lon="14.716632">
				<ele>560.000000</ele>
			</trkpt>
			<trkpt lat="50.828924" lon="14.716614">
				<ele>560.000000</ele>
			</trkpt>
			<trkpt lat="50.828788" lon="14.716632">
				<ele>560.000000</ele>
			</trkpt>
			<trkpt lat="50.828590" lon="14.716685">
				<ele>560.000000</ele>
			</trkpt>
			<trkpt lat="50.828374" lon="14.716748">
				<ele>560.000000</ele>
			</trkpt>
			<trkpt lat="50.828277" lon="14.716758">
				<ele>560.000000</ele>
			</trkpt>
			<trkpt lat="50.828175" lon="14.716748">
				<ele>560.000000</ele>
			</trkpt>
			<trkpt lat="50.828084" lon="14.716677">
				<ele>560.000000</ele>
			</trkpt>
			<trkpt lat="50.827959" lon="14.716578">
				<ele>560.000000</ele>
			</trkpt>
			<trkpt lat="50.827715" lon="14.716381">
				<ele>560.000000</ele>
			</trkpt>
			<trkpt lat="50.827562" lon="14.716272">
				<ele>560.000000</ele>
			</trkpt>
			<trkpt lat="50.827438" lon="14.716201">
				<ele>560.000000</ele>
			</trkpt>
			<trkpt lat="50.827302" lon="14.716156">
				<ele>560.000000</ele>
			</trkpt>
			<trkpt lat="50.827102" lon="14.716111">
				<ele>560.000000</ele>
			</trkpt>
			<trkpt lat="50.826518" lon="14.716075">
				<ele>560.000000</ele>
			</trkpt>
			<trkpt lat="50.825696" lon="14.715968">
				<ele>565.000000</ele>
			</trkpt>
			<trkpt lat="50.825514" lon="14.715959">
				<ele>567.000000</ele>
			</trkpt>
			<trkpt lat="50.825366" lon="14.715968">
				<ele>568.000000</ele>
			</trkpt>
			<trkpt lat="50.825224" lon="14.716012">
				<ele>570.000000</ele>
			</trkpt>
			<trkpt lat="50.825066" lon="14.716102">
				<ele>573.000000</ele>
			</trkpt>
			<trkpt lat="50.824929" lon="14.716183">
				<ele>575.000000</ele>
			</trkpt>
			<trkpt lat="50.824793" lon="14.716246">
				<ele>578.000000</ele>
			</trkpt>
			<trkpt lat="50.824504" lon="14.716327">
				<ele>583.000000</ele>
			</trkpt>
			<trkpt lat="50.824249" lon="14.716398">
				<ele>587.000000</ele>
			</trkpt>
			<trkpt lat="50.823795" lon="14.716578">
				<ele>597.000000</ele>
			</trkpt>
			<trkpt lat="50.823681" lon="14.716632">
				<ele>599.000000</ele>
			</trkpt>
			<trkpt lat="50.823573" lon="14.716704">
				<ele>601.000000</ele>
			</trkpt>
			<trkpt lat="50.823471" lon="14.716803">
				<ele>602.000000</ele>
			</trkpt>
			<trkpt lat="50.823403" lon="14.716901">
				<ele>603.000000</ele>
			</trkpt>
			<trkpt lat="50.823341" lon="14.717018">
				<ele>604.000000</ele>
			</trkpt>
			<trkpt lat="50.823284" lon="14.717171">
				<ele>605.000000</ele>
			</trkpt>
			<trkpt lat="50.823239" lon="14.717360">
				<ele>607.000000</ele>
			</trkpt>
			<trkpt lat="50.823205" lon="14.717576">
				<ele>609.000000</ele>
			</trkpt>
			<trkpt lat="50.823159" lon="14.717917">
				<ele>614.000000</ele>
			</trkpt>
			<trkpt lat="50.823136" lon="14.718240">
				<ele>617.000000</ele>
			</trkpt>
			<trkpt lat="50.823125" lon="14.718582">
				<ele>620.000000</ele>
			</trkpt>
			<trkpt lat="50.823131" lon="14.718949">
				<ele>625.000000</ele>
			</trkpt>
			<trkpt lat="50.823136" lon="14.719102">
				<ele>627.000000</ele>
			</trkpt>
			<trkpt lat="50.823119" lon="14.719398">
				<ele>631.000000</ele>
			</trkpt>
			<trkpt lat="50.822898" lon="14.720846">
				<ele>652.000000</ele>
			</trkpt>
			<trkpt lat="50.822892" lon="14.721043">
				<ele>655.000000</ele>
			</trkpt>
			<trkpt lat="50.822966" lon="14.721509">
				<ele>662.000000</ele>
			</trkpt>
			<trkpt lat="50.822995" lon="14.721761">
				<ele>665.000000</ele>
			</trkpt>
			<trkpt lat="50.823000" lon="14.721897">
				<ele>667.000000</ele>
			</trkpt>
			<trkpt lat="50.822989" lon="14.722085">
				<ele>670.000000</ele>
			</trkpt>
			<trkpt lat="50.822898" lon="14.722337">
				<ele>672.000000</ele>
			</trkpt>
			<trkpt lat="50.822767" lon="14.722507">
				<ele>674.000000</ele>
			</trkpt>
			<trkpt lat="50.822620" lon="14.722651">
				<ele>675.000000</ele>
			</trkpt>
			<trkpt lat="50.822359" lon="14.722911">
				<ele>678.000000</ele>
			</trkpt>
			<trkpt lat="50.822302" lon="14.722884">
				<ele>674.000000</ele>
			</trkpt>
			<trkpt lat="50.822393" lon="14.723100">
				<ele>678.000000</ele>
			</trkpt>
			<trkpt lat="50.822467" lon="14.723297">
				<ele>683.000000</ele>
			</trkpt>
			<trkpt lat="50.822518" lon="14.723522">
				<ele>689.000000</ele>
			</trkpt>
			<trkpt lat="50.822563" lon="14.723783">
				<ele>693.000000</ele>
			</trkpt>
			<trkpt lat="50.822620" lon="14.724222">
				<ele>701.000000</ele>
			</trkpt>
			<trkpt lat="50.822631" lon="14.724348">
				<ele>703.000000</ele>
			</trkpt>
			<trkpt lat="50.822631" lon="14.724492">
				<ele>705.000000</ele>
			</trkpt>
			<trkpt lat="50.822620" lon="14.724618">
				<ele>707.000000</ele>
			</trkpt>
			<trkpt lat="50.822603" lon="14.724717">
				<ele>709.000000</ele>
			</trkpt>
			<trkpt lat="50.822569" lon="14.724834">
				<ele>711.000000</ele>
			</trkpt>
			<trkpt lat="50.822529" lon="14.724941">
				<ele>713.000000</ele>
			</trkpt>
			<trkpt lat="50.822421" lon="14.725230">
				<ele>718.000000</ele>
			</trkpt>
			<trkpt lat="50.822370" lon="14.725417">
				<ele>720.000000</ele>
			</trkpt>
			<trkpt lat="50.822353" lon="14.725517">
				<ele>712.000000</ele>
			</trkpt>
			<trkpt lat="50.822353" lon="14.725597">
				<ele>705.000000</ele>
			</trkpt>
			<trkpt lat="50.822353" lon="14.725714">
				<ele>695.000000</ele>
			</trkpt>
			<trkpt lat="50.822370" lon="14.725813">
				<ele>687.000000</ele>
			</trkpt>
			<trkpt lat="50.822415" lon="14.726083">
				<ele>664.000000</ele>
			</trkpt>
			<trkpt lat="50.822427" lon="14.726119">
				<ele>660.000000</ele>
			</trkpt>
			<trkpt lat="50.822427" lon="14.726119">
				<ele>660.000000</ele>
			</trkpt>
			<trkpt lat="50.822456" lon="14.726199">
				<ele>653.000000</ele>
			</trkpt>
			<trkpt lat="50.822489" lon="14.726298">
				<ele>643.000000</ele>
			</trkpt>
			<trkpt lat="50.822597" lon="14.726666">
				<ele>610.000000</ele>
			</trkpt>
			<trkpt lat="50.822608" lon="14.726648">
				<ele>740.000000</ele>
			</trkpt>
			<trkpt lat="50.822728" lon="14.726666">
				<ele>732.000000</ele>
			</trkpt>
			<trkpt lat="50.822977" lon="14.726775">
				<ele>730.000000</ele>
			</trkpt>
			<trkpt lat="50.822989" lon="14.726846">
				<ele>730.000000</ele>
			</trkpt>
			<trkpt lat="50.823051" lon="14.726828">
				<ele>730.000000</ele>
			</trkpt>
			<trkpt lat="50.823119" lon="14.726828">
				<ele>730.000000</ele>
			</trkpt>
			<trkpt lat="50.823619" lon="14.726981">
				<ele>730.000000</ele>
			</trkpt>
			<trkpt lat="50.824067" lon="14.727115">
				<ele>730.000000</ele>
			</trkpt>
			<trkpt lat="50.824748" lon="14.727349">
				<ele>735.000000</ele>
			</trkpt>
			<trkpt lat="50.824748" lon="14.727735">
				<ele>733.000000</ele>
			</trkpt>
			<trkpt lat="50.824873" lon="14.728364">
				<ele>729.000000</ele>
			</trkpt>
			<trkpt lat="50.825014" lon="14.728832">
				<ele>725.000000</ele>
			</trkpt>
			<trkpt lat="50.825207" lon="14.729379">
				<ele>721.000000</ele>
			</trkpt>
			<trkpt lat="50.825276" lon="14.729577">
				<ele>720.000000</ele>
			</trkpt>
			<trkpt lat="50.825502" lon="14.730205">
				<ele>716.000000</ele>
			</trkpt>
			<trkpt lat="50.825696" lon="14.730646">
				<ele>712.000000</ele>
			</trkpt>
			<trkpt lat="50.825763" lon="14.730906">
				<ele>711.000000</ele>
			</trkpt>
			<trkpt lat="50.825877" lon="14.731482">
				<ele>705.000000</ele>
			</trkpt>
			<trkpt lat="50.825809" lon="14.731679">
				<ele>703.000000</ele>
			</trkpt>
			<trkpt lat="50.825724" lon="14.731723">
				<ele>702.000000</ele>
			</trkpt>
			<trkpt lat="50.825633" lon="14.731723">
				<ele>700.000000</ele>
			</trkpt>
			<trkpt lat="50.825502" lon="14.731616">
				<ele>698.000000</ele>
			</trkpt>
			<trkpt lat="50.825423" lon="14.731499">
				<ele>696.000000</ele>
			</trkpt>
			<trkpt lat="50.825315" lon="14.731346">
				<ele>694.000000</ele>
			</trkpt>
			<trkpt lat="50.825224" lon="14.731310">
				<ele>692.000000</ele>
			</trkpt>
			<trkpt lat="50.825173" lon="14.731446">
				<ele>690.000000</ele>
			</trkpt>
			<trkpt lat="50.825173" lon="14.731607">
				<ele>689.000000</ele>
			</trkpt>
			<trkpt lat="50.825213" lon="14.731849">
				<ele>686.000000</ele>
			</trkpt>
			<trkpt lat="50.825264" lon="14.732128">
				<ele>683.000000</ele>
			</trkpt>
			<trkpt lat="50.825293" lon="14.732478">
				<ele>679.000000</ele>
			</trkpt>
			<trkpt lat="50.825338" lon="14.732973">
				<ele>669.000000</ele>
			</trkpt>
			<trkpt lat="50.825344" lon="14.733188">
				<ele>663.000000</ele>
			</trkpt>
			<trkpt lat="50.825338" lon="14.733683">
				<ele>650.000000</ele>
			</trkpt>
			<trkpt lat="50.825372" lon="14.733970">
				<ele>642.000000</ele>
			</trkpt>
			<trkpt lat="50.825401" lon="14.734249">
				<ele>638.000000</ele>
			</trkpt>
			<trkpt lat="50.825804" lon="14.734788">
				<ele>629.000000</ele>
			</trkpt>
			<trkpt lat="50.826025" lon="14.735048">
				<ele>627.000000</ele>
			</trkpt>
			<trkpt lat="50.826121" lon="14.735147">
				<ele>623.000000</ele>
			</trkpt>
			<trkpt lat="50.826309" lon="14.735371">
				<ele>617.000000</ele>
			</trkpt>
			<trkpt lat="50.826547" lon="14.735767">
				<ele>609.000000</ele>
			</trkpt>
			<trkpt lat="50.826705" lon="14.735946">
				<ele>605.000000</ele>
			</trkpt>
			<trkpt lat="50.826870" lon="14.736134">
				<ele>600.000000</ele>
			</trkpt>
			<trkpt lat="50.827007" lon="14.736359">
				<ele>595.000000</ele>
			</trkpt>
			<trkpt lat="50.827131" lon="14.736476">
				<ele>592.000000</ele>
			</trkpt>
			<trkpt lat="50.827176" lon="14.736673">
				<ele>589.000000</ele>
			</trkpt>
			<trkpt lat="50.827210" lon="14.736988">
				<ele>583.000000</ele>
			</trkpt>
			<trkpt lat="50.827261" lon="14.737132">
				<ele>581.000000</ele>
			</trkpt>
			<trkpt lat="50.827341" lon="14.737239">
				<ele>578.000000</ele>
			</trkpt>
			<trkpt lat="50.827415" lon="14.737222">
				<ele>576.000000</ele>
			</trkpt>
			<trkpt lat="50.827472" lon="14.737258">
				<ele>574.000000</ele>
			</trkpt>
			<trkpt lat="50.827551" lon="14.737275">
				<ele>572.000000</ele>
			</trkpt>
			<trkpt lat="50.827750" lon="14.737491">
				<ele>567.000000</ele>
			</trkpt>
			<trkpt lat="50.827851" lon="14.737599">
				<ele>565.000000</ele>
			</trkpt>
			<trkpt lat="50.828005" lon="14.737994">
				<ele>560.000000</ele>
			</trkpt>
			<trkpt lat="50.828096" lon="14.738183">
				<ele>557.000000</ele>
			</trkpt>
			<trkpt lat="50.828192" lon="14.738327">
				<ele>555.000000</ele>
			</trkpt>
			<trkpt lat="50.828311" lon="14.738398">
				<ele>553.000000</ele>
			</trkpt>
			<trkpt lat="50.828431" lon="14.738434">
				<ele>551.000000</ele>
			</trkpt>
			<trkpt lat="50.828590" lon="14.738515">
				<ele>548.000000</ele>
			</trkpt>
			<trkpt lat="50.828743" lon="14.738659">
				<ele>546.000000</ele>
			</trkpt>
			<trkpt lat="50.828941" lon="14.738910">
				<ele>542.000000</ele>
			</trkpt>
			<trkpt lat="50.829026" lon="14.739189">
				<ele>539.000000</ele>
			</trkpt>
			<trkpt lat="50.829015" lon="14.739333">
				<ele>538.000000</ele>
			</trkpt>
			<trkpt lat="50.828902" lon="14.739656">
				<ele>537.000000</ele>
			</trkpt>
			<trkpt lat="50.828788" lon="14.739826">
				<ele>536.000000</ele>
			</trkpt>
			<trkpt lat="50.828708" lon="14.739952">
				<ele>535.000000</ele>
			</trkpt>
			<trkpt lat="50.828606" lon="14.740159">
				<ele>534.000000</ele>
			</trkpt>
			<trkpt lat="50.828527" lon="14.740384">
				<ele>533.000000</ele>
			</trkpt>
			<trkpt lat="50.828487" lon="14.740591">
				<ele>532.000000</ele>
			</trkpt>
			<trkpt lat="50.828482" lon="14.740824">
				<ele>531.000000</ele>
			</trkpt>
			<trkpt lat="50.828505" lon="14.741004">
				<ele>530.000000</ele>
			</trkpt>
			<trkpt lat="50.828561" lon="14.741193">
				<ele>529.000000</ele>
			</trkpt>
			<trkpt lat="50.828635" lon="14.741336">
				<ele>528.000000</ele>
			</trkpt>
			<trkpt lat="50.828862" lon="14.741623">
				<ele>525.000000</ele>
			</trkpt>
			<trkpt lat="50.828987" lon="14.741830">
				<ele>523.000000</ele>
			</trkpt>
			<trkpt lat="50.829123" lon="14.742090">
				<ele>521.000000</ele>
			</trkpt>
			<trkpt lat="50.829225" lon="14.742423">
				<ele>519.000000</ele>
			</trkpt>
			<trkpt lat="50.829264" lon="14.742539">
				<ele>518.000000</ele>
			</trkpt>
			<trkpt lat="50.829310" lon="14.742746">
				<ele>517.000000</ele>
			</trkpt>
			<trkpt lat="50.829327" lon="14.742818">
				<ele>516.000000</ele>
			</trkpt>
			<trkpt lat="50.829355" lon="14.742862">
				<ele>516.000000</ele>
			</trkpt>
			<trkpt lat="50.829423" lon="14.742979">
				<ele>516.000000</ele>
			</trkpt>
			<trkpt lat="50.829497" lon="14.743367">
				<ele>518.000000</ele>
			</trkpt>
			<trkpt lat="50.829543" lon="14.743483">
				<ele>518.000000</ele>
			</trkpt>
			<trkpt lat="50.829838" lon="14.744084">
				<ele>521.000000</ele>
			</trkpt>
			<trkpt lat="50.830093" lon="14.744606">
				<ele>524.000000</ele>
			</trkpt>
			<trkpt lat="50.830337" lon="14.745153">
				<ele>527.000000</ele>
			</trkpt>
			<trkpt lat="50.830445" lon="14.745315">
				<ele>528.000000</ele>
			</trkpt>
			<trkpt lat="50.830536" lon="14.745522">
				<ele>529.000000</ele>
			</trkpt>
			<trkpt lat="50.830649" lon="14.745657">
				<ele>530.000000</ele>
			</trkpt>
			<trkpt lat="50.830876" lon="14.745899">
				<ele>536.000000</ele>
			</trkpt>
			<trkpt lat="50.831012" lon="14.745944">
				<ele>539.000000</ele>
			</trkpt>
			<trkpt lat="50.831137" lon="14.745981">
				<ele>539.000000</ele>
			</trkpt>
			<trkpt lat="50.831290" lon="14.746241">
				<ele>538.000000</ele>
			</trkpt>
			<trkpt lat="50.831562" lon="14.746977">
				<ele>544.000000</ele>
			</trkpt>
			<trkpt lat="50.831755" lon="14.747839">
				<ele>550.000000</ele>
			</trkpt>
			<trkpt lat="50.831841" lon="14.748244">
				<ele>550.000000</ele>
			</trkpt>
			<trkpt lat="50.831875" lon="14.748504">
				<ele>550.000000</ele>
			</trkpt>
			<trkpt lat="50.831892" lon="14.748577">
				<ele>550.000000</ele>
			</trkpt>
			<trkpt lat="50.832016" lon="14.748558">
				<ele>550.000000</ele>
			</trkpt>
			<trkpt lat="50.832130" lon="14.748567">
				<ele>550.000000</ele>
			</trkpt>
			<trkpt lat="50.832311" lon="14.748585">
				<ele>550.000000</ele>
			</trkpt>
			<trkpt lat="50.832470" lon="14.748694">
				<ele>550.000000</ele>
			</trkpt>
			<trkpt lat="50.832890" lon="14.749178">
				<ele>559.000000</ele>
			</trkpt>
			<trkpt lat="50.832868" lon="14.749260">
				<ele>560.000000</ele>
			</trkpt>
			<trkpt lat="50.832845" lon="14.749420">
				<ele>560.000000</ele>
			</trkpt>
			<trkpt lat="50.832856" lon="14.749546">
				<ele>561.000000</ele>
			</trkpt>
			<trkpt lat="50.832907" lon="14.749762">
				<ele>561.000000</ele>
			</trkpt>
			<trkpt lat="50.833004" lon="14.749950">
				<ele>562.000000</ele>
			</trkpt>
			<trkpt lat="50.833140" lon="14.750265">
				<ele>563.000000</ele>
			</trkpt>
			<trkpt lat="50.833196" lon="14.750391">
				<ele>563.000000</ele>
			</trkpt>
			<trkpt lat="50.833429" lon="14.750678">
				<ele>565.000000</ele>
			</trkpt>
			<trkpt lat="50.833457" lon="14.750804">
				<ele>565.000000</ele>
			</trkpt>
			<trkpt lat="50.833537" lon="14.750921">
				<ele>565.000000</ele>
			</trkpt>
			<trkpt lat="50.833583" lon="14.751101">
				<ele>566.000000</ele>
			</trkpt>
			<trkpt lat="50.833860" lon="14.751648">
				<ele>568.000000</ele>
			</trkpt>
			<trkpt lat="50.834212" lon="14.752151">
				<ele>570.000000</ele>
			</trkpt>
			<trkpt lat="50.834586" lon="14.752682">
				<ele>570.000000</ele>
			</trkpt>
			<trkpt lat="50.834762" lon="14.752925">
				<ele>570.000000</ele>
			</trkpt>
			<trkpt lat="50.834995" lon="14.753265">
				<ele>570.000000</ele>
			</trkpt>
			<trkpt lat="50.834989" lon="14.753338">
				<ele>570.000000</ele>
			</trkpt>
			<trkpt lat="50.835165" lon="14.753805">
				<ele>570.000000</ele>
			</trkpt>
			<trkpt lat="50.835386" lon="14.754128">
				<ele>570.000000</ele>
			</trkpt>
			<trkpt lat="50.835466" lon="14.754307">
				<ele>570.000000</ele>
			</trkpt>
			<trkpt lat="50.835614" lon="14.754550">
				<ele>570.000000</ele>
			</trkpt>
			<trkpt lat="50.836084" lon="14.755359">
				<ele>570.000000</ele>
			</trkpt>
			<trkpt lat="50.836255" lon="14.756113">
				<ele>570.000000</ele>
			</trkpt>
			<trkpt lat="50.836288" lon="14.756248">
				<ele>570.000000</ele>
			</trkpt>
			<trkpt lat="50.836498" lon="14.756742">
				<ele>570.000000</ele>
			</trkpt>
			<trkpt lat="50.836697" lon="14.757164">
				<ele>570.000000</ele>
			</trkpt>
			<trkpt lat="50.836811" lon="14.757344">
				<ele>568.000000</ele>
			</trkpt>
			<trkpt lat="50.836998" lon="14.757460">
				<ele>565.000000</ele>
			</trkpt>
			<trkpt lat="50.837083" lon="14.757550">
				<ele>564.000000</ele>
			</trkpt>
			<trkpt lat="50.837185" lon="14.757721">
				<ele>562.000000</ele>
			</trkpt>
			<trkpt lat="50.837281" lon="14.757820">
				<ele>560.000000</ele>
			</trkpt>
			<trkpt lat="50.837389" lon="14.757955">
				<ele>558.000000</ele>
			</trkpt>
			<trkpt lat="50.837554" lon="14.758189">
				<ele>555.000000</ele>
			</trkpt>
			<trkpt lat="50.837832" lon="14.758323">
				<ele>551.000000</ele>
			</trkpt>
			<trkpt lat="50.838110" lon="14.758565">
				<ele>544.000000</ele>
			</trkpt>
			<trkpt lat="50.838677" lon="14.758934">
				<ele>532.000000</ele>
			</trkpt>
			<trkpt lat="50.838751" lon="14.759059">
				<ele>530.000000</ele>
			</trkpt>
			<trkpt lat="50.838836" lon="14.759392">
				<ele>529.000000</ele>
			</trkpt>
			<trkpt lat="50.838881" lon="14.759544">
				<ele>528.000000</ele>
			</trkpt>
			<trkpt lat="50.838949" lon="14.759644">
				<ele>527.000000</ele>
			</trkpt>
			<trkpt lat="50.839182" lon="14.759814">
				<ele>525.000000</ele>
			</trkpt>
			<trkpt lat="50.839357" lon="14.759653">
				<ele>526.000000</ele>
			</trkpt>
			<trkpt lat="50.839579" lon="14.759455">
				<ele>527.000000</ele>
			</trkpt>
			<trkpt lat="50.839738" lon="14.759347">
				<ele>527.000000</ele>
			</trkpt>
			<trkpt lat="50.839948" lon="14.759284">
				<ele>528.000000</ele>
			</trkpt>
			<trkpt lat="50.840135" lon="14.759177">
				<ele>529.000000</ele>
			</trkpt>
			<trkpt lat="50.840282" lon="14.759131">
				<ele>529.000000</ele>
			</trkpt>
			<trkpt lat="50.840396" lon="14.759105">
				<ele>530.000000</ele>
			</trkpt>
			<trkpt lat="50.840617" lon="14.759078">
				<ele>530.000000</ele>
			</trkpt>
			<trkpt lat="50.840849" lon="14.759068">
				<ele>530.000000</ele>
			</trkpt>
			<trkpt lat="50.840997" lon="14.759239">
				<ele>530.000000</ele>
			</trkpt>
			<trkpt lat="50.841417" lon="14.759707">
				<ele>530.000000</ele>
			</trkpt>
			<trkpt lat="50.841655" lon="14.759967">
				<ele>530.000000</ele>
			</trkpt>
			<trkpt lat="50.841859" lon="14.760200">
				<ele>530.000000</ele>
			</trkpt>
			<trkpt lat="50.842007" lon="14.760497">
				<ele>530.000000</ele>
			</trkpt>
			<trkpt lat="50.842189" lon="14.760749">
				<ele>530.000000</ele>
			</trkpt>
			<trkpt lat="50.842251" lon="14.760802">
				<ele>530.000000</ele>
			</trkpt>
			<trkpt lat="50.842353" lon="14.760856">
				<ele>530.000000</ele>
			</trkpt>
			<trkpt lat="50.842438" lon="14.760812">
				<ele>534.000000</ele>
			</trkpt>
			<trkpt lat="50.842461" lon="14.760695">
				<ele>541.000000</ele>
			</trkpt>
			<trkpt lat="50.842528" lon="14.760703">
				<ele>544.000000</ele>
			</trkpt>
			<trkpt lat="50.842551" lon="14.760605">
				<ele>546.000000</ele>
			</trkpt>
			<trkpt lat="50.842597" lon="14.760569">
				<ele>548.000000</ele>
			</trkpt>
			<trkpt lat="50.842716" lon="14.760632">
				<ele>550.000000</ele>
			</trkpt>
			<trkpt lat="50.842807" lon="14.760623">
				<ele>550.000000</ele>
			</trkpt>
			<trkpt lat="50.842892" lon="14.760686">
				<ele>551.000000</ele>
			</trkpt>
			<trkpt lat="50.842966" lon="14.760847">
				<ele>551.000000</ele>
			</trkpt>
			<trkpt lat="50.843033" lon="14.760892">
				<ele>551.000000</ele>
			</trkpt>
			<trkpt lat="50.843079" lon="14.760919">
				<ele>551.000000</ele>
			</trkpt>
			<trkpt lat="50.843266" lon="14.761233">
				<ele>552.000000</ele>
			</trkpt>
			<trkpt lat="50.843476" lon="14.761413">
				<ele>552.000000</ele>
			</trkpt>
			<trkpt lat="50.843674" lon="14.761521">
				<ele>553.000000</ele>
			</trkpt>
			<trkpt lat="50.844225" lon="14.761881">
				<ele>554.000000</ele>
			</trkpt>
			<trkpt lat="50.844786" lon="14.762321">
				<ele>556.000000</ele>
			</trkpt>
			<trkpt lat="50.845178" lon="14.762697">
				<ele>557.000000</ele>
			</trkpt>
			<trkpt lat="50.845342" lon="14.762896">
				<ele>557.000000</ele>
			</trkpt>
			<trkpt lat="50.845529" lon="14.763057">
				<ele>558.000000</ele>
			</trkpt>
			<trkpt lat="50.845603" lon="14.763049">
				<ele>558.000000</ele>
			</trkpt>
			<trkpt lat="50.845660" lon="14.763049">
				<ele>558.000000</ele>
			</trkpt>
			<trkpt lat="50.845796" lon="14.763039">
				<ele>559.000000</ele>
			</trkpt>
			<trkpt lat="50.845847" lon="14.763049">
				<ele>559.000000</ele>
			</trkpt>
			<trkpt lat="50.845909" lon="14.763057">
				<ele>559.000000</ele>
			</trkpt>
			<trkpt lat="50.846136" lon="14.763156">
				<ele>559.000000</ele>
			</trkpt>
			<trkpt lat="50.846261" lon="14.763263">
				<ele>560.000000</ele>
			</trkpt>
			<trkpt lat="50.846329" lon="14.763300">
				<ele>560.000000</ele>
			</trkpt>
			<trkpt lat="50.846477" lon="14.763489">
				<ele>560.000000</ele>
			</trkpt>
			<trkpt lat="50.846562" lon="14.763615">
				<ele>561.000000</ele>
			</trkpt>
			<trkpt lat="50.846789" lon="14.763875">
				<ele>561.000000</ele>
			</trkpt>
			<trkpt lat="50.847146" lon="14.764279">
				<ele>562.000000</ele>
			</trkpt>
			<trkpt lat="50.847220" lon="14.763955">
				<ele>563.000000</ele>
			</trkpt>
			<trkpt lat="50.847328" lon="14.763497">
				<ele>564.000000</ele>
			</trkpt>
			<trkpt lat="50.847430" lon="14.763210">
				<ele>564.000000</ele>
			</trkpt>
			<trkpt lat="50.847538" lon="14.762976">
				<ele>565.000000</ele>
			</trkpt>
			<trkpt lat="50.847662" lon="14.762760">
				<ele>565.000000</ele>
			</trkpt>
			<trkpt lat="50.847719" lon="14.762707">
				<ele>565.000000</ele>
			</trkpt>
			<trkpt lat="50.847787" lon="14.762644">
				<ele>566.000000</ele>
			</trkpt>
			<trkpt lat="50.847849" lon="14.762617">
				<ele>566.000000</ele>
			</trkpt>
			<trkpt lat="50.847957" lon="14.762599">
				<ele>566.000000</ele>
			</trkpt>
			<trkpt lat="50.848019" lon="14.762590">
				<ele>566.000000</ele>
			</trkpt>
			<trkpt lat="50.848099" lon="14.762483">
				<ele>566.000000</ele>
			</trkpt>
			<trkpt lat="50.848116" lon="14.762338">
				<ele>567.000000</ele>
			</trkpt>
			<trkpt lat="50.848195" lon="14.762240">
				<ele>567.000000</ele>
			</trkpt>
			<trkpt lat="50.848178" lon="14.761781">
				<ele>560.000000</ele>
			</trkpt>
			<trkpt lat="50.848258" lon="14.761791">
				<ele>560.000000</ele>
			</trkpt>
			<trkpt lat="50.848388" lon="14.761772">
				<ele>560.000000</ele>
			</trkpt>
			<trkpt lat="50.848433" lon="14.761728">
				<ele>560.000000</ele>
			</trkpt>
			<trkpt lat="50.848439" lon="14.761674">
				<ele>560.000000</ele>
			</trkpt>
			<trkpt lat="50.848632" lon="14.761737">
				<ele>560.000000</ele>
			</trkpt>
			<trkpt lat="50.848649" lon="14.761871">
				<ele>560.000000</ele>
			</trkpt>
			<trkpt lat="50.848620" lon="14.761934">
				<ele>560.000000</ele>
			</trkpt>
			<trkpt lat="50.848581" lon="14.761997">
				<ele>560.000000</ele>
			</trkpt>
			<trkpt lat="50.848563" lon="14.762051">
				<ele>560.000000</ele>
			</trkpt>
			<trkpt lat="50.848575" lon="14.762150">
				<ele>560.000000</ele>
			</trkpt>
			<trkpt lat="50.848643" lon="14.762150">
				<ele>559.000000</ele>
			</trkpt>
			<trkpt lat="50.848768" lon="14.762213">
				<ele>555.000000</ele>
			</trkpt>
			<trkpt lat="50.848768" lon="14.762213">
				<ele>555.000000</ele>
			</trkpt>
			<trkpt lat="50.848643" lon="14.762150">
				<ele>559.000000</ele>
			</trkpt>
			<trkpt lat="50.848575" lon="14.762150">
				<ele>560.000000</ele>
			</trkpt>
			<trkpt lat="50.848563" lon="14.762051">
				<ele>560.000000</ele>
			</trkpt>
			<trkpt lat="50.848581" lon="14.761997">
				<ele>560.000000</ele>
			</trkpt>
			<trkpt lat="50.848620" lon="14.761934">
				<ele>560.000000</ele>
			</trkpt>
			<trkpt lat="50.848649" lon="14.761871">
				<ele>560.000000</ele>
			</trkpt>
			<trkpt lat="50.848632" lon="14.761737">
				<ele>560.000000</ele>
			</trkpt>
			<trkpt lat="50.848671" lon="14.761745">
				<ele>560.000000</ele>
			</trkpt>
			<trkpt lat="50.848847" lon="14.761818">
				<ele>561.000000</ele>
			</trkpt>
			<trkpt lat="50.849023" lon="14.761881">
				<ele>561.000000</ele>
			</trkpt>
			<trkpt lat="50.849057" lon="14.761692">
				<ele>561.000000</ele>
			</trkpt>
			<trkpt lat="50.849080" lon="14.761692">
				<ele>561.000000</ele>
			</trkpt>
			<trkpt lat="50.849199" lon="14.761728">
				<ele>561.000000</ele>
			</trkpt>
			<trkpt lat="50.849273" lon="14.761728">
				<ele>560.000000</ele>
			</trkpt>
			<trkpt lat="50.849324" lon="14.761701">
				<ele>560.000000</ele>
			</trkpt>
			<trkpt lat="50.849534" lon="14.761781">
				<ele>556.000000</ele>
			</trkpt>
			<trkpt lat="50.849681" lon="14.761844">
				<ele>548.000000</ele>
			</trkpt>
			<trkpt lat="50.849709" lon="14.762015">
				<ele>542.000000</ele>
			</trkpt>
			<trkpt lat="50.849817" lon="14.762015">
				<ele>539.000000</ele>
			</trkpt>
			<trkpt lat="50.849908" lon="14.762087">
				<ele>537.000000</ele>
			</trkpt>
			<trkpt lat="50.850027" lon="14.762068">
				<ele>535.000000</ele>
			</trkpt>
			<trkpt lat="50.850095" lon="14.761934">
				<ele>533.000000</ele>
			</trkpt>
			<trkpt lat="50.850010" lon="14.761602">
				<ele>528.000000</ele>
			</trkpt>
			<trkpt lat="50.850106" lon="14.761252">
				<ele>524.000000</ele>
			</trkpt>
			<trkpt lat="50.850237" lon="14.761055">
				<ele>520.000000</ele>
			</trkpt>
			<trkpt lat="50.850447" lon="14.760973">
				<ele>516.000000</ele>
			</trkpt>
			<trkpt lat="50.850509" lon="14.760812">
				<ele>514.000000</ele>
			</trkpt>
			<trkpt lat="50.851042" lon="14.760299">
				<ele>492.000000</ele>
			</trkpt>
			<trkpt lat="50.851258" lon="14.760317">
				<ele>479.000000</ele>
			</trkpt>
			<trkpt lat="50.851303" lon="14.760389">
				<ele>476.000000</ele>
			</trkpt>
			<trkpt lat="50.851394" lon="14.760399">
				<ele>473.000000</ele>
			</trkpt>
			<trkpt lat="50.851848" lon="14.759185">
				<ele>455.000000</ele>
			</trkpt>
			<trkpt lat="50.852091" lon="14.758701">
				<ele>448.000000</ele>
			</trkpt>
			<trkpt lat="50.852370" lon="14.758143">
				<ele>441.000000</ele>
			</trkpt>
			<trkpt lat="50.852591" lon="14.757721">
				<ele>434.000000</ele>
			</trkpt>
			<trkpt lat="50.852789" lon="14.757416">
				<ele>429.000000</ele>
			</trkpt>
			<trkpt lat="50.852988" lon="14.756850">
				<ele>422.000000</ele>
			</trkpt>
			<trkpt lat="50.853282" lon="14.756302">
				<ele>412.000000</ele>
			</trkpt>
			<trkpt lat="50.853458" lon="14.756059">
				<ele>407.000000</ele>
			</trkpt>
			<trkpt lat="50.853798" lon="14.755726">
				<ele>400.000000</ele>
			</trkpt>
			<trkpt lat="50.854110" lon="14.755107">
				<ele>390.000000</ele>
			</trkpt>
			<trkpt lat="50.854150" lon="14.755017">
				<ele>390.000000</ele>
			</trkpt>
			<trkpt lat="50.854184" lon="14.754910">
				<ele>390.000000</ele>
			</trkpt>
			<trkpt lat="50.854281" lon="14.754604">
				<ele>387.000000</ele>
			</trkpt>
			<trkpt lat="50.854326" lon="14.754451">
				<ele>385.000000</ele>
			</trkpt>
			<trkpt lat="50.854377" lon="14.754254">
				<ele>383.000000</ele>
			</trkpt>
			<trkpt lat="50.854411" lon="14.754038">
				<ele>381.000000</ele>
			</trkpt>
			<trkpt lat="50.854428" lon="14.753858">
				<ele>380.000000</ele>
			</trkpt>
			<trkpt lat="50.854428" lon="14.753661">
				<ele>379.000000</ele>
			</trkpt>
			<trkpt lat="50.854383" lon="14.753418">
				<ele>378.000000</ele>
			</trkpt>
			<trkpt lat="50.854337" lon="14.753319">
				<ele>377.000000</ele>
			</trkpt>
			<trkpt lat="50.854269" lon="14.753202">
				<ele>376.000000</ele>
			</trkpt>
			<trkpt lat="50.853889" lon="14.752745">
				<ele>372.000000</ele>
			</trkpt>
			<trkpt lat="50.853748" lon="14.752573">
				<ele>371.000000</ele>
			</trkpt>
			<trkpt lat="50.853697" lon="14.752457">
				<ele>370.000000</ele>
			</trkpt>
			<trkpt lat="50.853646" lon="14.752331">
				<ele>370.000000</ele>
			</trkpt>
			<trkpt lat="50.853731" lon="14.752439">
				<ele>369.000000</ele>
			</trkpt>
			<trkpt lat="50.853815" lon="14.752502">
				<ele>369.000000</ele>
			</trkpt>
			<trkpt lat="50.853821" lon="14.752502">
				<ele>369.000000</ele>
			</trkpt>
			<trkpt lat="50.853821" lon="14.752502">
				<ele>369.000000</ele>
			</trkpt>
			<trkpt lat="50.853815" lon="14.752502">
				<ele>369.000000</ele>
			</trkpt>
			<trkpt lat="50.853731" lon="14.752439">
				<ele>369.000000</ele>
			</trkpt>
			<trkpt lat="50.853646" lon="14.752331">
				<ele>370.000000</ele>
			</trkpt>
			<trkpt lat="50.853651" lon="14.752286">
				<ele>370.000000</ele>
			</trkpt>
			<trkpt lat="50.853657" lon="14.752250">
				<ele>370.000000</ele>
			</trkpt>
			<trkpt lat="50.853668" lon="14.752197">
				<ele>370.000000</ele>
			</trkpt>
			<trkpt lat="50.853697" lon="14.752116">
				<ele>370.000000</ele>
			</trkpt>
			<trkpt lat="50.853719" lon="14.752070">
				<ele>370.000000</ele>
			</trkpt>
			<trkpt lat="50.853725" lon="14.752053">
				<ele>370.000000</ele>
			</trkpt>
			<trkpt lat="50.853741" lon="14.752017">
				<ele>370.000000</ele>
			</trkpt>
			<trkpt lat="50.853764" lon="14.751944">
				<ele>370.000000</ele>
			</trkpt>
			<trkpt lat="50.853418" lon="14.751657">
				<ele>371.000000</ele>
			</trkpt>
			<trkpt lat="50.853277" lon="14.751523">
				<ele>371.000000</ele>
			</trkpt>
			<trkpt lat="50.853163" lon="14.751407">
				<ele>371.000000</ele>
			</trkpt>
			<trkpt lat="50.852993" lon="14.751172">
				<ele>372.000000</ele>
			</trkpt>
			<trkpt lat="50.852834" lon="14.750984">
				<ele>372.000000</ele>
			</trkpt>
			<trkpt lat="50.852653" lon="14.750822">
				<ele>372.000000</ele>
			</trkpt>
			<trkpt lat="50.852227" lon="14.750445">
				<ele>373.000000</ele>
			</trkpt>
			<trkpt lat="50.852120" lon="14.750365">
				<ele>373.000000</ele>
			</trkpt>
			<trkpt lat="50.851995" lon="14.750302">
				<ele>373.000000</ele>
			</trkpt>
			<trkpt lat="50.851876" lon="14.750247">
				<ele>374.000000</ele>
			</trkpt>
			<trkpt lat="50.851519" lon="14.750112">
				<ele>374.000000</ele>
			</trkpt>
			<trkpt lat="50.850900" lon="14.749852">
				<ele>375.000000</ele>
			</trkpt>
			<trkpt lat="50.850657" lon="14.749717">
				<ele>376.000000</ele>
			</trkpt>
			<trkpt lat="50.850515" lon="14.749636">
				<ele>376.000000</ele>
			</trkpt>
			<trkpt lat="50.850344" lon="14.749520">
				<ele>376.000000</ele>
			</trkpt>
			<trkpt lat="50.850214" lon="14.749430">
				<ele>376.000000</ele>
			</trkpt>
			<trkpt lat="50.850123" lon="14.749376">
				<ele>376.000000</ele>
			</trkpt>
			<trkpt lat="50.850039" lon="14.749340">
				<ele>377.000000</ele>
			</trkpt>
			<trkpt lat="50.849998" lon="14.749323">
				<ele>377.000000</ele>
			</trkpt>
			<trkpt lat="50.849936" lon="14.749313">
				<ele>377.000000</ele>
			</trkpt>
			<trkpt lat="50.849903" lon="14.749250">
				<ele>377.000000</ele>
			</trkpt>
			<trkpt lat="50.849630" lon="14.748818">
				<ele>377.000000</ele>
			</trkpt>
			<trkpt lat="50.849477" lon="14.748541">
				<ele>378.000000</ele>
			</trkpt>
			<trkpt lat="50.849290" lon="14.748217">
				<ele>378.000000</ele>
			</trkpt>
			<trkpt lat="50.848966" lon="14.747597">
				<ele>378.000000</ele>
			</trkpt>
			<trkpt lat="50.848569" lon="14.746753">
				<ele>379.000000</ele>
			</trkpt>
			<trkpt lat="50.848456" lon="14.746554">
				<ele>379.000000</ele>
			</trkpt>
			<trkpt lat="50.848218" lon="14.746241">
				<ele>380.000000</ele>
			</trkpt>
			<trkpt lat="50.847974" lon="14.745927">
				<ele>380.000000</ele>
			</trkpt>
			<trkpt lat="50.847957" lon="14.745908">
				<ele>380.000000</ele>
			</trkpt>
			<trkpt lat="50.847764" lon="14.745774">
				<ele>382.000000</ele>
			</trkpt>
			<trkpt lat="50.847628" lon="14.745711">
				<ele>383.000000</ele>
			</trkpt>
			<trkpt lat="50.847418" lon="14.745684">
				<ele>384.000000</ele>
			</trkpt>
			<trkpt lat="50.847412" lon="14.745541">
				<ele>385.000000</ele>
			</trkpt>
			<trkpt lat="50.847441" lon="14.745279">
				<ele>387.000000</ele>
			</trkpt>
			<trkpt lat="50.847384" lon="14.745136">
				<ele>387.000000</ele>
			</trkpt>
			<trkpt lat="50.847276" lon="14.744938">
				<ele>387.000000</ele>
			</trkpt>
			<trkpt lat="50.847214" lon="14.744893">
				<ele>387.000000</ele>
			</trkpt>
			<trkpt lat="50.847106" lon="14.744839">
				<ele>387.000000</ele>
			</trkpt>
			<trkpt lat="50.846754" lon="14.744749">
				<ele>388.000000</ele>
			</trkpt>
			<trkpt lat="50.846392" lon="14.744839">
				<ele>388.000000</ele>
			</trkpt>
			<trkpt lat="50.846204" lon="14.744938">
				<ele>388.000000</ele>
			</trkpt>
			<trkpt lat="50.846011" lon="14.744947">
				<ele>389.000000</ele>
			</trkpt>
			<trkpt lat="50.845745" lon="14.744812">
				<ele>389.000000</ele>
			</trkpt>
			<trkpt lat="50.845705" lon="14.744812">
				<ele>389.000000</ele>
			</trkpt>
			<trkpt lat="50.845660" lon="14.744812">
				<ele>389.000000</ele>
			</trkpt>
			<trkpt lat="50.845541" lon="14.744875">
				<ele>389.000000</ele>
			</trkpt>
			<trkpt lat="50.845620" lon="14.744587">
				<ele>390.000000</ele>
			</trkpt>
			<trkpt lat="50.845614" lon="14.744552">
				<ele>390.000000</ele>
			</trkpt>
			<trkpt lat="50.845614" lon="14.744552">
				<ele>390.000000</ele>
			</trkpt>
			<trkpt lat="50.845592" lon="14.744417">
				<ele>390.000000</ele>
			</trkpt>
			<trkpt lat="50.845575" lon="14.744229">
				<ele>391.000000</ele>
			</trkpt>
			<trkpt lat="50.845575" lon="14.744040">
				<ele>391.000000</ele>
			</trkpt>
			<trkpt lat="50.845541" lon="14.743744">
				<ele>392.000000</ele>
			</trkpt>
			<trkpt lat="50.845569" lon="14.743402">
				<ele>393.000000</ele>
			</trkpt>
			<trkpt lat="50.845552" lon="14.742836">
				<ele>394.000000</ele>
			</trkpt>
			<trkpt lat="50.845541" lon="14.742351">
				<ele>396.000000</ele>
			</trkpt>
			<trkpt lat="50.845563" lon="14.742145">
				<ele>396.000000</ele>
			</trkpt>
			<trkpt lat="50.845569" lon="14.741893">
				<ele>397.000000</ele>
			</trkpt>
			<trkpt lat="50.845478" lon="14.741327">
				<ele>398.000000</ele>
			</trkpt>
			<trkpt lat="50.845314" lon="14.740887">
				<ele>399.000000</ele>
			</trkpt>
			<trkpt lat="50.845280" lon="14.740509">
				<ele>402.000000</ele>
			</trkpt>
			<trkpt lat="50.845234" lon="14.739899">
				<ele>407.000000</ele>
			</trkpt>
			<trkpt lat="50.845280" lon="14.739629">
				<ele>409.000000</ele>
			</trkpt>
			<trkpt lat="50.845376" lon="14.739522">
				<ele>411.000000</ele>
			</trkpt>
			<trkpt lat="50.845473" lon="14.739323">
				<ele>414.000000</ele>
			</trkpt>
			<trkpt lat="50.845598" lon="14.739189">
				<ele>417.000000</ele>
			</trkpt>
			<trkpt lat="50.845660" lon="14.738973">
				<ele>419.000000</ele>
			</trkpt>
			<trkpt lat="50.845631" lon="14.738721">
				<ele>421.000000</ele>
			</trkpt>
			<trkpt lat="50.845609" lon="14.738533">
				<ele>423.000000</ele>
			</trkpt>
			<trkpt lat="50.845598" lon="14.738291">
				<ele>424.000000</ele>
			</trkpt>
			<trkpt lat="50.845467" lon="14.737994">
				<ele>427.000000</ele>
			</trkpt>
			<trkpt lat="50.845416" lon="14.737761">
				<ele>428.000000</ele>
			</trkpt>
			<trkpt lat="50.845365" lon="14.737528">
				<ele>430.000000</ele>
			</trkpt>
			<trkpt lat="50.845331" lon="14.737338">
				<ele>431.000000</ele>
			</trkpt>
			<trkpt lat="50.845211" lon="14.737023">
				<ele>433.000000</ele>
			</trkpt>
			<trkpt lat="50.845189" lon="14.736746">
				<ele>434.000000</ele>
			</trkpt>
			<trkpt lat="50.845065" lon="14.736396">
				<ele>435.000000</ele>
			</trkpt>
			<trkpt lat="50.844928" lon="14.736090">
				<ele>437.000000</ele>
			</trkpt>
			<trkpt lat="50.844792" lon="14.735803">
				<ele>438.000000</ele>
			</trkpt>
			<trkpt lat="50.844486" lon="14.735371">
				<ele>440.000000</ele>
			</trkpt>
			<trkpt lat="50.844395" lon="14.735191">
				<ele>441.000000</ele>
			</trkpt>
			<trkpt lat="50.844253" lon="14.734733">
				<ele>444.000000</ele>
			</trkpt>
			<trkpt lat="50.844071" lon="14.734346">
				<ele>446.000000</ele>
			</trkpt>
			<trkpt lat="50.843947" lon="14.734023">
				<ele>448.000000</ele>
			</trkpt>
			<trkpt lat="50.843839" lon="14.733620">
				<ele>450.000000</ele>
			</trkpt>
			<trkpt lat="50.843754" lon="14.733430">
				<ele>451.000000</ele>
			</trkpt>
			<trkpt lat="50.843277" lon="14.732964">
				<ele>456.000000</ele>
			</trkpt>
			<trkpt lat="50.843215" lon="14.732847">
				<ele>457.000000</ele>
			</trkpt>
			<trkpt lat="50.843062" lon="14.732398">
				<ele>460.000000</ele>
			</trkpt>
			<trkpt lat="50.842937" lon="14.732164">
				<ele>461.000000</ele>
			</trkpt>
			<trkpt lat="50.842705" lon="14.731759">
				<ele>463.000000</ele>
			</trkpt>
			<trkpt lat="50.842500" lon="14.731625">
				<ele>465.000000</ele>
			</trkpt>
			<trkpt lat="50.842546" lon="14.731365">
				<ele>466.000000</ele>
			</trkpt>
			<trkpt lat="50.842551" lon="14.731176">
				<ele>467.000000</ele>
			</trkpt>
			<trkpt lat="50.842540" lon="14.731033">
				<ele>468.000000</ele>
			</trkpt>
			<trkpt lat="50.842461" lon="14.730088">
				<ele>472.000000</ele>
			</trkpt>
			<trkpt lat="50.842443" lon="14.729577">
				<ele>474.000000</ele>
			</trkpt>
			<trkpt lat="50.842466" lon="14.729136">
				<ele>476.000000</ele>
			</trkpt>
			<trkpt lat="50.842540" lon="14.728813">
				<ele>477.000000</ele>
			</trkpt>
			<trkpt lat="50.842671" lon="14.728454">
				<ele>479.000000</ele>
			</trkpt>
			<trkpt lat="50.842722" lon="14.728184">
				<ele>480.000000</ele>
			</trkpt>
			<trkpt lat="50.842784" lon="14.727654">
				<ele>486.000000</ele>
			</trkpt>
			<trkpt lat="50.842903" lon="14.727044">
				<ele>494.000000</ele>
			</trkpt>
			<trkpt lat="50.842897" lon="14.726226">
				<ele>503.000000</ele>
			</trkpt>
			<trkpt lat="50.842909" lon="14.725993">
				<ele>505.000000</ele>
			</trkpt>
			<trkpt lat="50.842863" lon="14.725570">
				<ele>509.000000</ele>
			</trkpt>
			<trkpt lat="50.842835" lon="14.725327">
				<ele>511.000000</ele>
			</trkpt>
			<trkpt lat="50.842824" lon="14.725077">
				<ele>512.000000</ele>
			</trkpt>
			<trkpt lat="50.842846" lon="14.724547">
				<ele>515.000000</ele>
			</trkpt>
			<trkpt lat="50.842886" lon="14.723891">
				<ele>519.000000</ele>
			</trkpt>
			<trkpt lat="50.843033" lon="14.723433">
				<ele>523.000000</ele>
			</trkpt>
			<trkpt lat="50.843096" lon="14.723056">
				<ele>527.000000</ele>
			</trkpt>
			<trkpt lat="50.843107" lon="14.722561">
				<ele>532.000000</ele>
			</trkpt>
			<trkpt lat="50.843135" lon="14.722184">
				<ele>536.000000</ele>
			</trkpt>
			<trkpt lat="50.843170" lon="14.721869">
				<ele>539.000000</ele>
			</trkpt>
			<trkpt lat="50.843192" lon="14.721609">
				<ele>542.000000</ele>
			</trkpt>
			<trkpt lat="50.843221" lon="14.721465">
				<ele>544.000000</ele>
			</trkpt>
			<trkpt lat="50.842523" lon="14.720639">
				<ele>545.000000</ele>
			</trkpt>
			<trkpt lat="50.842171" lon="14.720243">
				<ele>546.000000</ele>
			</trkpt>
			<trkpt lat="50.841649" lon="14.719641">
				<ele>546.000000</ele>
			</trkpt>
			<trkpt lat="50.841281" lon="14.719211">
				<ele>547.000000</ele>
			</trkpt>
			<trkpt lat="50.841162" lon="14.719111">
				<ele>547.000000</ele>
			</trkpt>
			<trkpt lat="50.840923" lon="14.718878">
				<ele>545.000000</ele>
			</trkpt>
			<trkpt lat="50.840748" lon="14.718446">
				<ele>543.000000</ele>
			</trkpt>
			<trkpt lat="50.840259" lon="14.717817">
				<ele>539.000000</ele>
			</trkpt>
			<trkpt lat="50.839913" lon="14.717324">
				<ele>537.000000</ele>
			</trkpt>
			<trkpt lat="50.839675" lon="14.716974">
				<ele>535.000000</ele>
			</trkpt>
			<trkpt lat="50.839477" lon="14.716722">
				<ele>534.000000</ele>
			</trkpt>
			<trkpt lat="50.839227" lon="14.716425">
				<ele>533.000000</ele>
			</trkpt>
			<trkpt lat="50.838893" lon="14.716165">
				<ele>531.000000</ele>
			</trkpt>
			<trkpt lat="50.838490" lon="14.715851">
				<ele>528.000000</ele>
			</trkpt>
			<trkpt lat="50.838938" lon="14.715159">
				<ele>524.000000</ele>
			</trkpt>
			<trkpt lat="50.839398" lon="14.713498">
				<ele>509.000000</ele>
			</trkpt>
			<trkpt lat="50.839851" lon="14.711871">
				<ele>503.000000</ele>
			</trkpt>
			<trkpt lat="50.839806" lon="14.710129">
				<ele>498.000000</ele>
			</trkpt>
			<trkpt lat="50.840577" lon="14.709806">
				<ele>496.000000</ele>
			</trkpt>
			<trkpt lat="50.841065" lon="14.709553">
				<ele>495.000000</ele>
			</trkpt>
			<trkpt lat="50.841287" lon="14.709419">
				<ele>494.000000</ele>
			</trkpt>
			<trkpt lat="50.841536" lon="14.709211">
				<ele>493.000000</ele>
			</trkpt>
			<trkpt lat="50.841666" lon="14.709104">
				<ele>493.000000</ele>
			</trkpt>
			<trkpt lat="50.842262" lon="14.708880">
				<ele>491.000000</ele>
			</trkpt>
			<trkpt lat="50.842500" lon="14.708709">
				<ele>490.000000</ele>
			</trkpt>
			<trkpt lat="50.842569" lon="14.708674">
				<ele>490.000000</ele>
			</trkpt>
			<trkpt lat="50.842971" lon="14.708305">
				<ele>484.000000</ele>
			</trkpt>
			<trkpt lat="50.843198" lon="14.708125">
				<ele>481.000000</ele>
			</trkpt>
			<trkpt lat="50.843340" lon="14.708045">
				<ele>478.000000</ele>
			</trkpt>
			<trkpt lat="50.843385" lon="14.707972">
				<ele>478.000000</ele>
			</trkpt>
			<trkpt lat="50.843402" lon="14.707873">
				<ele>477.000000</ele>
			</trkpt>
			<trkpt lat="50.843499" lon="14.706984">
				<ele>468.000000</ele>
			</trkpt>
			<trkpt lat="50.843499" lon="14.706590">
				<ele>480.000000</ele>
			</trkpt>
			<trkpt lat="50.843499" lon="14.706553">
				<ele>480.000000</ele>
			</trkpt>
			<trkpt lat="50.843510" lon="14.706445">
				<ele>479.000000</ele>
			</trkpt>
			<trkpt lat="50.843725" lon="14.705808">
				<ele>479.000000</ele>
			</trkpt>
			<trkpt lat="50.843760" lon="14.705727">
				<ele>478.000000</ele>
			</trkpt>
			<trkpt lat="50.843794" lon="14.705672">
				<ele>478.000000</ele>
			</trkpt>
			<trkpt lat="50.843868" lon="14.705592">
				<ele>478.000000</ele>
			</trkpt>
			<trkpt lat="50.844043" lon="14.705430">
				<ele>478.000000</ele>
			</trkpt>
			<trkpt lat="50.844230" lon="14.705242">
				<ele>477.000000</ele>
			</trkpt>
			<trkpt lat="50.844338" lon="14.705143">
				<ele>477.000000</ele>
			</trkpt>
			<trkpt lat="50.844503" lon="14.704982">
				<ele>477.000000</ele>
			</trkpt>
			<trkpt lat="50.844537" lon="14.704945">
				<ele>477.000000</ele>
			</trkpt>
			<trkpt lat="50.844588" lon="14.704882">
				<ele>477.000000</ele>
			</trkpt>
			<trkpt lat="50.844798" lon="14.704451">
				<ele>476.000000</ele>
			</trkpt>
			<trkpt lat="50.844871" lon="14.704353">
				<ele>476.000000</ele>
			</trkpt>
			<trkpt lat="50.844712" lon="14.704127">
				<ele>478.000000</ele>
			</trkpt>
			<trkpt lat="50.844497" lon="14.703813">
				<ele>480.000000</ele>
			</trkpt>
			<trkpt lat="50.844423" lon="14.703670">
				<ele>481.000000</ele>
			</trkpt>
			<trkpt lat="50.844332" lon="14.703481">
				<ele>482.000000</ele>
			</trkpt>
			<trkpt lat="50.844247" lon="14.703274">
				<ele>483.000000</ele>
			</trkpt>
			<trkpt lat="50.844179" lon="14.703068">
				<ele>484.000000</ele>
			</trkpt>
			<trkpt lat="50.844049" lon="14.702834">
				<ele>486.000000</ele>
			</trkpt>
			<trkpt lat="50.843998" lon="14.702708">
				<ele>487.000000</ele>
			</trkpt>
			<trkpt lat="50.843924" lon="14.702475">
				<ele>488.000000</ele>
			</trkpt>
			<trkpt lat="50.843805" lon="14.702035">
				<ele>490.000000</ele>
			</trkpt>
			<trkpt lat="50.843748" lon="14.701693">
				<ele>492.000000</ele>
			</trkpt>
			<trkpt lat="50.843743" lon="14.701496">
				<ele>492.000000</ele>
			</trkpt>
			<trkpt lat="50.843748" lon="14.701343">
				<ele>493.000000</ele>
			</trkpt>
			<trkpt lat="50.843743" lon="14.701172">
				<ele>494.000000</ele>
			</trkpt>
			<trkpt lat="50.843765" lon="14.701074">
				<ele>494.000000</ele>
			</trkpt>
			<trkpt lat="50.843811" lon="14.700921">
				<ele>495.000000</ele>
			</trkpt>
			<trkpt lat="50.843919" lon="14.700695">
				<ele>496.000000</ele>
			</trkpt>
			<trkpt lat="50.844066" lon="14.700345">
				<ele>498.000000</ele>
			</trkpt>
			<trkpt lat="50.844128" lon="14.700013">
				<ele>499.000000</ele>
			</trkpt>
			<trkpt lat="50.844134" lon="14.699699">
				<ele>501.000000</ele>
			</trkpt>
			<trkpt lat="50.844202" lon="14.699645">
				<ele>501.000000</ele>
			</trkpt>
			<trkpt lat="50.844276" lon="14.699573">
				<ele>502.000000</ele>
			</trkpt>
			<trkpt lat="50.844389" lon="14.699475">
				<ele>503.000000</ele>
			</trkpt>
			<trkpt lat="50.844565" lon="14.699376">
				<ele>505.000000</ele>
			</trkpt>
			<trkpt lat="50.844662" lon="14.699295">
				<ele>506.000000</ele>
			</trkpt>
			<trkpt lat="50.844758" lon="14.699223">
				<ele>507.000000</ele>
			</trkpt>
			<trkpt lat="50.844820" lon="14.699116">
				<ele>508.000000</ele>
			</trkpt>
			<trkpt lat="50.844917" lon="14.699007">
				<ele>509.000000</ele>
			</trkpt>
			<trkpt lat="50.845042" lon="14.698936">
				<ele>512.000000</ele>
			</trkpt>
			<trkpt lat="50.845229" lon="14.699070">
				<ele>517.000000</ele>
			</trkpt>
			<trkpt lat="50.845308" lon="14.699133">
				<ele>519.000000</ele>
			</trkpt>
			<trkpt lat="50.845478" lon="14.698944">
				<ele>523.000000</ele>
			</trkpt>
			<trkpt lat="50.845677" lon="14.698477">
				<ele>529.000000</ele>
			</trkpt>
			<trkpt lat="50.845801" lon="14.698351">
				<ele>532.000000</ele>
			</trkpt>
			<trkpt lat="50.845938" lon="14.698405">
				<ele>535.000000</ele>
			</trkpt>
			<trkpt lat="50.846046" lon="14.698477">
				<ele>538.000000</ele>
			</trkpt>
			<trkpt lat="50.846341" lon="14.698531">
				<ele>544.000000</ele>
			</trkpt>
			<trkpt lat="50.846471" lon="14.698621">
				<ele>546.000000</ele>
			</trkpt>
			<trkpt lat="50.846595" lon="14.698756">
				<ele>549.000000</ele>
			</trkpt>
			<trkpt lat="50.846675" lon="14.698764">
				<ele>550.000000</ele>
			</trkpt>
			<trkpt lat="50.846675" lon="14.698424">
				<ele>551.000000</ele>
			</trkpt>
			<trkpt lat="50.846601" lon="14.698261">
				<ele>552.000000</ele>
			</trkpt>
			<trkpt lat="50.846567" lon="14.698091">
				<ele>552.000000</ele>
			</trkpt>
			<trkpt lat="50.846533" lon="14.697175">
				<ele>555.000000</ele>
			</trkpt>
			<trkpt lat="50.846516" lon="14.697013">
				<ele>556.000000</ele>
			</trkpt>
			<trkpt lat="50.846448" lon="14.696376">
				<ele>558.000000</ele>
			</trkpt>
			<trkpt lat="50.846375" lon="14.696330">
				<ele>558.000000</ele>
			</trkpt>
			<trkpt lat="50.846249" lon="14.696357">
				<ele>559.000000</ele>
			</trkpt>
			<trkpt lat="50.846040" lon="14.696420">
				<ele>560.000000</ele>
			</trkpt>
			<trkpt lat="50.845893" lon="14.696303">
				<ele>560.000000</ele>
			</trkpt>
			<trkpt lat="50.845609" lon="14.696024">
				<ele>557.000000</ele>
			</trkpt>
			<trkpt lat="50.845524" lon="14.695917">
				<ele>556.000000</ele>
			</trkpt>
			<trkpt lat="50.845421" lon="14.695648">
				<ele>553.000000</ele>
			</trkpt>
			<trkpt lat="50.845303" lon="14.695424">
				<ele>551.000000</ele>
			</trkpt>
			<trkpt lat="50.845206" lon="14.695181">
				<ele>550.000000</ele>
			</trkpt>
			<trkpt lat="50.845115" lon="14.694866">
				<ele>551.000000</ele>
			</trkpt>
			<trkpt lat="50.845109" lon="14.694569">
				<ele>552.000000</ele>
			</trkpt>
			<trkpt lat="50.845104" lon="14.694489">
				<ele>552.000000</ele>
			</trkpt>
			<trkpt lat="50.845115" lon="14.694318">
				<ele>553.000000</ele>
			</trkpt>
			<trkpt lat="50.845223" lon="14.694003">
				<ele>554.000000</ele>
			</trkpt>
			<trkpt lat="50.845240" lon="14.693787">
				<ele>555.000000</ele>
			</trkpt>
			<trkpt lat="50.845285" lon="14.693600">
				<ele>556.000000</ele>
			</trkpt>
			<trkpt lat="50.845285" lon="14.693563">
				<ele>556.000000</ele>
			</trkpt>
			<trkpt lat="50.845263" lon="14.693221">
				<ele>557.000000</ele>
			</trkpt>
			<trkpt lat="50.845252" lon="14.693187">
				<ele>557.000000</ele>
			</trkpt>
			<trkpt lat="50.845252" lon="14.693187">
				<ele>557.000000</ele>
			</trkpt>
			<trkpt lat="50.845234" lon="14.693114">
				<ele>557.000000</ele>
			</trkpt>
			<trkpt lat="50.845234" lon="14.692980">
				<ele>558.000000</ele>
			</trkpt>
			<trkpt lat="50.845030" lon="14.692656">
				<ele>559.000000</ele>
			</trkpt>
			<trkpt lat="50.844690" lon="14.692135">
				<ele>568.000000</ele>
			</trkpt>
			<trkpt lat="50.844616" lon="14.691992">
				<ele>570.000000</ele>
			</trkpt>
			<trkpt lat="50.844519" lon="14.691793">
				<ele>571.000000</ele>
			</trkpt>
			<trkpt lat="50.844247" lon="14.691290">
				<ele>574.000000</ele>
			</trkpt>
			<trkpt lat="50.843953" lon="14.690734">
				<ele>578.000000</ele>
			</trkpt>
			<trkpt lat="50.843884" lon="14.690571">
				<ele>578.000000</ele>
			</trkpt>
			<trkpt lat="50.843839" lon="14.690455">
				<ele>579.000000</ele>
			</trkpt>
			<trkpt lat="50.843737" lon="14.690365">
				<ele>580.000000</ele>
			</trkpt>
			<trkpt lat="50.843646" lon="14.690213">
				<ele>581.000000</ele>
			</trkpt>
			<trkpt lat="50.843595" lon="14.689988">
				<ele>582.000000</ele>
			</trkpt>
			<trkpt lat="50.843510" lon="14.689881">
				<ele>583.000000</ele>
			</trkpt>
			<trkpt lat="50.843419" lon="14.689701">
				<ele>584.000000</ele>
			</trkpt>
			<trkpt lat="50.843289" lon="14.689539">
				<ele>585.000000</ele>
			</trkpt>
			<trkpt lat="50.843181" lon="14.689368">
				<ele>586.000000</ele>
			</trkpt>
			<trkpt lat="50.842948" lon="14.688640">
				<ele>590.000000</ele>
			</trkpt>
			<trkpt lat="50.842767" lon="14.688416">
				<ele>590.000000</ele>
			</trkpt>
			<trkpt lat="50.842636" lon="14.688147">
				<ele>590.000000</ele>
			</trkpt>
			<trkpt lat="50.842500" lon="14.687913">
				<ele>590.000000</ele>
			</trkpt>
			<trkpt lat="50.842404" lon="14.687680">
				<ele>590.000000</ele>
			</trkpt>
			<trkpt lat="50.842211" lon="14.686736">
				<ele>590.000000</ele>
			</trkpt>
			<trkpt lat="50.842154" lon="14.686216">
				<ele>590.000000</ele>
			</trkpt>
			<trkpt lat="50.842115" lon="14.686045">
				<ele>589.000000</ele>
			</trkpt>
			<trkpt lat="50.842097" lon="14.685847">
				<ele>587.000000</ele>
			</trkpt>
			<trkpt lat="50.842120" lon="14.685650">
				<ele>585.000000</ele>
			</trkpt>
			<trkpt lat="50.842239" lon="14.685353">
				<ele>582.000000</ele>
			</trkpt>
			<trkpt lat="50.842256" lon="14.685164">
				<ele>580.000000</ele>
			</trkpt>
			<trkpt lat="50.842211" lon="14.684868">
				<ele>576.000000</ele>
			</trkpt>
			<trkpt lat="50.842211" lon="14.684535">
				<ele>572.000000</ele>
			</trkpt>
			<trkpt lat="50.842058" lon="14.684168">
				<ele>570.000000</ele>
			</trkpt>
			<trkpt lat="50.842030" lon="14.683925">
				<ele>570.000000</ele>
			</trkpt>
			<trkpt lat="50.841990" lon="14.683799">
				<ele>570.000000</ele>
			</trkpt>
			<trkpt lat="50.841893" lon="14.683682">
				<ele>570.000000</ele>
			</trkpt>
			<trkpt lat="50.841843" lon="14.683565">
				<ele>570.000000</ele>
			</trkpt>
			<trkpt lat="50.841757" lon="14.683457">
				<ele>570.000000</ele>
			</trkpt>
			<trkpt lat="50.841718" lon="14.683269">
				<ele>569.000000</ele>
			</trkpt>
			<trkpt lat="50.841723" lon="14.682829">
				<ele>568.000000</ele>
			</trkpt>
			<trkpt lat="50.841689" lon="14.682667">
				<ele>568.000000</ele>
			</trkpt>
			<trkpt lat="50.841604" lon="14.682505">
				<ele>568.000000</ele>
			</trkpt>
			<trkpt lat="50.841513" lon="14.682298">
				<ele>567.000000</ele>
			</trkpt>
			<trkpt lat="50.841474" lon="14.681831">
				<ele>566.000000</ele>
			</trkpt>
			<trkpt lat="50.841456" lon="14.681705">
				<ele>566.000000</ele>
			</trkpt>
			<trkpt lat="50.841411" lon="14.681625">
				<ele>563.000000</ele>
			</trkpt>
			<trkpt lat="50.841451" lon="14.681589">
				<ele>563.000000</ele>
			</trkpt>
			<trkpt lat="50.841547" lon="14.681526">
				<ele>564.000000</ele>
			</trkpt>
			<trkpt lat="50.841882" lon="14.681256">
				<ele>565.000000</ele>
			</trkpt>
			<trkpt lat="50.842012" lon="14.681166">
				<ele>565.000000</ele>
			</trkpt>
			<trkpt lat="50.842069" lon="14.681158">
				<ele>565.000000</ele>
			</trkpt>
			<trkpt lat="50.842132" lon="14.681139">
				<ele>565.000000</ele>
			</trkpt>
			<trkpt lat="50.842194" lon="14.681139">
				<ele>565.000000</ele>
			</trkpt>
			<trkpt lat="50.842251" lon="14.681131">
				<ele>565.000000</ele>
			</trkpt>
			<trkpt lat="50.842410" lon="14.681013">
				<ele>563.000000</ele>
			</trkpt>
			<trkpt lat="50.842517" lon="14.680952">
				<ele>562.000000</ele>
			</trkpt>
			<trkpt lat="50.842579" lon="14.680897">
				<ele>561.000000</ele>
			</trkpt>
			<trkpt lat="50.842716" lon="14.680780">
				<ele>559.000000</ele>
			</trkpt>
			<trkpt lat="50.842767" lon="14.680736">
				<ele>558.000000</ele>
			</trkpt>
			<trkpt lat="50.842824" lon="14.680663">
				<ele>557.000000</ele>
			</trkpt>
			<trkpt lat="50.842858" lon="14.680583">
				<ele>556.000000</ele>
			</trkpt>
			<trkpt lat="50.843039" lon="14.680053">
				<ele>551.000000</ele>
			</trkpt>
			<trkpt lat="50.843187" lon="14.679640">
				<ele>546.000000</ele>
			</trkpt>
			<trkpt lat="50.843351" lon="14.679226">
				<ele>542.000000</ele>
			</trkpt>
			<trkpt lat="50.843573" lon="14.678688">
				<ele>537.000000</ele>
			</trkpt>
			<trkpt lat="50.843652" lon="14.678489">
				<ele>536.000000</ele>
			</trkpt>
			<trkpt lat="50.843714" lon="14.678292">
				<ele>534.000000</ele>
			</trkpt>
			<trkpt lat="50.843901" lon="14.677591">
				<ele>530.000000</ele>
			</trkpt>
			<trkpt lat="50.844009" lon="14.677241">
				<ele>531.000000</ele>
			</trkpt>
			<trkpt lat="50.844066" lon="14.677223">
				<ele>531.000000</ele>
			</trkpt>
			<trkpt lat="50.844060" lon="14.677223">
				<ele>530.000000</ele>
			</trkpt>
			<trkpt lat="50.844163" lon="14.677124">
				<ele>530.000000</ele>
			</trkpt>
			<trkpt lat="50.844304" lon="14.676900">
				<ele>530.000000</ele>
			</trkpt>
			<trkpt lat="50.844389" lon="14.676495">
				<ele>530.000000</ele>
			</trkpt>
			<trkpt lat="50.844429" lon="14.676163">
				<ele>530.000000</ele>
			</trkpt>
			<trkpt lat="50.844696" lon="14.675866">
				<ele>530.000000</ele>
			</trkpt>
			<trkpt lat="50.844690" lon="14.675696">
				<ele>528.000000</ele>
			</trkpt>
			<trkpt lat="50.844639" lon="14.675589">
				<ele>526.000000</ele>
			</trkpt>
			<trkpt lat="50.844560" lon="14.675499">
				<ele>523.000000</ele>
			</trkpt>
			<trkpt lat="50.844678" lon="14.675300">
				<ele>519.000000</ele>
			</trkpt>
			<trkpt lat="50.844877" lon="14.674780">
				<ele>510.000000</ele>
			</trkpt>
			<trkpt lat="50.845144" lon="14.674142">
				<ele>510.000000</ele>
			</trkpt>
			<trkpt lat="50.845234" lon="14.673935">
				<ele>510.000000</ele>
			</trkpt>
			<trkpt lat="50.845433" lon="14.673522">
				<ele>510.000000</ele>
			</trkpt>
			<trkpt lat="50.845586" lon="14.673199">
				<ele>510.000000</ele>
			</trkpt>
			<trkpt lat="50.846023" lon="14.673711">
				<ele>523.000000</ele>
			</trkpt>
			<trkpt lat="50.846448" lon="14.674187">
				<ele>527.000000</ele>
			</trkpt>
			<trkpt lat="50.846647" lon="14.674367">
				<ele>528.000000</ele>
			</trkpt>
			<trkpt lat="50.846890" lon="14.674734">
				<ele>531.000000</ele>
			</trkpt>
			<trkpt lat="50.847163" lon="14.674986">
				<ele>536.000000</ele>
			</trkpt>
			<trkpt lat="50.847412" lon="14.675273">
				<ele>540.000000</ele>
			</trkpt>
			<trkpt lat="50.847515" lon="14.675463">
				<ele>540.000000</ele>
			</trkpt>
			<trkpt lat="50.847622" lon="14.675615">
				<ele>539.000000</ele>
			</trkpt>
			<trkpt lat="50.847787" lon="14.675713">
				<ele>537.000000</ele>
			</trkpt>
			<trkpt lat="50.847861" lon="14.675768">
				<ele>536.000000</ele>
			</trkpt>
			<trkpt lat="50.847951" lon="14.675741">
				<ele>535.000000</ele>
			</trkpt>
			<trkpt lat="50.848019" lon="14.675705">
				<ele>534.000000</ele>
			</trkpt>
			<trkpt lat="50.848173" lon="14.675562">
				<ele>532.000000</ele>
			</trkpt>
			<trkpt lat="50.848320" lon="14.675409">
				<ele>531.000000</ele>
			</trkpt>
			<trkpt lat="50.848632" lon="14.675147">
				<ele>530.000000</ele>
			</trkpt>
			<trkpt lat="50.848689" lon="14.675058">
				<ele>530.000000</ele>
			</trkpt>
			<trkpt lat="50.849125" lon="14.675562">
				<ele>535.000000</ele>
			</trkpt>
			<trkpt lat="50.849885" lon="14.676459">
				<ele>537.000000</ele>
			</trkpt>
			<trkpt lat="50.849942" lon="14.676495">
				<ele>536.000000</ele>
			</trkpt>
			<trkpt lat="50.849931" lon="14.676342">
				<ele>537.000000</ele>
			</trkpt>
			<trkpt lat="50.849903" lon="14.676028">
				<ele>538.000000</ele>
			</trkpt>
			<trkpt lat="50.849891" lon="14.675589">
				<ele>540.000000</ele>
			</trkpt>
			<trkpt lat="50.849823" lon="14.674761">
				<ele>543.000000</ele>
			</trkpt>
			<trkpt lat="50.849817" lon="14.674421">
				<ele>545.000000</ele>
			</trkpt>
			<trkpt lat="50.849806" lon="14.674268">
				<ele>545.000000</ele>
			</trkpt>
			<trkpt lat="50.849811" lon="14.673962">
				<ele>546.000000</ele>
			</trkpt>
			<trkpt lat="50.849795" lon="14.673675">
				<ele>548.000000</ele>
			</trkpt>
			<trkpt lat="50.849732" lon="14.673388">
				<ele>549.000000</ele>
			</trkpt>
			<trkpt lat="50.849652" lon="14.673010">
				<ele>551.000000</ele>
			</trkpt>
			<trkpt lat="50.849658" lon="14.672884">
				<ele>552.000000</ele>
			</trkpt>
			<trkpt lat="50.849698" lon="14.672786">
				<ele>553.000000</ele>
			</trkpt>
			<trkpt lat="50.849976" lon="14.672057">
				<ele>559.000000</ele>
			</trkpt>
			<trkpt lat="50.849987" lon="14.671923">
				<ele>560.000000</ele>
			</trkpt>
			<trkpt lat="50.849982" lon="14.671770">
				<ele>560.000000</ele>
			</trkpt>
			<trkpt lat="50.849891" lon="14.671151">
				<ele>561.000000</ele>
			</trkpt>
			<trkpt lat="50.849851" lon="14.670809">
				<ele>561.000000</ele>
			</trkpt>
			<trkpt lat="50.849851" lon="14.670675">
				<ele>561.000000</ele>
			</trkpt>
			<trkpt lat="50.849874" lon="14.670566">
				<ele>561.000000</ele>
			</trkpt>
			<trkpt lat="50.850367" lon="14.668536">
				<ele>563.000000</ele>
			</trkpt>
			<trkpt lat="50.850736" lon="14.666973">
				<ele>564.000000</ele>
			</trkpt>
			<trkpt lat="50.850889" lon="14.666094">
				<ele>564.000000</ele>
			</trkpt>
			<trkpt lat="50.850951" lon="14.665671">
				<ele>565.000000</ele>
			</trkpt>
			<trkpt lat="50.851002" lon="14.665312">
				<ele>565.000000</ele>
			</trkpt>
			<trkpt lat="50.850969" lon="14.663658">
				<ele>566.000000</ele>
			</trkpt>
			<trkpt lat="50.850951" lon="14.663299">
				<ele>566.000000</ele>
			</trkpt>
			<trkpt lat="50.850878" lon="14.662526">
				<ele>567.000000</ele>
			</trkpt>
			<trkpt lat="50.850804" lon="14.661844">
				<ele>567.000000</ele>
			</trkpt>
			<trkpt lat="50.850770" lon="14.661484">
				<ele>568.000000</ele>
			</trkpt>
			<trkpt lat="50.850741" lon="14.661188">
				<ele>568.000000</ele>
			</trkpt>
			<trkpt lat="50.850646" lon="14.660065">
				<ele>569.000000</ele>
			</trkpt>
			<trkpt lat="50.850623" lon="14.659903">
				<ele>569.000000</ele>
			</trkpt>
			<trkpt lat="50.850589" lon="14.659805">
				<ele>569.000000</ele>
			</trkpt>
			<trkpt lat="50.850464" lon="14.659454">
				<ele>569.000000</ele>
			</trkpt>
			<trkpt lat="50.850271" lon="14.658970">
				<ele>569.000000</ele>
			</trkpt>
			<trkpt lat="50.850192" lon="14.658691">
				<ele>570.000000</ele>
			</trkpt>
			<trkpt lat="50.850095" lon="14.658268">
				<ele>570.000000</ele>
			</trkpt>
			<trkpt lat="50.850055" lon="14.658125">
				<ele>570.000000</ele>
			</trkpt>
			<trkpt lat="50.849993" lon="14.657981">
				<ele>570.000000</ele>
			</trkpt>
			<trkpt lat="50.849846" lon="14.657855">
				<ele>570.000000</ele>
			</trkpt>
			<trkpt lat="50.849585" lon="14.657748">
				<ele>570.000000</ele>
			</trkpt>
			<trkpt lat="50.849506" lon="14.657649">
				<ele>570.000000</ele>
			</trkpt>
			<trkpt lat="50.849477" lon="14.657604">
				<ele>570.000000</ele>
			</trkpt>
			<trkpt lat="50.849477" lon="14.657595">
				<ele>570.000000</ele>
			</trkpt>
			<trkpt lat="50.849392" lon="14.657388">
				<ele>572.000000</ele>
			</trkpt>
			<trkpt lat="50.849335" lon="14.657182">
				<ele>573.000000</ele>
			</trkpt>
			<trkpt lat="50.849284" lon="14.656993">
				<ele>574.000000</ele>
			</trkpt>
			<trkpt lat="50.849171" lon="14.656373">
				<ele>577.000000</ele>
			</trkpt>
			<trkpt lat="50.848966" lon="14.654918">
				<ele>590.000000</ele>
			</trkpt>
			<trkpt lat="50.848955" lon="14.654765">
				<ele>592.000000</ele>
			</trkpt>
			<trkpt lat="50.849001" lon="14.654612">
				<ele>593.000000</ele>
			</trkpt>
			<trkpt lat="50.849176" lon="14.654262">
				<ele>596.000000</ele>
			</trkpt>
			<trkpt lat="50.849460" lon="14.653678">
				<ele>601.000000</ele>
			</trkpt>
			<trkpt lat="50.849613" lon="14.653400">
				<ele>603.000000</ele>
			</trkpt>
			<trkpt lat="50.849868" lon="14.652987">
				<ele>607.000000</ele>
			</trkpt>
			<trkpt lat="50.849965" lon="14.652798">
				<ele>608.000000</ele>
			</trkpt>
			<trkpt lat="50.850010" lon="14.652681">
				<ele>609.000000</ele>
			</trkpt>
			<trkpt lat="50.850033" lon="14.652574">
				<ele>610.000000</ele>
			</trkpt>
			<trkpt lat="50.850033" lon="14.652385">
				<ele>611.000000</ele>
			</trkpt>
			<trkpt lat="50.850004" lon="14.652223">
				<ele>613.000000</ele>
			</trkpt>
			<trkpt lat="50.849908" lon="14.651594">
				<ele>621.000000</ele>
			</trkpt>
			<trkpt lat="50.849908" lon="14.651360">
				<ele>624.000000</ele>
			</trkpt>
			<trkpt lat="50.849925" lon="14.651262">
				<ele>626.000000</ele>
			</trkpt>
			<trkpt lat="50.849959" lon="14.651199">
				<ele>627.000000</ele>
			</trkpt>
			<trkpt lat="50.849970" lon="14.651100">
				<ele>629.000000</ele>
			</trkpt>
			<trkpt lat="50.850288" lon="14.650354">
				<ele>641.000000</ele>
			</trkpt>
			<trkpt lat="50.850367" lon="14.650104">
				<ele>644.000000</ele>
			</trkpt>
			<trkpt lat="50.850589" lon="14.649186">
				<ele>653.000000</ele>
			</trkpt>
			<trkpt lat="50.850696" lon="14.648683">
				<ele>658.000000</ele>
			</trkpt>
			<trkpt lat="50.850929" lon="14.647615">
				<ele>668.000000</ele>
			</trkpt>
			<trkpt lat="50.851036" lon="14.647192">
				<ele>672.000000</ele>
			</trkpt>
			<trkpt lat="50.851059" lon="14.647148">
				<ele>672.000000</ele>
			</trkpt>
			<trkpt lat="50.851059" lon="14.646896">
				<ele>678.000000</ele>
			</trkpt>
			<trkpt lat="50.851048" lon="14.646851">
				<ele>679.000000</ele>
			</trkpt>
			<trkpt lat="50.851031" lon="14.646833">
				<ele>680.000000</ele>
			</trkpt>
			<trkpt lat="50.850940" lon="14.646859">
				<ele>682.000000</ele>
			</trkpt>
			<trkpt lat="50.850793" lon="14.646914">
				<ele>686.000000</ele>
			</trkpt>
			<trkpt lat="50.850605" lon="14.647112">
				<ele>691.000000</ele>
			</trkpt>
			<trkpt lat="50.850169" lon="14.647660">
				<ele>704.000000</ele>
			</trkpt>
			<trkpt lat="50.849738" lon="14.648280">
				<ele>717.000000</ele>
			</trkpt>
			<trkpt lat="50.849352" lon="14.648674">
				<ele>728.000000</ele>
			</trkpt>
			<trkpt lat="50.848995" lon="14.648972">
				<ele>734.000000</ele>
			</trkpt>
			<trkpt lat="50.848876" lon="14.648999">
				<ele>736.000000</ele>
			</trkpt>
			<trkpt lat="50.848830" lon="14.649033">
				<ele>737.000000</ele>
			</trkpt>
			<trkpt lat="50.848876" lon="14.648926">
				<ele>738.000000</ele>
			</trkpt>
			<trkpt lat="50.848938" lon="14.648792">
				<ele>740.000000</ele>
			</trkpt>
			<trkpt lat="50.849023" lon="14.648549">
				<ele>744.000000</ele>
			</trkpt>
			<trkpt lat="50.849165" lon="14.648243">
				<ele>751.000000</ele>
			</trkpt>
			<trkpt lat="50.849227" lon="14.647983">
				<ele>755.000000</ele>
			</trkpt>
			<trkpt lat="50.849307" lon="14.647641">
				<ele>762.000000</ele>
			</trkpt>
			<trkpt lat="50.849414" lon="14.646976">
				<ele>772.000000</ele>
			</trkpt>
			<trkpt lat="50.849426" lon="14.646806">
				<ele>775.000000</ele>
			</trkpt>
			<trkpt lat="50.849432" lon="14.646645">
				<ele>777.000000</ele>
			</trkpt>
			<trkpt lat="50.849426" lon="14.646528">
				<ele>779.000000</ele>
			</trkpt>
			<trkpt lat="50.849386" lon="14.646402">
				<ele>781.000000</ele>
			</trkpt>
			<trkpt lat="50.849341" lon="14.646330">
				<ele>782.000000</ele>
			</trkpt>
			<trkpt lat="50.849312" lon="14.646303">
				<ele>783.000000</ele>
			</trkpt>
			<trkpt lat="50.849290" lon="14.646303">
				<ele>783.000000</ele>
			</trkpt>
			<trkpt lat="50.849273" lon="14.646322">
				<ele>784.000000</ele>
			</trkpt>
			<trkpt lat="50.849273" lon="14.646366">
				<ele>784.000000</ele>
			</trkpt>
			<trkpt lat="50.849278" lon="14.646446">
				<ele>785.000000</ele>
			</trkpt>
			<trkpt lat="50.849296" lon="14.646492">
				<ele>786.000000</ele>
			</trkpt>
			<trkpt lat="50.849290" lon="14.646582">
				<ele>787.000000</ele>
			</trkpt>
			<trkpt lat="50.849273" lon="14.646626">
				<ele>788.000000</ele>
			</trkpt>
			<trkpt lat="50.849222" lon="14.646762">
				<ele>790.000000</ele>
			</trkpt>
			<trkpt lat="50.849205" lon="14.646743">
				<ele>790.000000</ele>
			</trkpt>
			<trkpt lat="50.849182" lon="14.646798">
				<ele>790.000000</ele>
			</trkpt>
			<trkpt lat="50.849165" lon="14.646779">
				<ele>790.000000</ele>
			</trkpt>
			<trkpt lat="50.849142" lon="14.646752">
				<ele>790.000000</ele>
			</trkpt>
			<trkpt lat="50.849131" lon="14.646743">
				<ele>790.000000</ele>
			</trkpt>
			<trkpt lat="50.849091" lon="14.646699">
				<ele>789.000000</ele>
			</trkpt>
			<trkpt lat="50.849074" lon="14.646735">
				<ele>789.000000</ele>
			</trkpt>
			<trkpt lat="50.849012" lon="14.646842">
				<ele>790.000000</ele>
			</trkpt>
			<trkpt lat="50.849012" lon="14.646842">
				<ele>790.000000</ele>
			</trkpt>
			<trkpt lat="50.849074" lon="14.646735">
				<ele>789.000000</ele>
			</trkpt>
			<trkpt lat="50.849091" lon="14.646699">
				<ele>789.000000</ele>
			</trkpt>
			<trkpt lat="50.849131" lon="14.646743">
				<ele>790.000000</ele>
			</trkpt>
			<trkpt lat="50.849142" lon="14.646752">
				<ele>790.000000</ele>
			</trkpt>
			<trkpt lat="50.849165" lon="14.646779">
				<ele>790.000000</ele>
			</trkpt>
			<trkpt lat="50.849182" lon="14.646798">
				<ele>790.000000</ele>
			</trkpt>
			<trkpt lat="50.849205" lon="14.646743">
				<ele>790.000000</ele>
			</trkpt>
			<trkpt lat="50.849222" lon="14.646762">
				<ele>790.000000</ele>
			</trkpt>
			<trkpt lat="50.849273" lon="14.646626">
				<ele>788.000000</ele>
			</trkpt>
			<trkpt lat="50.849290" lon="14.646582">
				<ele>787.000000</ele>
			</trkpt>
			<trkpt lat="50.849296" lon="14.646492">
				<ele>786.000000</ele>
			</trkpt>
			<trkpt lat="50.849278" lon="14.646446">
				<ele>785.000000</ele>
			</trkpt>
			<trkpt lat="50.849273" lon="14.646366">
				<ele>784.000000</ele>
			</trkpt>
			<trkpt lat="50.849273" lon="14.646322">
				<ele>784.000000</ele>
			</trkpt>
			<trkpt lat="50.849290" lon="14.646303">
				<ele>783.000000</ele>
			</trkpt>
			<trkpt lat="50.849312" lon="14.646303">
				<ele>783.000000</ele>
			</trkpt>
			<trkpt lat="50.849341" lon="14.646330">
				<ele>782.000000</ele>
			</trkpt>
			<trkpt lat="50.849386" lon="14.646402">
				<ele>781.000000</ele>
			</trkpt>
			<trkpt lat="50.849426" lon="14.646528">
				<ele>779.000000</ele>
			</trkpt>
			<trkpt lat="50.849432" lon="14.646645">
				<ele>777.000000</ele>
			</trkpt>
			<trkpt lat="50.849426" lon="14.646806">
				<ele>775.000000</ele>
			</trkpt>
			<trkpt lat="50.849414" lon="14.646976">
				<ele>772.000000</ele>
			</trkpt>
			<trkpt lat="50.849307" lon="14.647641">
				<ele>762.000000</ele>
			</trkpt>
			<trkpt lat="50.849227" lon="14.647983">
				<ele>755.000000</ele>
			</trkpt>
			<trkpt lat="50.849165" lon="14.648243">
				<ele>751.000000</ele>
			</trkpt>
			<trkpt lat="50.849023" lon="14.648549">
				<ele>744.000000</ele>
			</trkpt>
			<trkpt lat="50.848938" lon="14.648792">
				<ele>740.000000</ele>
			</trkpt>
			<trkpt lat="50.848876" lon="14.648926">
				<ele>738.000000</ele>
			</trkpt>
			<trkpt lat="50.848830" lon="14.649033">
				<ele>737.000000</ele>
			</trkpt>
			<trkpt lat="50.848876" lon="14.648999">
				<ele>736.000000</ele>
			</trkpt>
			<trkpt lat="50.848995" lon="14.648972">
				<ele>734.000000</ele>
			</trkpt>
			<trkpt lat="50.849352" lon="14.648674">
				<ele>728.000000</ele>
			</trkpt>
			<trkpt lat="50.849738" lon="14.648280">
				<ele>717.000000</ele>
			</trkpt>
			<trkpt lat="50.850169" lon="14.647660">
				<ele>704.000000</ele>
			</trkpt>
			<trkpt lat="50.850605" lon="14.647112">
				<ele>691.000000</ele>
			</trkpt>
			<trkpt lat="50.850793" lon="14.646914">
				<ele>686.000000</ele>
			</trkpt>
			<trkpt lat="50.850946" lon="14.646762">
				<ele>685.000000</ele>
			</trkpt>
			<trkpt lat="50.851020" lon="14.646590">
				<ele>684.000000</ele>
			</trkpt>
			<trkpt lat="50.851207" lon="14.646007">
				<ele>681.000000</ele>
			</trkpt>
			<trkpt lat="50.851366" lon="14.645962">
				<ele>680.000000</ele>
			</trkpt>
			<trkpt lat="50.851439" lon="14.645683">
				<ele>680.000000</ele>
			</trkpt>
			<trkpt lat="50.851484" lon="14.645486">
				<ele>680.000000</ele>
			</trkpt>
			<trkpt lat="50.851535" lon="14.645396">
				<ele>680.000000</ele>
			</trkpt>
			<trkpt lat="50.851627" lon="14.645243">
				<ele>680.000000</ele>
			</trkpt>
			<trkpt lat="50.851819" lon="14.644892">
				<ele>680.000000</ele>
			</trkpt>
			<trkpt lat="50.851904" lon="14.644704">
				<ele>680.000000</ele>
			</trkpt>
			<trkpt lat="50.852006" lon="14.644416">
				<ele>680.000000</ele>
			</trkpt>
			<trkpt lat="50.852074" lon="14.644209">
				<ele>680.000000</ele>
			</trkpt>
			<trkpt lat="50.852080" lon="14.644129">
				<ele>680.000000</ele>
			</trkpt>
			<trkpt lat="50.852080" lon="14.643878">
				<ele>680.000000</ele>
			</trkpt>
			<trkpt lat="50.852091" lon="14.643159">
				<ele>680.000000</ele>
			</trkpt>
			<trkpt lat="50.852097" lon="14.642710">
				<ele>680.000000</ele>
			</trkpt>
			<trkpt lat="50.852114" lon="14.642494">
				<ele>680.000000</ele>
			</trkpt>
			<trkpt lat="50.852137" lon="14.642278">
				<ele>680.000000</ele>
			</trkpt>
			<trkpt lat="50.852131" lon="14.642045">
				<ele>680.000000</ele>
			</trkpt>
			<trkpt lat="50.852001" lon="14.641470">
				<ele>680.000000</ele>
			</trkpt>
			<trkpt lat="50.851995" lon="14.641345">
				<ele>680.000000</ele>
			</trkpt>
			<trkpt lat="50.851989" lon="14.641255">
				<ele>680.000000</ele>
			</trkpt>
			<trkpt lat="50.851995" lon="14.641173">
				<ele>680.000000</ele>
			</trkpt>
			<trkpt lat="50.852006" lon="14.641110">
				<ele>680.000000</ele>
			</trkpt>
			<trkpt lat="50.852052" lon="14.641003">
				<ele>680.000000</ele>
			</trkpt>
			<trkpt lat="50.852239" lon="14.640580">
				<ele>677.000000</ele>
			</trkpt>
			<trkpt lat="50.852806" lon="14.639341">
				<ele>669.000000</ele>
			</trkpt>
			<trkpt lat="50.852908" lon="14.639009">
				<ele>668.000000</ele>
			</trkpt>
			<trkpt lat="50.852988" lon="14.638928">
				<ele>668.000000</ele>
			</trkpt>
			<trkpt lat="50.853118" lon="14.638811">
				<ele>667.000000</ele>
			</trkpt>
			<trkpt lat="50.853300" lon="14.638613">
				<ele>666.000000</ele>
			</trkpt>
			<trkpt lat="50.853396" lon="14.638452">
				<ele>665.000000</ele>
			</trkpt>
			<trkpt lat="50.853492" lon="14.638254">
				<ele>664.000000</ele>
			</trkpt>
			<trkpt lat="50.853554" lon="14.638056">
				<ele>663.000000</ele>
			</trkpt>
			<trkpt lat="50.853577" lon="14.637894">
				<ele>663.000000</ele>
			</trkpt>
			<trkpt lat="50.853583" lon="14.637733">
				<ele>662.000000</ele>
			</trkpt>
			<trkpt lat="50.853577" lon="14.637626">
				<ele>662.000000</ele>
			</trkpt>
			<trkpt lat="50.853560" lon="14.637464">
				<ele>662.000000</ele>
			</trkpt>
			<trkpt lat="50.853538" lon="14.637284">
				<ele>661.000000</ele>
			</trkpt>
			<trkpt lat="50.853503" lon="14.637122">
				<ele>660.000000</ele>
			</trkpt>
			<trkpt lat="50.853475" lon="14.636871">
				<ele>660.000000</ele>
			</trkpt>
			<trkpt lat="50.853452" lon="14.636638">
				<ele>660.000000</ele>
			</trkpt>
			<trkpt lat="50.853475" lon="14.636556">
				<ele>660.000000</ele>
			</trkpt>
			<trkpt lat="50.853515" lon="14.636466">
				<ele>660.000000</ele>
			</trkpt>
			<trkpt lat="50.853617" lon="14.636269">
				<ele>660.000000</ele>
			</trkpt>
			<trkpt lat="50.853833" lon="14.635730">
				<ele>660.000000</ele>
			</trkpt>
			<trkpt lat="50.853923" lon="14.635389">
				<ele>660.000000</ele>
			</trkpt>
			<trkpt lat="50.854037" lon="14.635191">
				<ele>660.000000</ele>
			</trkpt>
			<trkpt lat="50.854179" lon="14.634993">
				<ele>660.000000</ele>
			</trkpt>
			<trkpt lat="50.854297" lon="14.634840">
				<ele>660.000000</ele>
			</trkpt>
			<trkpt lat="50.854547" lon="14.634338">
				<ele>660.000000</ele>
			</trkpt>
			<trkpt lat="50.855068" lon="14.633089">
				<ele>660.000000</ele>
			</trkpt>
			<trkpt lat="50.855256" lon="14.631867">
				<ele>660.000000</ele>
			</trkpt>
			<trkpt lat="50.855721" lon="14.630502">
				<ele>660.000000</ele>
			</trkpt>
			<trkpt lat="50.855846" lon="14.630143">
				<ele>660.000000</ele>
			</trkpt>
			<trkpt lat="50.856084" lon="14.629343">
				<ele>660.000000</ele>
			</trkpt>
			<trkpt lat="50.856078" lon="14.629261">
				<ele>655.000000</ele>
			</trkpt>
			<trkpt lat="50.856090" lon="14.629064">
				<ele>656.000000</ele>
			</trkpt>
			<trkpt lat="50.856095" lon="14.628974">
				<ele>656.000000</ele>
			</trkpt>
			<trkpt lat="50.856095" lon="14.628894">
				<ele>656.000000</ele>
			</trkpt>
			<trkpt lat="50.856078" lon="14.628634">
				<ele>656.000000</ele>
			</trkpt>
			<trkpt lat="50.856056" lon="14.628391">
				<ele>657.000000</ele>
			</trkpt>
			<trkpt lat="50.856033" lon="14.628219">
				<ele>657.000000</ele>
			</trkpt>
			<trkpt lat="50.855993" lon="14.628049">
				<ele>657.000000</ele>
			</trkpt>
			<trkpt lat="50.855931" lon="14.627888">
				<ele>657.000000</ele>
			</trkpt>
			<trkpt lat="50.855874" lon="14.627680">
				<ele>658.000000</ele>
			</trkpt>
			<trkpt lat="50.855846" lon="14.627502">
				<ele>658.000000</ele>
			</trkpt>
			<trkpt lat="50.855846" lon="14.627313">
				<ele>658.000000</ele>
			</trkpt>
			<trkpt lat="50.855885" lon="14.627106">
				<ele>658.000000</ele>
			</trkpt>
			<trkpt lat="50.856078" lon="14.625894">
				<ele>660.000000</ele>
			</trkpt>
			<trkpt lat="50.856095" lon="14.625768">
				<ele>660.000000</ele>
			</trkpt>
			<trkpt lat="50.856101" lon="14.625642">
				<ele>660.000000</ele>
			</trkpt>
			<trkpt lat="50.856095" lon="14.625229">
				<ele>661.000000</ele>
			</trkpt>
			<trkpt lat="50.856072" lon="14.624527">
				<ele>663.000000</ele>
			</trkpt>
			<trkpt lat="50.856084" lon="14.624376">
				<ele>664.000000</ele>
			</trkpt>
			<trkpt lat="50.856118" lon="14.624231">
				<ele>664.000000</ele>
			</trkpt>
			<trkpt lat="50.856164" lon="14.624106">
				<ele>664.000000</ele>
			</trkpt>
			<trkpt lat="50.856277" lon="14.623864">
				<ele>665.000000</ele>
			</trkpt>
			<trkpt lat="50.856373" lon="14.623648">
				<ele>665.000000</ele>
			</trkpt>
			<trkpt lat="50.856436" lon="14.623450">
				<ele>665.000000</ele>
			</trkpt>
			<trkpt lat="50.856520" lon="14.623072">
				<ele>665.000000</ele>
			</trkpt>
			<trkpt lat="50.856572" lon="14.622722">
				<ele>665.000000</ele>
			</trkpt>
			<trkpt lat="50.856605" lon="14.622390">
				<ele>664.000000</ele>
			</trkpt>
			<trkpt lat="50.856634" lon="14.622084">
				<ele>664.000000</ele>
			</trkpt>
			<trkpt lat="50.856640" lon="14.621770">
				<ele>663.000000</ele>
			</trkpt>
			<trkpt lat="50.856640" lon="14.621456">
				<ele>663.000000</ele>
			</trkpt>
			<trkpt lat="50.856617" lon="14.619965">
				<ele>660.000000</ele>
			</trkpt>
			<trkpt lat="50.856623" lon="14.619793">
				<ele>660.000000</ele>
			</trkpt>
			<trkpt lat="50.856640" lon="14.619650">
				<ele>660.000000</ele>
			</trkpt>
			<trkpt lat="50.856685" lon="14.619524">
				<ele>660.000000</ele>
			</trkpt>
			<trkpt lat="50.856748" lon="14.619380">
				<ele>660.000000</ele>
			</trkpt>
			<trkpt lat="50.856980" lon="14.618986">
				<ele>660.000000</ele>
			</trkpt>
			<trkpt lat="50.857445" lon="14.618168">
				<ele>660.000000</ele>
			</trkpt>
			<trkpt lat="50.857507" lon="14.618114">
				<ele>660.000000</ele>
			</trkpt>
			<trkpt lat="50.857655" lon="14.617925">
				<ele>660.000000</ele>
			</trkpt>
			<trkpt lat="50.857842" lon="14.617709">
				<ele>660.000000</ele>
			</trkpt>
			<trkpt lat="50.858415" lon="14.617135">
				<ele>658.000000</ele>
			</trkpt>
			<trkpt lat="50.858488" lon="14.617053">
				<ele>657.000000</ele>
			</trkpt>
			<trkpt lat="50.858618" lon="14.616820">
				<ele>655.000000</ele>
			</trkpt>
			<trkpt lat="50.858726" lon="14.616703">
				<ele>653.000000</ele>
			</trkpt>
			<trkpt lat="50.858908" lon="14.616524">
				<ele>650.000000</ele>
			</trkpt>
			<trkpt lat="50.859021" lon="14.616390">
				<ele>648.000000</ele>
			</trkpt>
			<trkpt lat="50.859129" lon="14.616254">
				<ele>646.000000</ele>
			</trkpt>
			<trkpt lat="50.859237" lon="14.616074">
				<ele>645.000000</ele>
			</trkpt>
			<trkpt lat="50.859361" lon="14.615877">
				<ele>645.000000</ele>
			</trkpt>
			<trkpt lat="50.859288" lon="14.615635">
				<ele>645.000000</ele>
			</trkpt>
			<trkpt lat="50.859237" lon="14.615482">
				<ele>645.000000</ele>
			</trkpt>
			<trkpt lat="50.859174" lon="14.615329">
				<ele>645.000000</ele>
			</trkpt>
			<trkpt lat="50.859089" lon="14.615185">
				<ele>645.000000</ele>
			</trkpt>
			<trkpt lat="50.859021" lon="14.615086">
				<ele>645.000000</ele>
			</trkpt>
			<trkpt lat="50.858953" lon="14.614996">
				<ele>645.000000</ele>
			</trkpt>
			<trkpt lat="50.858721" lon="14.614790">
				<ele>645.000000</ele>
			</trkpt>
			<trkpt lat="50.858335" lon="14.614440">
				<ele>645.000000</ele>
			</trkpt>
			<trkpt lat="50.858182" lon="14.614269">
				<ele>645.000000</ele>
			</trkpt>
			<trkpt lat="50.858080" lon="14.614126">
				<ele>645.000000</ele>
			</trkpt>
			<trkpt lat="50.858006" lon="14.613973">
				<ele>645.000000</ele>
			</trkpt>
			<trkpt lat="50.857932" lon="14.613757">
				<ele>645.000000</ele>
			</trkpt>
			<trkpt lat="50.857751" lon="14.613120">
				<ele>645.000000</ele>
			</trkpt>
			<trkpt lat="50.857388" lon="14.611862">
				<ele>647.000000</ele>
			</trkpt>
			<trkpt lat="50.857207" lon="14.611206">
				<ele>648.000000</ele>
			</trkpt>
			<trkpt lat="50.857059" lon="14.610640">
				<ele>648.000000</ele>
			</trkpt>
			<trkpt lat="50.856980" lon="14.610371">
				<ele>649.000000</ele>
			</trkpt>
			<trkpt lat="50.856878" lon="14.610128">
				<ele>649.000000</ele>
			</trkpt>
			<trkpt lat="50.856815" lon="14.610021">
				<ele>649.000000</ele>
			</trkpt>
			<trkpt lat="50.856736" lon="14.609904">
				<ele>650.000000</ele>
			</trkpt>
			<trkpt lat="50.856510" lon="14.609562">
				<ele>650.000000</ele>
			</trkpt>
			<trkpt lat="50.856402" lon="14.609382">
				<ele>650.000000</ele>
			</trkpt>
			<trkpt lat="50.856311" lon="14.609166">
				<ele>650.000000</ele>
			</trkpt>
			<trkpt lat="50.856226" lon="14.608897">
				<ele>650.000000</ele>
			</trkpt>
			<trkpt lat="50.856157" lon="14.608646">
				<ele>650.000000</ele>
			</trkpt>
			<trkpt lat="50.856113" lon="14.608503">
				<ele>650.000000</ele>
			</trkpt>
			<trkpt lat="50.856067" lon="14.608376">
				<ele>650.000000</ele>
			</trkpt>
			<trkpt lat="50.855999" lon="14.608250">
				<ele>650.000000</ele>
			</trkpt>
			<trkpt lat="50.856072" lon="14.607981">
				<ele>650.000000</ele>
			</trkpt>
			<trkpt lat="50.856123" lon="14.607738">
				<ele>648.000000</ele>
			</trkpt>
			<trkpt lat="50.856282" lon="14.606921">
				<ele>643.000000</ele>
			</trkpt>
			<trkpt lat="50.856418" lon="14.606256">
				<ele>639.000000</ele>
			</trkpt>
			<trkpt lat="50.856453" lon="14.606059">
				<ele>638.000000</ele>
			</trkpt>
			<trkpt lat="50.856481" lon="14.605798">
				<ele>636.000000</ele>
			</trkpt>
			<trkpt lat="50.856554" lon="14.604864">
				<ele>625.000000</ele>
			</trkpt>
			<trkpt lat="50.856600" lon="14.604226">
				<ele>622.000000</ele>
			</trkpt>
			<trkpt lat="50.856628" lon="14.604065">
				<ele>621.000000</ele>
			</trkpt>
			<trkpt lat="50.856662" lon="14.603939">
				<ele>620.000000</ele>
			</trkpt>
			<trkpt lat="50.856730" lon="14.603813">
				<ele>619.000000</ele>
			</trkpt>
			<trkpt lat="50.856849" lon="14.603642">
				<ele>617.000000</ele>
			</trkpt>
			<trkpt lat="50.856940" lon="14.603507">
				<ele>615.000000</ele>
			</trkpt>
			<trkpt lat="50.856991" lon="14.603426">
				<ele>614.000000</ele>
			</trkpt>
			<trkpt lat="50.857025" lon="14.603327">
				<ele>614.000000</ele>
			</trkpt>
			<trkpt lat="50.857053" lon="14.603211">
				<ele>613.000000</ele>
			</trkpt>
			<trkpt lat="50.857082" lon="14.603023">
				<ele>612.000000</ele>
			</trkpt>
			<trkpt lat="50.857127" lon="14.602843">
				<ele>611.000000</ele>
			</trkpt>
			<trkpt lat="50.857320" lon="14.602285">
				<ele>609.000000</ele>
			</trkpt>
			<trkpt lat="50.857456" lon="14.601872">
				<ele>607.000000</ele>
			</trkpt>
			<trkpt lat="50.857519" lon="14.601656">
				<ele>606.000000</ele>
			</trkpt>
			<trkpt lat="50.857558" lon="14.601432">
				<ele>606.000000</ele>
			</trkpt>
			<trkpt lat="50.857604" lon="14.601172">
				<ele>605.000000</ele>
			</trkpt>
			<trkpt lat="50.857632" lon="14.600974">
				<ele>604.000000</ele>
			</trkpt>
			<trkpt lat="50.857683" lon="14.600723">
				<ele>603.000000</ele>
			</trkpt>
			<trkpt lat="50.857729" lon="14.600552">
				<ele>602.000000</ele>
			</trkpt>
			<trkpt lat="50.857745" lon="14.600390">
				<ele>602.000000</ele>
			</trkpt>
			<trkpt lat="50.857757" lon="14.600291">
				<ele>601.000000</ele>
			</trkpt>
			<trkpt lat="50.857780" lon="14.600210">
				<ele>601.000000</ele>
			</trkpt>
			<trkpt lat="50.857819" lon="14.600121">
				<ele>601.000000</ele>
			</trkpt>
			<trkpt lat="50.857881" lon="14.600004">
				<ele>600.000000</ele>
			</trkpt>
			<trkpt lat="50.858103" lon="14.599582">
				<ele>599.000000</ele>
			</trkpt>
			<trkpt lat="50.858273" lon="14.599222">
				<ele>598.000000</ele>
			</trkpt>
			<trkpt lat="50.858449" lon="14.598836">
				<ele>597.000000</ele>
			</trkpt>
			<trkpt lat="50.858647" lon="14.598369">
				<ele>595.000000</ele>
			</trkpt>
			<trkpt lat="50.858675" lon="14.598270">
				<ele>595.000000</ele>
			</trkpt>
			<trkpt lat="50.858681" lon="14.598207">
				<ele>595.000000</ele>
			</trkpt>
			<trkpt lat="50.858675" lon="14.598136">
				<ele>594.000000</ele>
			</trkpt>
			<trkpt lat="50.858675" lon="14.598054">
				<ele>593.000000</ele>
			</trkpt>
			<trkpt lat="50.858692" lon="14.597983">
				<ele>592.000000</ele>
			</trkpt>
			<trkpt lat="50.858726" lon="14.597937">
				<ele>591.000000</ele>
			</trkpt>
			<trkpt lat="50.858772" lon="14.597929">
				<ele>590.000000</ele>
			</trkpt>
			<trkpt lat="50.858817" lon="14.597920">
				<ele>588.000000</ele>
			</trkpt>
			<trkpt lat="50.858908" lon="14.597956">
				<ele>585.000000</ele>
			</trkpt>
			<trkpt lat="50.859021" lon="14.597964">
				<ele>584.000000</ele>
			</trkpt>
			<trkpt lat="50.859078" lon="14.597964">
				<ele>583.000000</ele>
			</trkpt>
			<trkpt lat="50.859123" lon="14.597937">
				<ele>582.000000</ele>
			</trkpt>
			<trkpt lat="50.859169" lon="14.597920">
				<ele>582.000000</ele>
			</trkpt>
			<trkpt lat="50.859214" lon="14.597910">
				<ele>581.000000</ele>
			</trkpt>
			<trkpt lat="50.859248" lon="14.597893">
				<ele>581.000000</ele>
			</trkpt>
			<trkpt lat="50.859265" lon="14.597866">
				<ele>580.000000</ele>
			</trkpt>
			<trkpt lat="50.859282" lon="14.597821">
				<ele>580.000000</ele>
			</trkpt>
			<trkpt lat="50.859299" lon="14.597695">
				<ele>579.000000</ele>
			</trkpt>
			<trkpt lat="50.859356" lon="14.597551">
				<ele>578.000000</ele>
			</trkpt>
			<trkpt lat="50.859384" lon="14.597408">
				<ele>576.000000</ele>
			</trkpt>
			<trkpt lat="50.859418" lon="14.597237">
				<ele>575.000000</ele>
			</trkpt>
			<trkpt lat="50.859441" lon="14.597138">
				<ele>574.000000</ele>
			</trkpt>
			<trkpt lat="50.859486" lon="14.597067">
				<ele>574.000000</ele>
			</trkpt>
			<trkpt lat="50.859594" lon="14.596905">
				<ele>572.000000</ele>
			</trkpt>
			<trkpt lat="50.859730" lon="14.596681">
				<ele>571.000000</ele>
			</trkpt>
			<trkpt lat="50.859855" lon="14.596419">
				<ele>568.000000</ele>
			</trkpt>
			<trkpt lat="50.860139" lon="14.595782">
				<ele>561.000000</ele>
			</trkpt>
			<trkpt lat="50.860541" lon="14.594956">
				<ele>551.000000</ele>
			</trkpt>
			<trkpt lat="50.860580" lon="14.594857">
				<ele>550.000000</ele>
			</trkpt>
			<trkpt lat="50.860620" lon="14.594713">
				<ele>548.000000</ele>
			</trkpt>
			<trkpt lat="50.860666" lon="14.594568">
				<ele>545.000000</ele>
			</trkpt>
			<trkpt lat="50.860694" lon="14.594444">
				<ele>544.000000</ele>
			</trkpt>
			<trkpt lat="50.860723" lon="14.594255">
				<ele>541.000000</ele>
			</trkpt>
			<trkpt lat="50.860739" lon="14.594129">
				<ele>540.000000</ele>
			</trkpt>
			<trkpt lat="50.860774" lon="14.594012">
				<ele>538.000000</ele>
			</trkpt>
			<trkpt lat="50.860825" lon="14.593905">
				<ele>537.000000</ele>
			</trkpt>
			<trkpt lat="50.861074" lon="14.593402">
				<ele>532.000000</ele>
			</trkpt>
			<trkpt lat="50.861136" lon="14.593230">
				<ele>530.000000</ele>
			</trkpt>
			<trkpt lat="50.861176" lon="14.593105">
				<ele>529.000000</ele>
			</trkpt>
			<trkpt lat="50.861199" lon="14.592997">
				<ele>527.000000</ele>
			</trkpt>
			<trkpt lat="50.861215" lon="14.592871">
				<ele>526.000000</ele>
			</trkpt>
			<trkpt lat="50.861215" lon="14.592773">
				<ele>525.000000</ele>
			</trkpt>
			<trkpt lat="50.861210" lon="14.592647">
				<ele>524.000000</ele>
			</trkpt>
			<trkpt lat="50.861142" lon="14.592108">
				<ele>515.000000</ele>
			</trkpt>
			<trkpt lat="50.861125" lon="14.591918">
				<ele>511.000000</ele>
			</trkpt>
			<trkpt lat="50.861125" lon="14.591748">
				<ele>507.000000</ele>
			</trkpt>
			<trkpt lat="50.861125" lon="14.591614">
				<ele>504.000000</ele>
			</trkpt>
			<trkpt lat="50.861142" lon="14.591471">
				<ele>501.000000</ele>
			</trkpt>
			<trkpt lat="50.861176" lon="14.591352">
				<ele>498.000000</ele>
			</trkpt>
			<trkpt lat="50.861221" lon="14.591228">
				<ele>496.000000</ele>
			</trkpt>
			<trkpt lat="50.861278" lon="14.591111">
				<ele>494.000000</ele>
			</trkpt>
			<trkpt lat="50.861340" lon="14.591012">
				<ele>492.000000</ele>
			</trkpt>
			<trkpt lat="50.861510" lon="14.590796">
				<ele>487.000000</ele>
			</trkpt>
			<trkpt lat="50.861635" lon="14.590679">
				<ele>484.000000</ele>
			</trkpt>
			<trkpt lat="50.861704" lon="14.590626">
				<ele>483.000000</ele>
			</trkpt>
			<trkpt lat="50.861777" lon="14.590599">
				<ele>481.000000</ele>
			</trkpt>
			<trkpt lat="50.861942" lon="14.590553">
				<ele>478.000000</ele>
			</trkpt>
			<trkpt lat="50.862049" lon="14.590518">
				<ele>475.000000</ele>
			</trkpt>
			<trkpt lat="50.862145" lon="14.590482">
				<ele>474.000000</ele>
			</trkpt>
			<trkpt lat="50.862225" lon="14.590437">
				<ele>473.000000</ele>
			</trkpt>
			<trkpt lat="50.862304" lon="14.590347">
				<ele>471.000000</ele>
			</trkpt>
			<trkpt lat="50.862378" lon="14.590266">
				<ele>470.000000</ele>
			</trkpt>
			<trkpt lat="50.862452" lon="14.590132">
				<ele>468.000000</ele>
			</trkpt>
			<trkpt lat="50.862514" lon="14.590006">
				<ele>466.000000</ele>
			</trkpt>
			<trkpt lat="50.862593" lon="14.589834">
				<ele>464.000000</ele>
			</trkpt>
			<trkpt lat="50.862644" lon="14.589691">
				<ele>462.000000</ele>
			</trkpt>
			<trkpt lat="50.862746" lon="14.589404">
				<ele>459.000000</ele>
			</trkpt>
			<trkpt lat="50.862809" lon="14.589224">
				<ele>457.000000</ele>
			</trkpt>
			<trkpt lat="50.862888" lon="14.589062">
				<ele>455.000000</ele>
			</trkpt>
			<trkpt lat="50.862968" lon="14.588910">
				<ele>453.000000</ele>
			</trkpt>
			<trkpt lat="50.863110" lon="14.588668">
				<ele>449.000000</ele>
			</trkpt>
			<trkpt lat="50.863172" lon="14.588595">
				<ele>447.000000</ele>
			</trkpt>
			<trkpt lat="50.863314" lon="14.588452">
				<ele>444.000000</ele>
			</trkpt>
			<trkpt lat="50.863371" lon="14.588379">
				<ele>443.000000</ele>
			</trkpt>
			<trkpt lat="50.863523" lon="14.588335">
				<ele>440.000000</ele>
			</trkpt>
			<trkpt lat="50.863597" lon="14.588289">
				<ele>439.000000</ele>
			</trkpt>
			<trkpt lat="50.863665" lon="14.588236">
				<ele>438.000000</ele>
			</trkpt>
			<trkpt lat="50.863727" lon="14.588173">
				<ele>437.000000</ele>
			</trkpt>
			<trkpt lat="50.863801" lon="14.588102">
				<ele>436.000000</ele>
			</trkpt>
			<trkpt lat="50.863909" lon="14.587922">
				<ele>435.000000</ele>
			</trkpt>
			<trkpt lat="50.863954" lon="14.587850">
				<ele>435.000000</ele>
			</trkpt>
			<trkpt lat="50.864039" lon="14.587733">
				<ele>435.000000</ele>
			</trkpt>
			<trkpt lat="50.864085" lon="14.587660">
				<ele>436.000000</ele>
			</trkpt>
			<trkpt lat="50.864085" lon="14.587563">
				<ele>436.000000</ele>
			</trkpt>
			<trkpt lat="50.864101" lon="14.587463">
				<ele>437.000000</ele>
			</trkpt>
			<trkpt lat="50.864147" lon="14.587364">
				<ele>438.000000</ele>
			</trkpt>
			<trkpt lat="50.864272" lon="14.587123">
				<ele>440.000000</ele>
			</trkpt>
			<trkpt lat="50.864329" lon="14.586997">
				<ele>442.000000</ele>
			</trkpt>
			<trkpt lat="50.864351" lon="14.586888">
				<ele>443.000000</ele>
			</trkpt>
			<trkpt lat="50.864380" lon="14.586781">
				<ele>444.000000</ele>
			</trkpt>
			<trkpt lat="50.864391" lon="14.586664">
				<ele>446.000000</ele>
			</trkpt>
			<trkpt lat="50.864391" lon="14.586547">
				<ele>447.000000</ele>
			</trkpt>
			<trkpt lat="50.864368" lon="14.586341">
				<ele>449.000000</ele>
			</trkpt>
			<trkpt lat="50.864295" lon="14.586008">
				<ele>454.000000</ele>
			</trkpt>
			<trkpt lat="50.864221" lon="14.585639">
				<ele>458.000000</ele>
			</trkpt>
			<trkpt lat="50.864198" lon="14.585568">
				<ele>459.000000</ele>
			</trkpt>
			<trkpt lat="50.864170" lon="14.585532">
				<ele>459.000000</ele>
			</trkpt>
			<trkpt lat="50.863852" lon="14.585478">
				<ele>463.000000</ele>
			</trkpt>
			<trkpt lat="50.863773" lon="14.585452">
				<ele>464.000000</ele>
			</trkpt>
			<trkpt lat="50.863676" lon="14.585389">
				<ele>466.000000</ele>
			</trkpt>
			<trkpt lat="50.863609" lon="14.585335">
				<ele>467.000000</ele>
			</trkpt>
			<trkpt lat="50.863574" lon="14.585289">
				<ele>467.000000</ele>
			</trkpt>
			<trkpt lat="50.863546" lon="14.585253">
				<ele>468.000000</ele>
			</trkpt>
			<trkpt lat="50.863517" lon="14.585155">
				<ele>469.000000</ele>
			</trkpt>
			<trkpt lat="50.863484" lon="14.585010">
				<ele>470.000000</ele>
			</trkpt>
			<trkpt lat="50.863438" lon="14.584913">
				<ele>471.000000</ele>
			</trkpt>
			<trkpt lat="50.863359" lon="14.584813">
				<ele>473.000000</ele>
			</trkpt>
			<trkpt lat="50.863251" lon="14.584714">
				<ele>475.000000</ele>
			</trkpt>
			<trkpt lat="50.863025" lon="14.584418">
				<ele>480.000000</ele>
			</trkpt>
			<trkpt lat="50.862781" lon="14.584031">
				<ele>487.000000</ele>
			</trkpt>
			<trkpt lat="50.862571" lon="14.583727">
				<ele>493.000000</ele>
			</trkpt>
			<trkpt lat="50.862492" lon="14.583628">
				<ele>496.000000</ele>
			</trkpt>
			<trkpt lat="50.862390" lon="14.583511">
				<ele>499.000000</ele>
			</trkpt>
			<trkpt lat="50.862145" lon="14.583259">
				<ele>503.000000</ele>
			</trkpt>
			<trkpt lat="50.861930" lon="14.582989">
				<ele>507.000000</ele>
			</trkpt>
			<trkpt lat="50.861828" lon="14.582891">
				<ele>509.000000</ele>
			</trkpt>
			<trkpt lat="50.861624" lon="14.582712">
				<ele>512.000000</ele>
			</trkpt>
			<trkpt lat="50.861522" lon="14.582595">
				<ele>513.000000</ele>
			</trkpt>
			<trkpt lat="50.861471" lon="14.582523">
				<ele>514.000000</ele>
			</trkpt>
			<trkpt lat="50.861425" lon="14.582423">
				<ele>515.000000</ele>
			</trkpt>
			<trkpt lat="50.861386" lon="14.582326">
				<ele>516.000000</ele>
			</trkpt>
			<trkpt lat="50.861363" lon="14.582226">
				<ele>517.000000</ele>
			</trkpt>
			<trkpt lat="50.861295" lon="14.582020">
				<ele>518.000000</ele>
			</trkpt>
			<trkpt lat="50.861250" lon="14.581921">
				<ele>519.000000</ele>
			</trkpt>
			<trkpt lat="50.861215" lon="14.581857">
				<ele>520.000000</ele>
			</trkpt>
			<trkpt lat="50.861171" lon="14.581794">
				<ele>520.000000</ele>
			</trkpt>
			<trkpt lat="50.861125" lon="14.581750">
				<ele>521.000000</ele>
			</trkpt>
			<trkpt lat="50.861068" lon="14.581705">
				<ele>522.000000</ele>
			</trkpt>
			<trkpt lat="50.861000" lon="14.581660">
				<ele>524.000000</ele>
			</trkpt>
			<trkpt lat="50.860926" lon="14.581634">
				<ele>525.000000</ele>
			</trkpt>
			<trkpt lat="50.860790" lon="14.581597">
				<ele>528.000000</ele>
			</trkpt>
			<trkpt lat="50.860711" lon="14.581544">
				<ele>529.000000</ele>
			</trkpt>
			<trkpt lat="50.860637" lon="14.581471">
				<ele>531.000000</ele>
			</trkpt>
			<trkpt lat="50.860564" lon="14.581381">
				<ele>532.000000</ele>
			</trkpt>
			<trkpt lat="50.860456" lon="14.581247">
				<ele>535.000000</ele>
			</trkpt>
			<trkpt lat="50.860365" lon="14.581157">
				<ele>537.000000</ele>
			</trkpt>
			<trkpt lat="50.860269" lon="14.581121">
				<ele>539.000000</ele>
			</trkpt>
			<trkpt lat="50.860172" lon="14.581121">
				<ele>542.000000</ele>
			</trkpt>
			<trkpt lat="50.860036" lon="14.581148">
				<ele>545.000000</ele>
			</trkpt>
			<trkpt lat="50.860008" lon="14.581148">
				<ele>546.000000</ele>
			</trkpt>
			<trkpt lat="50.859980" lon="14.581131">
				<ele>547.000000</ele>
			</trkpt>
			<trkpt lat="50.859719" lon="14.581238">
				<ele>552.000000</ele>
			</trkpt>
			<trkpt lat="50.859650" lon="14.581265">
				<ele>554.000000</ele>
			</trkpt>
			<trkpt lat="50.859594" lon="14.581265">
				<ele>555.000000</ele>
			</trkpt>
			<trkpt lat="50.859560" lon="14.581238">
				<ele>556.000000</ele>
			</trkpt>
			<trkpt lat="50.859520" lon="14.581194">
				<ele>557.000000</ele>
			</trkpt>
			<trkpt lat="50.859452" lon="14.581014">
				<ele>560.000000</ele>
			</trkpt>
			<trkpt lat="50.859396" lon="14.580915">
				<ele>561.000000</ele>
			</trkpt>
			<trkpt lat="50.859339" lon="14.580825">
				<ele>562.000000</ele>
			</trkpt>
			<trkpt lat="50.859271" lon="14.580726">
				<ele>564.000000</ele>
			</trkpt>
			<trkpt lat="50.859214" lon="14.580672">
				<ele>565.000000</ele>
			</trkpt>
			<trkpt lat="50.859151" lon="14.580573">
				<ele>566.000000</ele>
			</trkpt>
			<trkpt lat="50.859050" lon="14.580402">
				<ele>568.000000</ele>
			</trkpt>
			<trkpt lat="50.858913" lon="14.580133">
				<ele>572.000000</ele>
			</trkpt>
			<trkpt lat="50.858834" lon="14.580007">
				<ele>575.000000</ele>
			</trkpt>
			<trkpt lat="50.858743" lon="14.579909">
				<ele>578.000000</ele>
			</trkpt>
			<trkpt lat="50.858630" lon="14.579836">
				<ele>581.000000</ele>
			</trkpt>
			<trkpt lat="50.858403" lon="14.579729">
				<ele>586.000000</ele>
			</trkpt>
			<trkpt lat="50.858329" lon="14.579810">
				<ele>588.000000</ele>
			</trkpt>
			<trkpt lat="50.858154" lon="14.579953">
				<ele>590.000000</ele>
			</trkpt>
			<trkpt lat="50.858018" lon="14.580070">
				<ele>592.000000</ele>
			</trkpt>
			<trkpt lat="50.857876" lon="14.580160">
				<ele>594.000000</ele>
			</trkpt>
			<trkpt lat="50.857757" lon="14.580232">
				<ele>596.000000</ele>
			</trkpt>
			<trkpt lat="50.857621" lon="14.580276">
				<ele>599.000000</ele>
			</trkpt>
			<trkpt lat="50.857496" lon="14.580322">
				<ele>601.000000</ele>
			</trkpt>
			<trkpt lat="50.857371" lon="14.580331">
				<ele>603.000000</ele>
			</trkpt>
			<trkpt lat="50.857145" lon="14.580331">
				<ele>607.000000</ele>
			</trkpt>
			<trkpt lat="50.857071" lon="14.580322">
				<ele>607.000000</ele>
			</trkpt>
			<trkpt lat="50.856900" lon="14.580241">
				<ele>610.000000</ele>
			</trkpt>
			<trkpt lat="50.856833" lon="14.580196">
				<ele>610.000000</ele>
			</trkpt>
			<trkpt lat="50.856759" lon="14.580125">
				<ele>610.000000</ele>
			</trkpt>
			<trkpt lat="50.856804" lon="14.580026">
				<ele>611.000000</ele>
			</trkpt>
			<trkpt lat="50.856900" lon="14.579855">
				<ele>612.000000</ele>
			</trkpt>
			<trkpt lat="50.856935" lon="14.579765">
				<ele>612.000000</ele>
			</trkpt>
			<trkpt lat="50.856951" lon="14.579666">
				<ele>612.000000</ele>
			</trkpt>
			<trkpt lat="50.856951" lon="14.579567">
				<ele>612.000000</ele>
			</trkpt>
			<trkpt lat="50.856935" lon="14.579486">
				<ele>613.000000</ele>
			</trkpt>
			<trkpt lat="50.856889" lon="14.579316">
				<ele>613.000000</ele>
			</trkpt>
			<trkpt lat="50.856861" lon="14.579118">
				<ele>614.000000</ele>
			</trkpt>
			<trkpt lat="50.856821" lon="14.578489">
				<ele>617.000000</ele>
			</trkpt>
			<trkpt lat="50.856697" lon="14.577708">
				<ele>625.000000</ele>
			</trkpt>
			<trkpt lat="50.856656" lon="14.577536">
				<ele>625.000000</ele>
			</trkpt>
			<trkpt lat="50.856605" lon="14.577402">
				<ele>626.000000</ele>
			</trkpt>
			<trkpt lat="50.856549" lon="14.577268">
				<ele>626.000000</ele>
			</trkpt>
			<trkpt lat="50.856469" lon="14.577133">
				<ele>627.000000</ele>
			</trkpt>
			<trkpt lat="50.856316" lon="14.576962">
				<ele>627.000000</ele>
			</trkpt>
			<trkpt lat="50.856164" lon="14.576819">
				<ele>628.000000</ele>
			</trkpt>
			<trkpt lat="50.855767" lon="14.576494">
				<ele>630.000000</ele>
			</trkpt>
			<trkpt lat="50.855681" lon="14.576423">
				<ele>630.000000</ele>
			</trkpt>
			<trkpt lat="50.855568" lon="14.576315">
				<ele>630.000000</ele>
			</trkpt>
			<trkpt lat="50.855477" lon="14.576190">
				<ele>630.000000</ele>
			</trkpt>
			<trkpt lat="50.855414" lon="14.576046">
				<ele>630.000000</ele>
			</trkpt>
			<trkpt lat="50.855358" lon="14.575857">
				<ele>630.000000</ele>
			</trkpt>
			<trkpt lat="50.855273" lon="14.575489">
				<ele>630.000000</ele>
			</trkpt>
			<trkpt lat="50.855182" lon="14.575192">
				<ele>631.000000</ele>
			</trkpt>
			<trkpt lat="50.855086" lon="14.574915">
				<ele>632.000000</ele>
			</trkpt>
			<trkpt lat="50.854910" lon="14.574519">
				<ele>633.000000</ele>
			</trkpt>
			<trkpt lat="50.854757" lon="14.574133">
				<ele>634.000000</ele>
			</trkpt>
			<trkpt lat="50.854723" lon="14.574033">
				<ele>634.000000</ele>
			</trkpt>
			<trkpt lat="50.854683" lon="14.573926">
				<ele>635.000000</ele>
			</trkpt>
			<trkpt lat="50.854655" lon="14.573791">
				<ele>635.000000</ele>
			</trkpt>
			<trkpt lat="50.854638" lon="14.573638">
				<ele>636.000000</ele>
			</trkpt>
			<trkpt lat="50.854558" lon="14.573144">
				<ele>642.000000</ele>
			</trkpt>
			<trkpt lat="50.854462" lon="14.572704">
				<ele>646.000000</ele>
			</trkpt>
			<trkpt lat="50.854354" lon="14.572273">
				<ele>648.000000</ele>
			</trkpt>
			<trkpt lat="50.854292" lon="14.572075">
				<ele>649.000000</ele>
			</trkpt>
			<trkpt lat="50.854218" lon="14.571896">
				<ele>650.000000</ele>
			</trkpt>
			<trkpt lat="50.854167" lon="14.571770">
				<ele>650.000000</ele>
			</trkpt>
			<trkpt lat="50.854138" lon="14.571699">
				<ele>650.000000</ele>
			</trkpt>
			<trkpt lat="50.854099" lon="14.571626">
				<ele>650.000000</ele>
			</trkpt>
			<trkpt lat="50.854037" lon="14.571483">
				<ele>650.000000</ele>
			</trkpt>
			<trkpt lat="50.854020" lon="14.571429">
				<ele>650.000000</ele>
			</trkpt>
			<trkpt lat="50.854002" lon="14.571374">
				<ele>650.000000</ele>
			</trkpt>
			<trkpt lat="50.854002" lon="14.571303">
				<ele>650.000000</ele>
			</trkpt>
			<trkpt lat="50.854002" lon="14.571240">
				<ele>650.000000</ele>
			</trkpt>
			<trkpt lat="50.854037" lon="14.571060">
				<ele>650.000000</ele>
			</trkpt>
			<trkpt lat="50.854065" lon="14.570863">
				<ele>650.000000</ele>
			</trkpt>
			<trkpt lat="50.854105" lon="14.570718">
				<ele>650.000000</ele>
			</trkpt>
			<trkpt lat="50.854309" lon="14.570072">
				<ele>650.000000</ele>
			</trkpt>
			<trkpt lat="50.854615" lon="14.569290">
				<ele>655.000000</ele>
			</trkpt>
			<trkpt lat="50.854745" lon="14.568976">
				<ele>658.000000</ele>
			</trkpt>
			<trkpt lat="50.854830" lon="14.568787">
				<ele>660.000000</ele>
			</trkpt>
			<trkpt lat="50.854893" lon="14.568617">
				<ele>661.000000</ele>
			</trkpt>
			<trkpt lat="50.854955" lon="14.568420">
				<ele>662.000000</ele>
			</trkpt>
			<trkpt lat="50.855058" lon="14.568024">
				<ele>664.000000</ele>
			</trkpt>
			<trkpt lat="50.855182" lon="14.567242">
				<ele>668.000000</ele>
			</trkpt>
			<trkpt lat="50.855341" lon="14.566326">
				<ele>673.000000</ele>
			</trkpt>
			<trkpt lat="50.855500" lon="14.565418">
				<ele>678.000000</ele>
			</trkpt>
			<trkpt lat="50.855506" lon="14.565302">
				<ele>679.000000</ele>
			</trkpt>
			<trkpt lat="50.855506" lon="14.565177">
				<ele>679.000000</ele>
			</trkpt>
			<trkpt lat="50.855477" lon="14.565059">
				<ele>680.000000</ele>
			</trkpt>
			<trkpt lat="50.855443" lon="14.564961">
				<ele>680.000000</ele>
			</trkpt>
			<trkpt lat="50.855409" lon="14.564898">
				<ele>680.000000</ele>
			</trkpt>
			<trkpt lat="50.855352" lon="14.564825">
				<ele>680.000000</ele>
			</trkpt>
			<trkpt lat="50.855245" lon="14.564709">
				<ele>681.000000</ele>
			</trkpt>
			<trkpt lat="50.855142" lon="14.564583">
				<ele>681.000000</ele>
			</trkpt>
			<trkpt lat="50.855058" lon="14.564458">
				<ele>681.000000</ele>
			</trkpt>
			<trkpt lat="50.854967" lon="14.564305">
				<ele>681.000000</ele>
			</trkpt>
			<trkpt lat="50.854530" lon="14.563470">
				<ele>683.000000</ele>
			</trkpt>
			<trkpt lat="50.854484" lon="14.563370">
				<ele>683.000000</ele>
			</trkpt>
			<trkpt lat="50.854445" lon="14.563254">
				<ele>683.000000</ele>
			</trkpt>
			<trkpt lat="50.854428" lon="14.563137">
				<ele>683.000000</ele>
			</trkpt>
			<trkpt lat="50.854400" lon="14.562940">
				<ele>684.000000</ele>
			</trkpt>
			<trkpt lat="50.854371" lon="14.562643">
				<ele>684.000000</ele>
			</trkpt>
			<trkpt lat="50.854371" lon="14.562517">
				<ele>684.000000</ele>
			</trkpt>
			<trkpt lat="50.854383" lon="14.562391">
				<ele>684.000000</ele>
			</trkpt>
			<trkpt lat="50.854428" lon="14.562104">
				<ele>685.000000</ele>
			</trkpt>
			<trkpt lat="50.854525" lon="14.561592">
				<ele>689.000000</ele>
			</trkpt>
			<trkpt lat="50.854564" lon="14.561269">
				<ele>692.000000</ele>
			</trkpt>
			<trkpt lat="50.854592" lon="14.560954">
				<ele>696.000000</ele>
			</trkpt>
			<trkpt lat="50.854592" lon="14.560594">
				<ele>700.000000</ele>
			</trkpt>
			<trkpt lat="50.854581" lon="14.560415">
				<ele>702.000000</ele>
			</trkpt>
			<trkpt lat="50.854541" lon="14.559938">
				<ele>705.000000</ele>
			</trkpt>
			<trkpt lat="50.854541" lon="14.559732">
				<ele>707.000000</ele>
			</trkpt>
			<trkpt lat="50.854558" lon="14.559598">
				<ele>708.000000</ele>
			</trkpt>
			<trkpt lat="50.854576" lon="14.559472">
				<ele>709.000000</ele>
			</trkpt>
			<trkpt lat="50.854615" lon="14.559364">
				<ele>710.000000</ele>
			</trkpt>
			<trkpt lat="50.854655" lon="14.559256">
				<ele>711.000000</ele>
			</trkpt>
			<trkpt lat="50.854995" lon="14.558520">
				<ele>722.000000</ele>
			</trkpt>
			<trkpt lat="50.855097" lon="14.558322">
				<ele>725.000000</ele>
			</trkpt>
			<trkpt lat="50.855182" lon="14.558179">
				<ele>727.000000</ele>
			</trkpt>
			<trkpt lat="50.855301" lon="14.558007">
				<ele>730.000000</ele>
			</trkpt>
			<trkpt lat="50.855409" lon="14.557891">
				<ele>733.000000</ele>
			</trkpt>
			<trkpt lat="50.855522" lon="14.557774">
				<ele>736.000000</ele>
			</trkpt>
			<trkpt lat="50.855647" lon="14.557684">
				<ele>739.000000</ele>
			</trkpt>
			<trkpt lat="50.855903" lon="14.557567">
				<ele>742.000000</ele>
			</trkpt>
			<trkpt lat="50.856010" lon="14.557541">
				<ele>744.000000</ele>
			</trkpt>
			<trkpt lat="50.856078" lon="14.557541">
				<ele>745.000000</ele>
			</trkpt>
			<trkpt lat="50.856123" lon="14.557558">
				<ele>745.000000</ele>
			</trkpt>
			<trkpt lat="50.856164" lon="14.557585">
				<ele>746.000000</ele>
			</trkpt>
			<trkpt lat="50.856192" lon="14.557640">
				<ele>748.000000</ele>
			</trkpt>
			<trkpt lat="50.856192" lon="14.557693">
				<ele>748.000000</ele>
			</trkpt>
			<trkpt lat="50.856192" lon="14.557730">
				<ele>749.000000</ele>
			</trkpt>
			<trkpt lat="50.856152" lon="14.557801">
				<ele>750.000000</ele>
			</trkpt>
			<trkpt lat="50.856090" lon="14.557909">
				<ele>752.000000</ele>
			</trkpt>
			<trkpt lat="50.856067" lon="14.557999">
				<ele>753.000000</ele>
			</trkpt>
			<trkpt lat="50.856056" lon="14.558070">
				<ele>754.000000</ele>
			</trkpt>
			<trkpt lat="50.856067" lon="14.558107">
				<ele>754.000000</ele>
			</trkpt>
			<trkpt lat="50.856090" lon="14.558151">
				<ele>755.000000</ele>
			</trkpt>
			<trkpt lat="50.856129" lon="14.558196">
				<ele>756.000000</ele>
			</trkpt>
			<trkpt lat="50.856311" lon="14.558304">
				<ele>761.000000</ele>
			</trkpt>
			<trkpt lat="50.856362" lon="14.558349">
				<ele>762.000000</ele>
			</trkpt>
			<trkpt lat="50.856407" lon="14.558430">
				<ele>763.000000</ele>
			</trkpt>
			<trkpt lat="50.856424" lon="14.558475">
				<ele>763.000000</ele>
			</trkpt>
			<trkpt lat="50.856436" lon="14.558520">
				<ele>764.000000</ele>
			</trkpt>
			<trkpt lat="50.856424" lon="14.558592">
				<ele>765.000000</ele>
			</trkpt>
			<trkpt lat="50.856407" lon="14.558646">
				<ele>765.000000</ele>
			</trkpt>
			<trkpt lat="50.856311" lon="14.558862">
				<ele>770.000000</ele>
			</trkpt>
			<trkpt lat="50.856277" lon="14.558959">
				<ele>770.000000</ele>
			</trkpt>
			<trkpt lat="50.856265" lon="14.559076">
				<ele>771.000000</ele>
			</trkpt>
			<trkpt lat="50.856277" lon="14.559185">
				<ele>771.000000</ele>
			</trkpt>
			<trkpt lat="50.856305" lon="14.559301">
				<ele>771.000000</ele>
			</trkpt>
			<trkpt lat="50.856458" lon="14.559741">
				<ele>773.000000</ele>
			</trkpt>
			<trkpt lat="50.856532" lon="14.559957">
				<ele>774.000000</ele>
			</trkpt>
			<trkpt lat="50.856538" lon="14.560020">
				<ele>774.000000</ele>
			</trkpt>
			<trkpt lat="50.856560" lon="14.560091">
				<ele>774.000000</ele>
			</trkpt>
			<trkpt lat="50.856583" lon="14.560164">
				<ele>775.000000</ele>
			</trkpt>
			<trkpt lat="50.856628" lon="14.560235">
				<ele>775.000000</ele>
			</trkpt>
			<trkpt lat="50.856697" lon="14.560317">
				<ele>775.000000</ele>
			</trkpt>
			<trkpt lat="50.856697" lon="14.560317">
				<ele>775.000000</ele>
			</trkpt>
			<trkpt lat="50.856628" lon="14.560235">
				<ele>775.000000</ele>
			</trkpt>
			<trkpt lat="50.856583" lon="14.560164">
				<ele>775.000000</ele>
			</trkpt>
			<trkpt lat="50.856560" lon="14.560091">
				<ele>774.000000</ele>
			</trkpt>
			<trkpt lat="50.856538" lon="14.560020">
				<ele>774.000000</ele>
			</trkpt>
			<trkpt lat="50.856532" lon="14.559957">
				<ele>774.000000</ele>
			</trkpt>
			<trkpt lat="50.856458" lon="14.559741">
				<ele>773.000000</ele>
			</trkpt>
			<trkpt lat="50.856305" lon="14.559301">
				<ele>771.000000</ele>
			</trkpt>
			<trkpt lat="50.856277" lon="14.559185">
				<ele>771.000000</ele>
			</trkpt>
			<trkpt lat="50.856265" lon="14.559076">
				<ele>771.000000</ele>
			</trkpt>
			<trkpt lat="50.856277" lon="14.558959">
				<ele>770.000000</ele>
			</trkpt>
			<trkpt lat="50.856311" lon="14.558862">
				<ele>770.000000</ele>
			</trkpt>
			<trkpt lat="50.856407" lon="14.558646">
				<ele>765.000000</ele>
			</trkpt>
			<trkpt lat="50.856424" lon="14.558592">
				<ele>765.000000</ele>
			</trkpt>
			<trkpt lat="50.856436" lon="14.558520">
				<ele>764.000000</ele>
			</trkpt>
			<trkpt lat="50.856424" lon="14.558475">
				<ele>763.000000</ele>
			</trkpt>
			<trkpt lat="50.856407" lon="14.558430">
				<ele>763.000000</ele>
			</trkpt>
			<trkpt lat="50.856362" lon="14.558349">
				<ele>762.000000</ele>
			</trkpt>
			<trkpt lat="50.856311" lon="14.558304">
				<ele>761.000000</ele>
			</trkpt>
			<trkpt lat="50.856129" lon="14.558196">
				<ele>756.000000</ele>
			</trkpt>
			<trkpt lat="50.856090" lon="14.558151">
				<ele>755.000000</ele>
			</trkpt>
			<trkpt lat="50.856067" lon="14.558107">
				<ele>754.000000</ele>
			</trkpt>
			<trkpt lat="50.856056" lon="14.558070">
				<ele>754.000000</ele>
			</trkpt>
			<trkpt lat="50.856067" lon="14.557999">
				<ele>753.000000</ele>
			</trkpt>
			<trkpt lat="50.856090" lon="14.557909">
				<ele>752.000000</ele>
			</trkpt>
			<trkpt lat="50.856152" lon="14.557801">
				<ele>750.000000</ele>
			</trkpt>
			<trkpt lat="50.856192" lon="14.557730">
				<ele>749.000000</ele>
			</trkpt>
			<trkpt lat="50.856192" lon="14.557693">
				<ele>748.000000</ele>
			</trkpt>
			<trkpt lat="50.856192" lon="14.557640">
				<ele>748.000000</ele>
			</trkpt>
			<trkpt lat="50.856164" lon="14.557585">
				<ele>746.000000</ele>
			</trkpt>
			<trkpt lat="50.856123" lon="14.557558">
				<ele>745.000000</ele>
			</trkpt>
			<trkpt lat="50.856078" lon="14.557541">
				<ele>745.000000</ele>
			</trkpt>
			<trkpt lat="50.856010" lon="14.557541">
				<ele>744.000000</ele>
			</trkpt>
			<trkpt lat="50.855903" lon="14.557567">
				<ele>742.000000</ele>
			</trkpt>
			<trkpt lat="50.855647" lon="14.557684">
				<ele>739.000000</ele>
			</trkpt>
			<trkpt lat="50.855817" lon="14.557199">
				<ele>733.000000</ele>
			</trkpt>
			<trkpt lat="50.855897" lon="14.557019">
				<ele>731.000000</ele>
			</trkpt>
			<trkpt lat="50.855942" lon="14.556921">
				<ele>729.000000</ele>
			</trkpt>
			<trkpt lat="50.855999" lon="14.556849">
				<ele>729.000000</ele>
			</trkpt>
			<trkpt lat="50.856067" lon="14.556759">
				<ele>727.000000</ele>
			</trkpt>
			<trkpt lat="50.856152" lon="14.556688">
				<ele>726.000000</ele>
			</trkpt>
			<trkpt lat="50.856328" lon="14.556535">
				<ele>725.000000</ele>
			</trkpt>
			<trkpt lat="50.856436" lon="14.556462">
				<ele>724.000000</ele>
			</trkpt>
			<trkpt lat="50.856560" lon="14.556426">
				<ele>724.000000</ele>
			</trkpt>
			<trkpt lat="50.856623" lon="14.556418">
				<ele>724.000000</ele>
			</trkpt>
			<trkpt lat="50.856697" lon="14.556426">
				<ele>723.000000</ele>
			</trkpt>
			<trkpt lat="50.856804" lon="14.556472">
				<ele>723.000000</ele>
			</trkpt>
			<trkpt lat="50.856951" lon="14.556579">
				<ele>722.000000</ele>
			</trkpt>
			<trkpt lat="50.857240" lon="14.556849">
				<ele>721.000000</ele>
			</trkpt>
			<trkpt lat="50.857439" lon="14.557074">
				<ele>720.000000</ele>
			</trkpt>
			<trkpt lat="50.857626" lon="14.557325">
				<ele>721.000000</ele>
			</trkpt>
			<trkpt lat="50.857842" lon="14.557693">
				<ele>721.000000</ele>
			</trkpt>
			<trkpt lat="50.858085" lon="14.558107">
				<ele>722.000000</ele>
			</trkpt>
			<trkpt lat="50.858188" lon="14.558304">
				<ele>723.000000</ele>
			</trkpt>
			<trkpt lat="50.858267" lon="14.558520">
				<ele>723.000000</ele>
			</trkpt>
			<trkpt lat="50.858307" lon="14.558646">
				<ele>723.000000</ele>
			</trkpt>
			<trkpt lat="50.858335" lon="14.558789">
				<ele>724.000000</ele>
			</trkpt>
			<trkpt lat="50.858364" lon="14.558986">
				<ele>724.000000</ele>
			</trkpt>
			<trkpt lat="50.858380" lon="14.559166">
				<ele>724.000000</ele>
			</trkpt>
			<trkpt lat="50.858403" lon="14.559904">
				<ele>725.000000</ele>
			</trkpt>
			<trkpt lat="50.858409" lon="14.560118">
				<ele>725.000000</ele>
			</trkpt>
			<trkpt lat="50.858409" lon="14.560317">
				<ele>723.000000</ele>
			</trkpt>
			<trkpt lat="50.858403" lon="14.560504">
				<ele>722.000000</ele>
			</trkpt>
			<trkpt lat="50.858386" lon="14.560676">
				<ele>721.000000</ele>
			</trkpt>
			<trkpt lat="50.858358" lon="14.560873">
				<ele>719.000000</ele>
			</trkpt>
			<trkpt lat="50.858324" lon="14.561062">
				<ele>717.000000</ele>
			</trkpt>
			<trkpt lat="50.858273" lon="14.561286">
				<ele>715.000000</ele>
			</trkpt>
			<trkpt lat="50.858199" lon="14.561546">
				<ele>712.000000</ele>
			</trkpt>
			<trkpt lat="50.858154" lon="14.561718">
				<ele>711.000000</ele>
			</trkpt>
			<trkpt lat="50.858137" lon="14.561898">
				<ele>708.000000</ele>
			</trkpt>
			<trkpt lat="50.858120" lon="14.562068">
				<ele>706.000000</ele>
			</trkpt>
			<trkpt lat="50.858114" lon="14.562409">
				<ele>701.000000</ele>
			</trkpt>
			<trkpt lat="50.858358" lon="14.562877">
				<ele>688.000000</ele>
			</trkpt>
			<trkpt lat="50.858415" lon="14.562957">
				<ele>686.000000</ele>
			</trkpt>
			<trkpt lat="50.858466" lon="14.563030">
				<ele>684.000000</ele>
			</trkpt>
			<trkpt lat="50.858556" lon="14.563101">
				<ele>682.000000</ele>
			</trkpt>
			<trkpt lat="50.858675" lon="14.563154">
				<ele>679.000000</ele>
			</trkpt>
			<trkpt lat="50.858897" lon="14.563254">
				<ele>674.000000</ele>
			</trkpt>
			<trkpt lat="50.859151" lon="14.563370">
				<ele>668.000000</ele>
			</trkpt>
			<trkpt lat="50.859231" lon="14.563397">
				<ele>666.000000</ele>
			</trkpt>
			<trkpt lat="50.859412" lon="14.563407">
				<ele>662.000000</ele>
			</trkpt>
			<trkpt lat="50.859504" lon="14.563460">
				<ele>659.000000</ele>
			</trkpt>
			<trkpt lat="50.859611" lon="14.563550">
				<ele>656.000000</ele>
			</trkpt>
			<trkpt lat="50.859707" lon="14.563649">
				<ele>653.000000</ele>
			</trkpt>
			<trkpt lat="50.859945" lon="14.563955">
				<ele>646.000000</ele>
			</trkpt>
			<trkpt lat="50.860053" lon="14.564099">
				<ele>642.000000</ele>
			</trkpt>
			<trkpt lat="50.860110" lon="14.564170">
				<ele>641.000000</ele>
			</trkpt>
			<trkpt lat="50.860155" lon="14.564242">
				<ele>639.000000</ele>
			</trkpt>
			<trkpt lat="50.860337" lon="14.564592">
				<ele>633.000000</ele>
			</trkpt>
			<trkpt lat="50.860462" lon="14.564791">
				<ele>631.000000</ele>
			</trkpt>
			<trkpt lat="50.860768" lon="14.565230">
				<ele>624.000000</ele>
			</trkpt>
			<trkpt lat="50.860859" lon="14.565383">
				<ele>621.000000</ele>
			</trkpt>
			<trkpt lat="50.860938" lon="14.565535">
				<ele>620.000000</ele>
			</trkpt>
			<trkpt lat="50.861171" lon="14.565293">
				<ele>618.000000</ele>
			</trkpt>
			<trkpt lat="50.861397" lon="14.565032">
				<ele>616.000000</ele>
			</trkpt>
			<trkpt lat="50.861460" lon="14.564952">
				<ele>616.000000</ele>
			</trkpt>
			<trkpt lat="50.861533" lon="14.564825">
				<ele>615.000000</ele>
			</trkpt>
			<trkpt lat="50.861573" lon="14.564709">
				<ele>615.000000</ele>
			</trkpt>
			<trkpt lat="50.861612" lon="14.564611">
				<ele>614.000000</ele>
			</trkpt>
			<trkpt lat="50.861635" lon="14.564493">
				<ele>614.000000</ele>
			</trkpt>
			<trkpt lat="50.861663" lon="14.564349">
				<ele>613.000000</ele>
			</trkpt>
			<trkpt lat="50.861726" lon="14.563963">
				<ele>612.000000</ele>
			</trkpt>
			<trkpt lat="50.861817" lon="14.563541">
				<ele>611.000000</ele>
			</trkpt>
			<trkpt lat="50.861913" lon="14.563110">
				<ele>609.000000</ele>
			</trkpt>
			<trkpt lat="50.862015" lon="14.562670">
				<ele>607.000000</ele>
			</trkpt>
			<trkpt lat="50.862078" lon="14.562328">
				<ele>606.000000</ele>
			</trkpt>
			<trkpt lat="50.862185" lon="14.561871">
				<ele>604.000000</ele>
			</trkpt>
			<trkpt lat="50.862214" lon="14.561745">
				<ele>603.000000</ele>
			</trkpt>
			<trkpt lat="50.862236" lon="14.561475">
				<ele>602.000000</ele>
			</trkpt>
			<trkpt lat="50.862310" lon="14.561349">
				<ele>601.000000</ele>
			</trkpt>
			<trkpt lat="50.862361" lon="14.561179">
				<ele>600.000000</ele>
			</trkpt>
			<trkpt lat="50.862503" lon="14.560774">
				<ele>596.000000</ele>
			</trkpt>
			<trkpt lat="50.862639" lon="14.560820">
				<ele>594.000000</ele>
			</trkpt>
			<trkpt lat="50.862746" lon="14.560864">
				<ele>592.000000</ele>
			</trkpt>
			<trkpt lat="50.862866" lon="14.560946">
				<ele>590.000000</ele>
			</trkpt>
			<trkpt lat="50.862962" lon="14.561017">
				<ele>589.000000</ele>
			</trkpt>
			<trkpt lat="50.863053" lon="14.561116">
				<ele>588.000000</ele>
			</trkpt>
			<trkpt lat="50.863155" lon="14.561223">
				<ele>587.000000</ele>
			</trkpt>
			<trkpt lat="50.863246" lon="14.561367">
				<ele>586.000000</ele>
			</trkpt>
			<trkpt lat="50.863365" lon="14.561565">
				<ele>584.000000</ele>
			</trkpt>
			<trkpt lat="50.863489" lon="14.561762">
				<ele>583.000000</ele>
			</trkpt>
			<trkpt lat="50.863631" lon="14.561988">
				<ele>581.000000</ele>
			</trkpt>
			<trkpt lat="50.863705" lon="14.562086">
				<ele>581.000000</ele>
			</trkpt>
			<trkpt lat="50.863750" lon="14.562141">
				<ele>580.000000</ele>
			</trkpt>
			<trkpt lat="50.863807" lon="14.562175">
				<ele>580.000000</ele>
			</trkpt>
			<trkpt lat="50.863858" lon="14.562175">
				<ele>579.000000</ele>
			</trkpt>
			<trkpt lat="50.863858" lon="14.561942">
				<ele>578.000000</ele>
			</trkpt>
			<trkpt lat="50.863841" lon="14.561772">
				<ele>577.000000</ele>
			</trkpt>
			<trkpt lat="50.863841" lon="14.561673">
				<ele>577.000000</ele>
			</trkpt>
			<trkpt lat="50.863858" lon="14.561575">
				<ele>577.000000</ele>
			</trkpt>
			<trkpt lat="50.863886" lon="14.561475">
				<ele>576.000000</ele>
			</trkpt>
			<trkpt lat="50.863937" lon="14.561286">
				<ele>575.000000</ele>
			</trkpt>
			<trkpt lat="50.863971" lon="14.561035">
				<ele>574.000000</ele>
			</trkpt>
			<trkpt lat="50.863983" lon="14.560909">
				<ele>573.000000</ele>
			</trkpt>
			<trkpt lat="50.864006" lon="14.560820">
				<ele>572.000000</ele>
			</trkpt>
			<trkpt lat="50.864108" lon="14.560604">
				<ele>571.000000</ele>
			</trkpt>
			<trkpt lat="50.864249" lon="14.560263">
				<ele>567.000000</ele>
			</trkpt>
			<trkpt lat="50.864521" lon="14.559535">
				<ele>558.000000</ele>
			</trkpt>
			<trkpt lat="50.864686" lon="14.559122">
				<ele>552.000000</ele>
			</trkpt>
			<trkpt lat="50.864799" lon="14.558870">
				<ele>549.000000</ele>
			</trkpt>
			<trkpt lat="50.864924" lon="14.558609">
				<ele>548.000000</ele>
			</trkpt>
			<trkpt lat="50.865077" lon="14.558367">
				<ele>546.000000</ele>
			</trkpt>
			<trkpt lat="50.865140" lon="14.558241">
				<ele>545.000000</ele>
			</trkpt>
			<trkpt lat="50.865184" lon="14.558107">
				<ele>544.000000</ele>
			</trkpt>
			<trkpt lat="50.865309" lon="14.557693">
				<ele>542.000000</ele>
			</trkpt>
			<trkpt lat="50.865451" lon="14.557227">
				<ele>540.000000</ele>
			</trkpt>
			<trkpt lat="50.865559" lon="14.556929">
				<ele>540.000000</ele>
			</trkpt>
			<trkpt lat="50.865621" lon="14.556786">
				<ele>540.000000</ele>
			</trkpt>
			<trkpt lat="50.865689" lon="14.556651">
				<ele>540.000000</ele>
			</trkpt>
			<trkpt lat="50.865854" lon="14.556382">
				<ele>540.000000</ele>
			</trkpt>
			<trkpt lat="50.865190" lon="14.555321">
				<ele>540.000000</ele>
			</trkpt>
			<trkpt lat="50.864890" lon="14.554845">
				<ele>540.000000</ele>
			</trkpt>
			<trkpt lat="50.864975" lon="14.554783">
				<ele>540.000000</ele>
			</trkpt>
			<trkpt lat="50.865020" lon="14.554728">
				<ele>540.000000</ele>
			</trkpt>
			<trkpt lat="50.865054" lon="14.554675">
				<ele>540.000000</ele>
			</trkpt>
			<trkpt lat="50.865071" lon="14.554604">
				<ele>540.000000</ele>
			</trkpt>
			<trkpt lat="50.865089" lon="14.554334">
				<ele>538.000000</ele>
			</trkpt>
			<trkpt lat="50.865094" lon="14.554145">
				<ele>537.000000</ele>
			</trkpt>
			<trkpt lat="50.865089" lon="14.553965">
				<ele>537.000000</ele>
			</trkpt>
			<trkpt lat="50.865048" lon="14.553759">
				<ele>535.000000</ele>
			</trkpt>
			<trkpt lat="50.865032" lon="14.553651">
				<ele>535.000000</ele>
			</trkpt>
			<trkpt lat="50.865032" lon="14.553552">
				<ele>534.000000</ele>
			</trkpt>
			<trkpt lat="50.865048" lon="14.553453">
				<ele>534.000000</ele>
			</trkpt>
			<trkpt lat="50.865077" lon="14.553336">
				<ele>533.000000</ele>
			</trkpt>
			<trkpt lat="50.865207" lon="14.552896">
				<ele>530.000000</ele>
			</trkpt>
			<trkpt lat="50.865298" lon="14.552554">
				<ele>528.000000</ele>
			</trkpt>
			<trkpt lat="50.865360" lon="14.552195">
				<ele>525.000000</ele>
			</trkpt>
			<trkpt lat="50.865411" lon="14.551728">
				<ele>522.000000</ele>
			</trkpt>
			<trkpt lat="50.865429" lon="14.551612">
				<ele>521.000000</ele>
			</trkpt>
			<trkpt lat="50.865457" lon="14.551495">
				<ele>520.000000</ele>
			</trkpt>
			<trkpt lat="50.865491" lon="14.551396">
				<ele>520.000000</ele>
			</trkpt>
			<trkpt lat="50.865542" lon="14.551271">
				<ele>519.000000</ele>
			</trkpt>
			<trkpt lat="50.866131" lon="14.549869">
				<ele>508.000000</ele>
			</trkpt>
			<trkpt lat="50.866330" lon="14.549375">
				<ele>505.000000</ele>
			</trkpt>
			<trkpt lat="50.866534" lon="14.548845">
				<ele>503.000000</ele>
			</trkpt>
			<trkpt lat="50.866693" lon="14.548522">
				<ele>501.000000</ele>
			</trkpt>
			<trkpt lat="50.866755" lon="14.548386">
				<ele>501.000000</ele>
			</trkpt>
			<trkpt lat="50.866817" lon="14.548235">
				<ele>500.000000</ele>
			</trkpt>
			<trkpt lat="50.866851" lon="14.548063">
				<ele>499.000000</ele>
			</trkpt>
			<trkpt lat="50.866953" lon="14.547677">
				<ele>497.000000</ele>
			</trkpt>
			<trkpt lat="50.867140" lon="14.547120">
				<ele>493.000000</ele>
			</trkpt>
			<trkpt lat="50.867254" lon="14.546797">
				<ele>491.000000</ele>
			</trkpt>
			<trkpt lat="50.867288" lon="14.546653">
				<ele>490.000000</ele>
			</trkpt>
			<trkpt lat="50.867316" lon="14.546509">
				<ele>489.000000</ele>
			</trkpt>
			<trkpt lat="50.867322" lon="14.546338">
				<ele>488.000000</ele>
			</trkpt>
			<trkpt lat="50.867334" lon="14.546212">
				<ele>488.000000</ele>
			</trkpt>
			<trkpt lat="50.867339" lon="14.546096">
				<ele>487.000000</ele>
			</trkpt>
			<trkpt lat="50.867367" lon="14.545979">
				<ele>486.000000</ele>
			</trkpt>
			<trkpt lat="50.867419" lon="14.545799">
				<ele>485.000000</ele>
			</trkpt>
			<trkpt lat="50.867759" lon="14.544569">
				<ele>479.000000</ele>
			</trkpt>
			<trkpt lat="50.867804" lon="14.544417">
				<ele>478.000000</ele>
			</trkpt>
			<trkpt lat="50.867821" lon="14.544300">
				<ele>478.000000</ele>
			</trkpt>
			<trkpt lat="50.867826" lon="14.544183">
				<ele>477.000000</ele>
			</trkpt>
			<trkpt lat="50.867826" lon="14.544048">
				<ele>477.000000</ele>
			</trkpt>
			<trkpt lat="50.867810" lon="14.543977">
				<ele>477.000000</ele>
			</trkpt>
			<trkpt lat="50.867781" lon="14.543931">
				<ele>476.000000</ele>
			</trkpt>
			<trkpt lat="50.867731" lon="14.543904">
				<ele>476.000000</ele>
			</trkpt>
			<trkpt lat="50.867657" lon="14.543887">
				<ele>475.000000</ele>
			</trkpt>
			<trkpt lat="50.867554" lon="14.543859">
				<ele>475.000000</ele>
			</trkpt>
			<trkpt lat="50.867470" lon="14.543805">
				<ele>475.000000</ele>
			</trkpt>
			<trkpt lat="50.867378" lon="14.543725">
				<ele>475.000000</ele>
			</trkpt>
			<trkpt lat="50.867226" lon="14.543554">
				<ele>475.000000</ele>
			</trkpt>
			<trkpt lat="50.866988" lon="14.543285">
				<ele>475.000000</ele>
			</trkpt>
			<trkpt lat="50.866733" lon="14.542979">
				<ele>476.000000</ele>
			</trkpt>
			<trkpt lat="50.866511" lon="14.542682">
				<ele>476.000000</ele>
			</trkpt>
			<trkpt lat="50.866302" lon="14.542386">
				<ele>477.000000</ele>
			</trkpt>
			<trkpt lat="50.866103" lon="14.542071">
				<ele>477.000000</ele>
			</trkpt>
			<trkpt lat="50.865905" lon="14.541748">
				<ele>478.000000</ele>
			</trkpt>
			<trkpt lat="50.865332" lon="14.540742">
				<ele>479.000000</ele>
			</trkpt>
			<trkpt lat="50.865270" lon="14.540635">
				<ele>479.000000</ele>
			</trkpt>
			<trkpt lat="50.865151" lon="14.540373">
				<ele>479.000000</ele>
			</trkpt>
			<trkpt lat="50.865060" lon="14.540105">
				<ele>480.000000</ele>
			</trkpt>
			<trkpt lat="50.864986" lon="14.539807">
				<ele>480.000000</ele>
			</trkpt>
			<trkpt lat="50.864912" lon="14.539359">
				<ele>481.000000</ele>
			</trkpt>
			<trkpt lat="50.864884" lon="14.539170">
				<ele>482.000000</ele>
			</trkpt>
			<trkpt lat="50.864879" lon="14.539000">
				<ele>482.000000</ele>
			</trkpt>
			<trkpt lat="50.864867" lon="14.538847">
				<ele>482.000000</ele>
			</trkpt>
			<trkpt lat="50.864873" lon="14.538658">
				<ele>483.000000</ele>
			</trkpt>
			<trkpt lat="50.864901" lon="14.538335">
				<ele>484.000000</ele>
			</trkpt>
			<trkpt lat="50.864986" lon="14.537706">
				<ele>486.000000</ele>
			</trkpt>
			<trkpt lat="50.865003" lon="14.537606">
				<ele>486.000000</ele>
			</trkpt>
			<trkpt lat="50.865060" lon="14.537392">
				<ele>487.000000</ele>
			</trkpt>
			<trkpt lat="50.865077" lon="14.537266">
				<ele>487.000000</ele>
			</trkpt>
			<trkpt lat="50.865083" lon="14.537140">
				<ele>488.000000</ele>
			</trkpt>
			<trkpt lat="50.865099" lon="14.537040">
				<ele>488.000000</ele>
			</trkpt>
			<trkpt lat="50.865190" lon="14.536736">
				<ele>489.000000</ele>
			</trkpt>
			<trkpt lat="50.865224" lon="14.536591">
				<ele>489.000000</ele>
			</trkpt>
			<trkpt lat="50.865241" lon="14.536440">
				<ele>490.000000</ele>
			</trkpt>
			<trkpt lat="50.865253" lon="14.536295">
				<ele>490.000000</ele>
			</trkpt>
			<trkpt lat="50.865241" lon="14.536098">
				<ele>490.000000</ele>
			</trkpt>
			<trkpt lat="50.865258" lon="14.535837">
				<ele>490.000000</ele>
			</trkpt>
			<trkpt lat="50.865304" lon="14.535639">
				<ele>490.000000</ele>
			</trkpt>
			<trkpt lat="50.865366" lon="14.535459">
				<ele>490.000000</ele>
			</trkpt>
			<trkpt lat="50.865463" lon="14.535226">
				<ele>490.000000</ele>
			</trkpt>
			<trkpt lat="50.865542" lon="14.535101">
				<ele>490.000000</ele>
			</trkpt>
			<trkpt lat="50.865627" lon="14.535002">
				<ele>490.000000</ele>
			</trkpt>
			<trkpt lat="50.865712" lon="14.534930">
				<ele>490.000000</ele>
			</trkpt>
			<trkpt lat="50.865865" lon="14.534822">
				<ele>490.000000</ele>
			</trkpt>
			<trkpt lat="50.866324" lon="14.534535">
				<ele>486.000000</ele>
			</trkpt>
			<trkpt lat="50.866523" lon="14.534390">
				<ele>484.000000</ele>
			</trkpt>
			<trkpt lat="50.866676" lon="14.534266">
				<ele>482.000000</ele>
			</trkpt>
			<trkpt lat="50.866835" lon="14.534130">
				<ele>480.000000</ele>
			</trkpt>
			<trkpt lat="50.866999" lon="14.533977">
				<ele>477.000000</ele>
			</trkpt>
			<trkpt lat="50.867345" lon="14.533591">
				<ele>472.000000</ele>
			</trkpt>
			<trkpt lat="50.867588" lon="14.533331">
				<ele>470.000000</ele>
			</trkpt>
			<trkpt lat="50.867957" lon="14.532998">
				<ele>467.000000</ele>
			</trkpt>
			<trkpt lat="50.867810" lon="14.532918">
				<ele>468.000000</ele>
			</trkpt>
			<trkpt lat="50.867657" lon="14.532792">
				<ele>469.000000</ele>
			</trkpt>
			<trkpt lat="50.867549" lon="14.532666">
				<ele>469.000000</ele>
			</trkpt>
			<trkpt lat="50.867458" lon="14.532522">
				<ele>470.000000</ele>
			</trkpt>
			<trkpt lat="50.867367" lon="14.532325">
				<ele>470.000000</ele>
			</trkpt>
			<trkpt lat="50.867220" lon="14.531956">
				<ele>471.000000</ele>
			</trkpt>
			<trkpt lat="50.867140" lon="14.531706">
				<ele>471.000000</ele>
			</trkpt>
			<trkpt lat="50.867084" lon="14.531400">
				<ele>472.000000</ele>
			</trkpt>
			<trkpt lat="50.867050" lon="14.531067">
				<ele>472.000000</ele>
			</trkpt>
			<trkpt lat="50.866937" lon="14.529683">
				<ele>474.000000</ele>
			</trkpt>
			<trkpt lat="50.866925" lon="14.529469">
				<ele>475.000000</ele>
			</trkpt>
			<trkpt lat="50.866948" lon="14.529270">
				<ele>475.000000</ele>
			</trkpt>
			<trkpt lat="50.866976" lon="14.529117">
				<ele>476.000000</ele>
			</trkpt>
			<trkpt lat="50.867033" lon="14.528974">
				<ele>478.000000</ele>
			</trkpt>
			<trkpt lat="50.867027" lon="14.528929">
				<ele>478.000000</ele>
			</trkpt>
			<trkpt lat="50.867027" lon="14.528893">
				<ele>478.000000</ele>
			</trkpt>
			<trkpt lat="50.867022" lon="14.528849">
				<ele>479.000000</ele>
			</trkpt>
			<trkpt lat="50.866993" lon="14.528821">
				<ele>479.000000</ele>
			</trkpt>
			<trkpt lat="50.866931" lon="14.528803">
				<ele>480.000000</ele>
			</trkpt>
			<trkpt lat="50.866721" lon="14.528821">
				<ele>482.000000</ele>
			</trkpt>
			<trkpt lat="50.866642" lon="14.528803">
				<ele>483.000000</ele>
			</trkpt>
			<trkpt lat="50.866597" lon="14.528777">
				<ele>483.000000</ele>
			</trkpt>
			<trkpt lat="50.866562" lon="14.528740">
				<ele>484.000000</ele>
			</trkpt>
			<trkpt lat="50.866523" lon="14.528677">
				<ele>484.000000</ele>
			</trkpt>
			<trkpt lat="50.866500" lon="14.528606">
				<ele>485.000000</ele>
			</trkpt>
			<trkpt lat="50.866659" lon="14.528427">
				<ele>485.000000</ele>
			</trkpt>
			<trkpt lat="50.866891" lon="14.528165">
				<ele>485.000000</ele>
			</trkpt>
			<trkpt lat="50.867617" lon="14.527429">
				<ele>487.000000</ele>
			</trkpt>
			<trkpt lat="50.867209" lon="14.526585">
				<ele>490.000000</ele>
			</trkpt>
			<trkpt lat="50.866953" lon="14.526090">
				<ele>490.000000</ele>
			</trkpt>
			<trkpt lat="50.866902" lon="14.525974">
				<ele>490.000000</ele>
			</trkpt>
			<trkpt lat="50.866857" lon="14.525848">
				<ele>490.000000</ele>
			</trkpt>
			<trkpt lat="50.866817" lon="14.525740">
				<ele>490.000000</ele>
			</trkpt>
			<trkpt lat="50.866789" lon="14.525605">
				<ele>490.000000</ele>
			</trkpt>
			<trkpt lat="50.866772" lon="14.525480">
				<ele>490.000000</ele>
			</trkpt>
			<trkpt lat="50.866766" lon="14.525354">
				<ele>490.000000</ele>
			</trkpt>
			<trkpt lat="50.866761" lon="14.525201">
				<ele>490.000000</ele>
			</trkpt>
			<trkpt lat="50.866761" lon="14.525031">
				<ele>490.000000</ele>
			</trkpt>
			<trkpt lat="50.866778" lon="14.524869">
				<ele>490.000000</ele>
			</trkpt>
			<trkpt lat="50.866795" lon="14.524743">
				<ele>490.000000</ele>
			</trkpt>
			<trkpt lat="50.866823" lon="14.524618">
				<ele>490.000000</ele>
			</trkpt>
			<trkpt lat="50.866857" lon="14.524501">
				<ele>490.000000</ele>
			</trkpt>
			<trkpt lat="50.866902" lon="14.524402">
				<ele>490.000000</ele>
			</trkpt>
			<trkpt lat="50.866965" lon="14.524266">
				<ele>490.000000</ele>
			</trkpt>
			<trkpt lat="50.867045" lon="14.524159">
				<ele>490.000000</ele>
			</trkpt>
			<trkpt lat="50.867135" lon="14.524042">
				<ele>490.000000</ele>
			</trkpt>
			<trkpt lat="50.867299" lon="14.523845">
				<ele>490.000000</ele>
			</trkpt>
			<trkpt lat="50.867407" lon="14.523683">
				<ele>490.000000</ele>
			</trkpt>
			<trkpt lat="50.867503" lon="14.523530">
				<ele>490.000000</ele>
			</trkpt>
			<trkpt lat="50.867594" lon="14.523360">
				<ele>490.000000</ele>
			</trkpt>
			<trkpt lat="50.867736" lon="14.523010">
				<ele>490.000000</ele>
			</trkpt>
			<trkpt lat="50.867849" lon="14.522685">
				<ele>490.000000</ele>
			</trkpt>
			<trkpt lat="50.867969" lon="14.522371">
				<ele>490.000000</ele>
			</trkpt>
			<trkpt lat="50.868410" lon="14.521383">
				<ele>490.000000</ele>
			</trkpt>
			<trkpt lat="50.868428" lon="14.521329">
				<ele>490.000000</ele>
			</trkpt>
			<trkpt lat="50.868445" lon="14.521276">
				<ele>490.000000</ele>
			</trkpt>
			<trkpt lat="50.868445" lon="14.521213">
				<ele>490.000000</ele>
			</trkpt>
			<trkpt lat="50.868439" lon="14.521159">
				<ele>490.000000</ele>
			</trkpt>
			<trkpt lat="50.868399" lon="14.521033">
				<ele>489.000000</ele>
			</trkpt>
			<trkpt lat="50.868320" lon="14.520871">
				<ele>488.000000</ele>
			</trkpt>
			<trkpt lat="50.868195" lon="14.520691">
				<ele>487.000000</ele>
			</trkpt>
			<trkpt lat="50.868138" lon="14.520574">
				<ele>487.000000</ele>
			</trkpt>
			<trkpt lat="50.868105" lon="14.520476">
				<ele>486.000000</ele>
			</trkpt>
			<trkpt lat="50.868076" lon="14.520341">
				<ele>485.000000</ele>
			</trkpt>
			<trkpt lat="50.868053" lon="14.520134">
				<ele>485.000000</ele>
			</trkpt>
			<trkpt lat="50.868064" lon="14.519982">
				<ele>484.000000</ele>
			</trkpt>
			<trkpt lat="50.868082" lon="14.519811">
				<ele>483.000000</ele>
			</trkpt>
			<trkpt lat="50.868127" lon="14.519587">
				<ele>483.000000</ele>
			</trkpt>
			<trkpt lat="50.868161" lon="14.519425">
				<ele>482.000000</ele>
			</trkpt>
			<trkpt lat="50.868178" lon="14.519326">
				<ele>482.000000</ele>
			</trkpt>
			<trkpt lat="50.868178" lon="14.519245">
				<ele>481.000000</ele>
			</trkpt>
			<trkpt lat="50.868167" lon="14.519129">
				<ele>481.000000</ele>
			</trkpt>
			<trkpt lat="50.868138" lon="14.518805">
				<ele>480.000000</ele>
			</trkpt>
			<trkpt lat="50.868110" lon="14.518662">
				<ele>479.000000</ele>
			</trkpt>
			<trkpt lat="50.867912" lon="14.518096">
				<ele>477.000000</ele>
			</trkpt>
			<trkpt lat="50.867866" lon="14.517997">
				<ele>476.000000</ele>
			</trkpt>
			<trkpt lat="50.867810" lon="14.517924">
				<ele>476.000000</ele>
			</trkpt>
			<trkpt lat="50.867747" lon="14.517898">
				<ele>475.000000</ele>
			</trkpt>
			<trkpt lat="50.867572" lon="14.517817">
				<ele>474.000000</ele>
			</trkpt>
			<trkpt lat="50.867498" lon="14.517771">
				<ele>474.000000</ele>
			</trkpt>
			<trkpt lat="50.867419" lon="14.517700">
				<ele>473.000000</ele>
			</trkpt>
			<trkpt lat="50.867328" lon="14.517620">
				<ele>473.000000</ele>
			</trkpt>
			<trkpt lat="50.867260" lon="14.517530">
				<ele>472.000000</ele>
			</trkpt>
			<trkpt lat="50.867191" lon="14.517421">
				<ele>472.000000</ele>
			</trkpt>
			<trkpt lat="50.867135" lon="14.517324">
				<ele>471.000000</ele>
			</trkpt>
			<trkpt lat="50.867089" lon="14.517224">
				<ele>471.000000</ele>
			</trkpt>
			<trkpt lat="50.867061" lon="14.517108">
				<ele>471.000000</ele>
			</trkpt>
			<trkpt lat="50.866556" lon="14.516416">
				<ele>464.000000</ele>
			</trkpt>
			<trkpt lat="50.866454" lon="14.516290">
				<ele>463.000000</ele>
			</trkpt>
			<trkpt lat="50.866358" lon="14.516192">
				<ele>462.000000</ele>
			</trkpt>
			<trkpt lat="50.866239" lon="14.516092">
				<ele>460.000000</ele>
			</trkpt>
			<trkpt lat="50.866080" lon="14.515993">
				<ele>459.000000</ele>
			</trkpt>
			<trkpt lat="50.865888" lon="14.515886">
				<ele>458.000000</ele>
			</trkpt>
			<trkpt lat="50.865768" lon="14.515787">
				<ele>458.000000</ele>
			</trkpt>
			<trkpt lat="50.865689" lon="14.515697">
				<ele>457.000000</ele>
			</trkpt>
			<trkpt lat="50.865610" lon="14.515643">
				<ele>457.000000</ele>
			</trkpt>
			<trkpt lat="50.865530" lon="14.515607">
				<ele>456.000000</ele>
			</trkpt>
			<trkpt lat="50.865429" lon="14.515580">
				<ele>456.000000</ele>
			</trkpt>
			<trkpt lat="50.865332" lon="14.515580">
				<ele>455.000000</ele>
			</trkpt>
			<trkpt lat="50.865156" lon="14.515580">
				<ele>454.000000</ele>
			</trkpt>
			<trkpt lat="50.865071" lon="14.515553">
				<ele>454.000000</ele>
			</trkpt>
			<trkpt lat="50.864986" lon="14.515509">
				<ele>453.000000</ele>
			</trkpt>
			<trkpt lat="50.864907" lon="14.515437">
				<ele>453.000000</ele>
			</trkpt>
			<trkpt lat="50.864833" lon="14.515329">
				<ele>452.000000</ele>
			</trkpt>
			<trkpt lat="50.864544" lon="14.514735">
				<ele>450.000000</ele>
			</trkpt>
			<trkpt lat="50.864329" lon="14.514349">
				<ele>447.000000</ele>
			</trkpt>
			<trkpt lat="50.864090" lon="14.513981">
				<ele>444.000000</ele>
			</trkpt>
			<trkpt lat="50.863801" lon="14.513586">
				<ele>440.000000</ele>
			</trkpt>
			<trkpt lat="50.863711" lon="14.513479">
				<ele>439.000000</ele>
			</trkpt>
			<trkpt lat="50.863660" lon="14.513379">
				<ele>438.000000</ele>
			</trkpt>
			<trkpt lat="50.863614" lon="14.513280">
				<ele>438.000000</ele>
			</trkpt>
			<trkpt lat="50.863568" lon="14.513155">
				<ele>437.000000</ele>
			</trkpt>
			<trkpt lat="50.863501" lon="14.512921">
				<ele>436.000000</ele>
			</trkpt>
			<trkpt lat="50.863404" lon="14.512624">
				<ele>435.000000</ele>
			</trkpt>
			<trkpt lat="50.863291" lon="14.512347">
				<ele>434.000000</ele>
			</trkpt>
			<trkpt lat="50.863183" lon="14.512104">
				<ele>433.000000</ele>
			</trkpt>
			<trkpt lat="50.863058" lon="14.511879">
				<ele>431.000000</ele>
			</trkpt>
			<trkpt lat="50.862923" lon="14.511664">
				<ele>430.000000</ele>
			</trkpt>
			<trkpt lat="50.862775" lon="14.511458">
				<ele>428.000000</ele>
			</trkpt>
			<trkpt lat="50.862588" lon="14.511215">
				<ele>425.000000</ele>
			</trkpt>
			<trkpt lat="50.862344" lon="14.510918">
				<ele>421.000000</ele>
			</trkpt>
			<trkpt lat="50.862253" lon="14.510810">
				<ele>419.000000</ele>
			</trkpt>
			<trkpt lat="50.862145" lon="14.510649">
				<ele>417.000000</ele>
			</trkpt>
			<trkpt lat="50.862055" lon="14.510450">
				<ele>415.000000</ele>
			</trkpt>
			<trkpt lat="50.861488" lon="14.509112">
				<ele>405.000000</ele>
			</trkpt>
			<trkpt lat="50.861284" lon="14.508645">
				<ele>398.000000</ele>
			</trkpt>
			<trkpt lat="50.861057" lon="14.508160">
				<ele>393.000000</ele>
			</trkpt>
			<trkpt lat="50.860972" lon="14.508016">
				<ele>392.000000</ele>
			</trkpt>
			<trkpt lat="50.860881" lon="14.507936">
				<ele>390.000000</ele>
			</trkpt>
			<trkpt lat="50.860785" lon="14.507863">
				<ele>389.000000</ele>
			</trkpt>
			<trkpt lat="50.860615" lon="14.507783">
				<ele>387.000000</ele>
			</trkpt>
			<trkpt lat="50.860479" lon="14.507729">
				<ele>385.000000</ele>
			</trkpt>
			<trkpt lat="50.860405" lon="14.507676">
				<ele>385.000000</ele>
			</trkpt>
			<trkpt lat="50.860348" lon="14.507586">
				<ele>385.000000</ele>
			</trkpt>
			<trkpt lat="50.860331" lon="14.507513">
				<ele>385.000000</ele>
			</trkpt>
			<trkpt lat="50.860326" lon="14.507460">
				<ele>385.000000</ele>
			</trkpt>
			<trkpt lat="50.860240" lon="14.506965">
				<ele>385.000000</ele>
			</trkpt>
			<trkpt lat="50.860076" lon="14.506184">
				<ele>387.000000</ele>
			</trkpt>
			<trkpt lat="50.860036" lon="14.505986">
				<ele>388.000000</ele>
			</trkpt>
			<trkpt lat="50.859991" lon="14.505842">
				<ele>388.000000</ele>
			</trkpt>
			<trkpt lat="50.859940" lon="14.505699">
				<ele>389.000000</ele>
			</trkpt>
			<trkpt lat="50.859855" lon="14.505529">
				<ele>389.000000</ele>
			</trkpt>
			<trkpt lat="50.859821" lon="14.505492">
				<ele>390.000000</ele>
			</trkpt>
			<trkpt lat="50.859781" lon="14.505447">
				<ele>390.000000</ele>
			</trkpt>
			<trkpt lat="50.859747" lon="14.505420">
				<ele>390.000000</ele>
			</trkpt>
			<trkpt lat="50.859702" lon="14.505393">
				<ele>390.000000</ele>
			</trkpt>
			<trkpt lat="50.859611" lon="14.505393">
				<ele>390.000000</ele>
			</trkpt>
			<trkpt lat="50.859452" lon="14.505420">
				<ele>390.000000</ele>
			</trkpt>
			<trkpt lat="50.859373" lon="14.505447">
				<ele>390.000000</ele>
			</trkpt>
			<trkpt lat="50.859305" lon="14.505483">
				<ele>390.000000</ele>
			</trkpt>
			<trkpt lat="50.859243" lon="14.505519">
				<ele>390.000000</ele>
			</trkpt>
			<trkpt lat="50.859174" lon="14.505592">
				<ele>390.000000</ele>
			</trkpt>
			<trkpt lat="50.858834" lon="14.505942">
				<ele>390.000000</ele>
			</trkpt>
			<trkpt lat="50.858777" lon="14.505852">
				<ele>390.000000</ele>
			</trkpt>
			<trkpt lat="50.858726" lon="14.505771">
				<ele>390.000000</ele>
			</trkpt>
			<trkpt lat="50.858653" lon="14.505716">
				<ele>390.000000</ele>
			</trkpt>
			<trkpt lat="50.858573" lon="14.505663">
				<ele>388.000000</ele>
			</trkpt>
			<trkpt lat="50.858426" lon="14.505592">
				<ele>386.000000</ele>
			</trkpt>
			<trkpt lat="50.858193" lon="14.505510">
				<ele>384.000000</ele>
			</trkpt>
			<trkpt lat="50.858103" lon="14.505465">
				<ele>383.000000</ele>
			</trkpt>
			<trkpt lat="50.858001" lon="14.505366">
				<ele>382.000000</ele>
			</trkpt>
			<trkpt lat="50.857950" lon="14.505313">
				<ele>381.000000</ele>
			</trkpt>
			<trkpt lat="50.857910" lon="14.505250">
				<ele>381.000000</ele>
			</trkpt>
			<trkpt lat="50.857865" lon="14.504917">
				<ele>380.000000</ele>
			</trkpt>
			<trkpt lat="50.857847" lon="14.504657">
				<ele>380.000000</ele>
			</trkpt>
			<trkpt lat="50.857836" lon="14.504504">
				<ele>380.000000</ele>
			</trkpt>
			<trkpt lat="50.857819" lon="14.504370">
				<ele>380.000000</ele>
			</trkpt>
			<trkpt lat="50.857791" lon="14.504271">
				<ele>380.000000</ele>
			</trkpt>
			<trkpt lat="50.857757" lon="14.504190">
				<ele>380.000000</ele>
			</trkpt>
			<trkpt lat="50.857762" lon="14.504018">
				<ele>380.000000</ele>
			</trkpt>
			<trkpt lat="50.857762" lon="14.503848">
				<ele>380.000000</ele>
			</trkpt>
			<trkpt lat="50.857745" lon="14.503695">
				<ele>380.000000</ele>
			</trkpt>
			<trkpt lat="50.857706" lon="14.503561">
				<ele>380.000000</ele>
			</trkpt>
			<trkpt lat="50.857678" lon="14.503426">
				<ele>380.000000</ele>
			</trkpt>
			<trkpt lat="50.857643" lon="14.503112">
				<ele>380.000000</ele>
			</trkpt>
			<trkpt lat="50.857626" lon="14.502986">
				<ele>380.000000</ele>
			</trkpt>
			<trkpt lat="50.857773" lon="14.502896">
				<ele>378.000000</ele>
			</trkpt>
			<trkpt lat="50.857910" lon="14.502779">
				<ele>377.000000</ele>
			</trkpt>
			<trkpt lat="50.857967" lon="14.502699">
				<ele>376.000000</ele>
			</trkpt>
			<trkpt lat="50.858018" lon="14.502600">
				<ele>375.000000</ele>
			</trkpt>
			<trkpt lat="50.858063" lon="14.502456">
				<ele>375.000000</ele>
			</trkpt>
			<trkpt lat="50.858108" lon="14.502267">
				<ele>374.000000</ele>
			</trkpt>
			<trkpt lat="50.858216" lon="14.502240">
				<ele>374.000000</ele>
			</trkpt>
			<trkpt lat="50.858267" lon="14.502213">
				<ele>374.000000</ele>
			</trkpt>
			<trkpt lat="50.858324" lon="14.502169">
				<ele>374.000000</ele>
			</trkpt>
			<trkpt lat="50.858375" lon="14.502097">
				<ele>374.000000</ele>
			</trkpt>
			<trkpt lat="50.858454" lon="14.501961">
				<ele>375.000000</ele>
			</trkpt>
			<trkpt lat="50.858534" lon="14.501836">
				<ele>375.000000</ele>
			</trkpt>
			<trkpt lat="50.858607" lon="14.501755">
				<ele>375.000000</ele>
			</trkpt>
			<trkpt lat="50.858669" lon="14.501692">
				<ele>375.000000</ele>
			</trkpt>
			<trkpt lat="50.858726" lon="14.501674">
				<ele>375.000000</ele>
			</trkpt>
			<trkpt lat="50.858795" lon="14.501692">
				<ele>375.000000</ele>
			</trkpt>
			<trkpt lat="50.858879" lon="14.501720">
				<ele>375.000000</ele>
			</trkpt>
			<trkpt lat="50.858942" lon="14.501737">
				<ele>375.000000</ele>
			</trkpt>
			<trkpt lat="50.859010" lon="14.501728">
				<ele>375.000000</ele>
			</trkpt>
			<trkpt lat="50.859084" lon="14.501720">
				<ele>375.000000</ele>
			</trkpt>
			<trkpt lat="50.859118" lon="14.501701">
				<ele>376.000000</ele>
			</trkpt>
			<trkpt lat="50.859158" lon="14.501674">
				<ele>377.000000</ele>
			</trkpt>
			<trkpt lat="50.859202" lon="14.501584">
				<ele>379.000000</ele>
			</trkpt>
			<trkpt lat="50.859237" lon="14.501477">
				<ele>381.000000</ele>
			</trkpt>
			<trkpt lat="50.859243" lon="14.501334">
				<ele>383.000000</ele>
			</trkpt>
			<trkpt lat="50.859259" lon="14.500695">
				<ele>390.000000</ele>
			</trkpt>
			<trkpt lat="50.859288" lon="14.500525">
				<ele>391.000000</ele>
			</trkpt>
			<trkpt lat="50.859288" lon="14.500452">
				<ele>392.000000</ele>
			</trkpt>
			<trkpt lat="50.859288" lon="14.500381">
				<ele>393.000000</ele>
			</trkpt>
			<trkpt lat="50.859248" lon="14.500237">
				<ele>395.000000</ele>
			</trkpt>
			<trkpt lat="50.859169" lon="14.499986">
				<ele>397.000000</ele>
			</trkpt>
			<trkpt lat="50.859129" lon="14.499823">
				<ele>398.000000</ele>
			</trkpt>
			<trkpt lat="50.859101" lon="14.499689">
				<ele>399.000000</ele>
			</trkpt>
			<trkpt lat="50.859101" lon="14.499527">
				<ele>400.000000</ele>
			</trkpt>
			<trkpt lat="50.859101" lon="14.499311">
				<ele>403.000000</ele>
			</trkpt>
			<trkpt lat="50.859112" lon="14.499186">
				<ele>405.000000</ele>
			</trkpt>
			<trkpt lat="50.859129" lon="14.499078">
				<ele>406.000000</ele>
			</trkpt>
			<trkpt lat="50.859146" lon="14.498961">
				<ele>408.000000</ele>
			</trkpt>
			<trkpt lat="50.859180" lon="14.498844">
				<ele>410.000000</ele>
			</trkpt>
			<trkpt lat="50.859271" lon="14.498620">
				<ele>412.000000</ele>
			</trkpt>
			<trkpt lat="50.859497" lon="14.498045">
				<ele>416.000000</ele>
			</trkpt>
			<trkpt lat="50.859571" lon="14.497848">
				<ele>417.000000</ele>
			</trkpt>
			<trkpt lat="50.859617" lon="14.497659">
				<ele>417.000000</ele>
			</trkpt>
			<trkpt lat="50.859634" lon="14.497489">
				<ele>418.000000</ele>
			</trkpt>
			<trkpt lat="50.859634" lon="14.497309">
				<ele>418.000000</ele>
			</trkpt>
			<trkpt lat="50.859594" lon="14.496743">
				<ele>419.000000</ele>
			</trkpt>
			<trkpt lat="50.859583" lon="14.496536">
				<ele>420.000000</ele>
			</trkpt>
			<trkpt lat="50.859594" lon="14.496384">
				<ele>418.000000</ele>
			</trkpt>
			<trkpt lat="50.859611" lon="14.496240">
				<ele>417.000000</ele>
			</trkpt>
			<trkpt lat="50.859645" lon="14.496068">
				<ele>415.000000</ele>
			</trkpt>
			<trkpt lat="50.859736" lon="14.495701">
				<ele>412.000000</ele>
			</trkpt>
			<trkpt lat="50.859804" lon="14.495341">
				<ele>409.000000</ele>
			</trkpt>
			<trkpt lat="50.859996" lon="14.494317">
				<ele>399.000000</ele>
			</trkpt>
			<trkpt lat="50.860025" lon="14.494191">
				<ele>397.000000</ele>
			</trkpt>
			<trkpt lat="50.860076" lon="14.494101">
				<ele>396.000000</ele>
			</trkpt>
			<trkpt lat="50.860133" lon="14.494030">
				<ele>395.000000</ele>
			</trkpt>
			<trkpt lat="50.860263" lon="14.493904">
				<ele>394.000000</ele>
			</trkpt>
			<trkpt lat="50.860303" lon="14.493850">
				<ele>393.000000</ele>
			</trkpt>
			<trkpt lat="50.860326" lon="14.493787">
				<ele>393.000000</ele>
			</trkpt>
			<trkpt lat="50.860337" lon="14.493715">
				<ele>393.000000</ele>
			</trkpt>
			<trkpt lat="50.860354" lon="14.493581">
				<ele>392.000000</ele>
			</trkpt>
			<trkpt lat="50.860377" lon="14.493365">
				<ele>391.000000</ele>
			</trkpt>
			<trkpt lat="50.860399" lon="14.493221">
				<ele>390.000000</ele>
			</trkpt>
			<trkpt lat="50.860422" lon="14.493105">
				<ele>390.000000</ele>
			</trkpt>
			<trkpt lat="50.860456" lon="14.493005">
				<ele>389.000000</ele>
			</trkpt>
			<trkpt lat="50.860501" lon="14.492934">
				<ele>388.000000</ele>
			</trkpt>
			<trkpt lat="50.860547" lon="14.492879">
				<ele>387.000000</ele>
			</trkpt>
			<trkpt lat="50.860620" lon="14.492808">
				<ele>385.000000</ele>
			</trkpt>
			<trkpt lat="50.860711" lon="14.492745">
				<ele>385.000000</ele>
			</trkpt>
			<trkpt lat="50.860779" lon="14.492673">
				<ele>385.000000</ele>
			</trkpt>
			<trkpt lat="50.860841" lon="14.492602">
				<ele>384.000000</ele>
			</trkpt>
			<trkpt lat="50.860870" lon="14.492466">
				<ele>384.000000</ele>
			</trkpt>
			<trkpt lat="50.860943" lon="14.492252">
				<ele>384.000000</ele>
			</trkpt>
			<trkpt lat="50.861023" lon="14.492053">
				<ele>384.000000</ele>
			</trkpt>
			<trkpt lat="50.861164" lon="14.491775">
				<ele>383.000000</ele>
			</trkpt>
			<trkpt lat="50.861193" lon="14.491703">
				<ele>383.000000</ele>
			</trkpt>
			<trkpt lat="50.861210" lon="14.491649">
				<ele>383.000000</ele>
			</trkpt>
			<trkpt lat="50.861261" lon="14.491533">
				<ele>383.000000</ele>
			</trkpt>
			<trkpt lat="50.861318" lon="14.491407">
				<ele>382.000000</ele>
			</trkpt>
			<trkpt lat="50.861369" lon="14.491281">
				<ele>382.000000</ele>
			</trkpt>
			<trkpt lat="50.861403" lon="14.491137">
				<ele>382.000000</ele>
			</trkpt>
			<trkpt lat="50.861431" lon="14.490994">
				<ele>382.000000</ele>
			</trkpt>
			<trkpt lat="50.861437" lon="14.490850">
				<ele>381.000000</ele>
			</trkpt>
			<trkpt lat="50.861437" lon="14.490697">
				<ele>381.000000</ele>
			</trkpt>
			<trkpt lat="50.861425" lon="14.490554">
				<ele>381.000000</ele>
			</trkpt>
			<trkpt lat="50.861403" lon="14.490382">
				<ele>381.000000</ele>
			</trkpt>
			<trkpt lat="50.861363" lon="14.490185">
				<ele>380.000000</ele>
			</trkpt>
			<trkpt lat="50.861153" lon="14.489403">
				<ele>378.000000</ele>
			</trkpt>
			<trkpt lat="50.861142" lon="14.489332">
				<ele>378.000000</ele>
			</trkpt>
			<trkpt lat="50.861142" lon="14.489277">
				<ele>378.000000</ele>
			</trkpt>
			<trkpt lat="50.861153" lon="14.489223">
				<ele>377.000000</ele>
			</trkpt>
			<trkpt lat="50.861171" lon="14.489160">
				<ele>377.000000</ele>
			</trkpt>
			<trkpt lat="50.861244" lon="14.488918">
				<ele>376.000000</ele>
			</trkpt>
			<trkpt lat="50.861278" lon="14.488774">
				<ele>376.000000</ele>
			</trkpt>
			<trkpt lat="50.861284" lon="14.488640">
				<ele>375.000000</ele>
			</trkpt>
			<trkpt lat="50.861278" lon="14.488496">
				<ele>374.000000</ele>
			</trkpt>
			<trkpt lat="50.861227" lon="14.488370">
				<ele>373.000000</ele>
			</trkpt>
			<trkpt lat="50.861164" lon="14.488208">
				<ele>372.000000</ele>
			</trkpt>
			<trkpt lat="50.861102" lon="14.488083">
				<ele>371.000000</ele>
			</trkpt>
			<trkpt lat="50.860892" lon="14.487732">
				<ele>369.000000</ele>
			</trkpt>
			<trkpt lat="50.860859" lon="14.487642">
				<ele>368.000000</ele>
			</trkpt>
			<trkpt lat="50.860841" lon="14.487544">
				<ele>368.000000</ele>
			</trkpt>
			<trkpt lat="50.860847" lon="14.487436">
				<ele>368.000000</ele>
			</trkpt>
			<trkpt lat="50.860881" lon="14.487319">
				<ele>367.000000</ele>
			</trkpt>
			<trkpt lat="50.860943" lon="14.487131">
				<ele>367.000000</ele>
			</trkpt>
			<trkpt lat="50.861006" lon="14.487005">
				<ele>366.000000</ele>
			</trkpt>
			<trkpt lat="50.861068" lon="14.486879">
				<ele>366.000000</ele>
			</trkpt>
			<trkpt lat="50.861159" lon="14.486744">
				<ele>365.000000</ele>
			</trkpt>
			<trkpt lat="50.861618" lon="14.486070">
				<ele>362.000000</ele>
			</trkpt>
			<trkpt lat="50.862038" lon="14.485487">
				<ele>358.000000</ele>
			</trkpt>
			<trkpt lat="50.862162" lon="14.485289">
				<ele>356.000000</ele>
			</trkpt>
			<trkpt lat="50.862276" lon="14.485091">
				<ele>354.000000</ele>
			</trkpt>
			<trkpt lat="50.862542" lon="14.484589">
				<ele>350.000000</ele>
			</trkpt>
			<trkpt lat="50.862406" lon="14.484094">
				<ele>348.000000</ele>
			</trkpt>
			<trkpt lat="50.862259" lon="14.483636">
				<ele>346.000000</ele>
			</trkpt>
			<trkpt lat="50.862208" lon="14.483493">
				<ele>346.000000</ele>
			</trkpt>
			<trkpt lat="50.862145" lon="14.483394">
				<ele>346.000000</ele>
			</trkpt>
			<trkpt lat="50.862078" lon="14.483340">
				<ele>346.000000</ele>
			</trkpt>
			<trkpt lat="50.862015" lon="14.483331">
				<ele>346.000000</ele>
			</trkpt>
			<trkpt lat="50.861924" lon="14.483340">
				<ele>346.000000</ele>
			</trkpt>
			<trkpt lat="50.861601" lon="14.483474">
				<ele>347.000000</ele>
			</trkpt>
			<trkpt lat="50.861363" lon="14.483564">
				<ele>347.000000</ele>
			</trkpt>
			<trkpt lat="50.861261" lon="14.483591">
				<ele>347.000000</ele>
			</trkpt>
			<trkpt lat="50.861199" lon="14.483646">
				<ele>347.000000</ele>
			</trkpt>
			<trkpt lat="50.860853" lon="14.484094">
				<ele>348.000000</ele>
			</trkpt>
			<trkpt lat="50.860807" lon="14.484040">
				<ele>348.000000</ele>
			</trkpt>
			<trkpt lat="50.860705" lon="14.483977">
				<ele>348.000000</ele>
			</trkpt>
			<trkpt lat="50.860660" lon="14.483950">
				<ele>348.000000</ele>
			</trkpt>
			<trkpt lat="50.860536" lon="14.483887">
				<ele>349.000000</ele>
			</trkpt>
			<trkpt lat="50.860416" lon="14.483843">
				<ele>349.000000</ele>
			</trkpt>
			<trkpt lat="50.860286" lon="14.483833">
				<ele>349.000000</ele>
			</trkpt>
			<trkpt lat="50.860042" lon="14.483843">
				<ele>350.000000</ele>
			</trkpt>
			<trkpt lat="50.859940" lon="14.483833">
				<ele>350.000000</ele>
			</trkpt>
			<trkpt lat="50.859860" lon="14.483825">
				<ele>350.000000</ele>
			</trkpt>
			<trkpt lat="50.859617" lon="14.483707">
				<ele>353.000000</ele>
			</trkpt>
			<trkpt lat="50.859497" lon="14.483627">
				<ele>355.000000</ele>
			</trkpt>
			<trkpt lat="50.859089" lon="14.484202">
				<ele>355.000000</ele>
			</trkpt>
			<trkpt lat="50.858590" lon="14.484885">
				<ele>355.000000</ele>
			</trkpt>
			<trkpt lat="50.858295" lon="14.485289">
				<ele>355.000000</ele>
			</trkpt>
			<trkpt lat="50.858216" lon="14.485415">
				<ele>355.000000</ele>
			</trkpt>
			<trkpt lat="50.858126" lon="14.485604">
				<ele>356.000000</ele>
			</trkpt>
			<trkpt lat="50.858085" lon="14.485585">
				<ele>356.000000</ele>
			</trkpt>
			<trkpt lat="50.858052" lon="14.485585">
				<ele>356.000000</ele>
			</trkpt>
			<trkpt lat="50.858018" lon="14.485604">
				<ele>356.000000</ele>
			</trkpt>
			<trkpt lat="50.857961" lon="14.485648">
				<ele>357.000000</ele>
			</trkpt>
			<trkpt lat="50.857893" lon="14.485720">
				<ele>357.000000</ele>
			</trkpt>
			<trkpt lat="50.857847" lon="14.485791">
				<ele>357.000000</ele>
			</trkpt>
			<trkpt lat="50.857802" lon="14.485873">
				<ele>358.000000</ele>
			</trkpt>
			<trkpt lat="50.857740" lon="14.486044">
				<ele>359.000000</ele>
			</trkpt>
			<trkpt lat="50.857632" lon="14.486206">
				<ele>359.000000</ele>
			</trkpt>
			<trkpt lat="50.857496" lon="14.486160">
				<ele>360.000000</ele>
			</trkpt>
			<trkpt lat="50.857184" lon="14.486053">
				<ele>362.000000</ele>
			</trkpt>
			<trkpt lat="50.856792" lon="14.485873">
				<ele>364.000000</ele>
			</trkpt>
			<trkpt lat="50.856697" lon="14.485791">
				<ele>365.000000</ele>
			</trkpt>
			<trkpt lat="50.856611" lon="14.485702">
				<ele>365.000000</ele>
			</trkpt>
			<trkpt lat="50.856566" lon="14.485594">
				<ele>366.000000</ele>
			</trkpt>
			<trkpt lat="50.856543" lon="14.485451">
				<ele>366.000000</ele>
			</trkpt>
			<trkpt lat="50.856487" lon="14.484992">
				<ele>368.000000</ele>
			</trkpt>
			<trkpt lat="50.856464" lon="14.484741">
				<ele>368.000000</ele>
			</trkpt>
			<trkpt lat="50.856446" lon="14.484625">
				<ele>369.000000</ele>
			</trkpt>
			<trkpt lat="50.856430" lon="14.484525">
				<ele>369.000000</ele>
			</trkpt>
			<trkpt lat="50.856390" lon="14.484453">
				<ele>369.000000</ele>
			</trkpt>
			<trkpt lat="50.856339" lon="14.484399">
				<ele>369.000000</ele>
			</trkpt>
			<trkpt lat="50.856259" lon="14.484328">
				<ele>370.000000</ele>
			</trkpt>
			<trkpt lat="50.856186" lon="14.484292">
				<ele>370.000000</ele>
			</trkpt>
			<trkpt lat="50.856107" lon="14.484256">
				<ele>371.000000</ele>
			</trkpt>
			<trkpt lat="50.856016" lon="14.484247">
				<ele>371.000000</ele>
			</trkpt>
			<trkpt lat="50.855590" lon="14.484212">
				<ele>372.000000</ele>
			</trkpt>
			<trkpt lat="50.855324" lon="14.484212">
				<ele>373.000000</ele>
			</trkpt>
			<trkpt lat="50.855052" lon="14.484247">
				<ele>374.000000</ele>
			</trkpt>
			<trkpt lat="50.854757" lon="14.484319">
				<ele>375.000000</ele>
			</trkpt>
			<trkpt lat="50.854224" lon="14.484436">
				<ele>377.000000</ele>
			</trkpt>
			<trkpt lat="50.853793" lon="14.484499">
				<ele>378.000000</ele>
			</trkpt>
			<trkpt lat="50.853362" lon="14.484516">
				<ele>379.000000</ele>
			</trkpt>
			<trkpt lat="50.852789" lon="14.484499">
				<ele>383.000000</ele>
			</trkpt>
			<trkpt lat="50.852352" lon="14.484453">
				<ele>387.000000</ele>
			</trkpt>
			<trkpt lat="50.851717" lon="14.484382">
				<ele>394.000000</ele>
			</trkpt>
			<trkpt lat="50.850787" lon="14.484220">
				<ele>407.000000</ele>
			</trkpt>
			<trkpt lat="50.850725" lon="14.484238">
				<ele>408.000000</ele>
			</trkpt>
			<trkpt lat="50.850634" lon="14.484265">
				<ele>410.000000</ele>
			</trkpt>
			<trkpt lat="50.850611" lon="14.484273">
				<ele>411.000000</ele>
			</trkpt>
			<trkpt lat="50.850572" lon="14.484273">
				<ele>411.000000</ele>
			</trkpt>
			<trkpt lat="50.850509" lon="14.484238">
				<ele>413.000000</ele>
			</trkpt>
			<trkpt lat="50.850447" lon="14.484149">
				<ele>414.000000</ele>
			</trkpt>
			<trkpt lat="50.850373" lon="14.484013">
				<ele>416.000000</ele>
			</trkpt>
			<trkpt lat="50.850277" lon="14.483744">
				<ele>419.000000</ele>
			</trkpt>
			<trkpt lat="50.850203" lon="14.483546">
				<ele>421.000000</ele>
			</trkpt>
			<trkpt lat="50.850118" lon="14.483357">
				<ele>423.000000</ele>
			</trkpt>
			<trkpt lat="50.850004" lon="14.483133">
				<ele>425.000000</ele>
			</trkpt>
			<trkpt lat="50.849914" lon="14.482935">
				<ele>428.000000</ele>
			</trkpt>
			<trkpt lat="50.849846" lon="14.482783">
				<ele>430.000000</ele>
			</trkpt>
			<trkpt lat="50.849783" lon="14.482612">
				<ele>432.000000</ele>
			</trkpt>
			<trkpt lat="50.849709" lon="14.482352">
				<ele>435.000000</ele>
			</trkpt>
			<trkpt lat="50.849630" lon="14.482118">
				<ele>438.000000</ele>
			</trkpt>
			<trkpt lat="50.849590" lon="14.482028">
				<ele>439.000000</ele>
			</trkpt>
			<trkpt lat="50.849545" lon="14.481956">
				<ele>440.000000</ele>
			</trkpt>
			<trkpt lat="50.849386" lon="14.481723">
				<ele>443.000000</ele>
			</trkpt>
			<trkpt lat="50.849312" lon="14.481606">
				<ele>444.000000</ele>
			</trkpt>
			<trkpt lat="50.849255" lon="14.481507">
				<ele>445.000000</ele>
			</trkpt>
			<trkpt lat="50.849193" lon="14.481436">
				<ele>446.000000</ele>
			</trkpt>
			<trkpt lat="50.849142" lon="14.481382">
				<ele>447.000000</ele>
			</trkpt>
			<trkpt lat="50.849052" lon="14.481310">
				<ele>448.000000</ele>
			</trkpt>
			<trkpt lat="50.849006" lon="14.481579">
				<ele>450.000000</ele>
			</trkpt>
			<trkpt lat="50.848916" lon="14.482128">
				<ele>455.000000</ele>
			</trkpt>
			<trkpt lat="50.848768" lon="14.482935">
				<ele>463.000000</ele>
			</trkpt>
			<trkpt lat="50.848717" lon="14.483304">
				<ele>466.000000</ele>
			</trkpt>
			<trkpt lat="50.848637" lon="14.483906">
				<ele>472.000000</ele>
			</trkpt>
			<trkpt lat="50.848575" lon="14.484273">
				<ele>474.000000</ele>
			</trkpt>
			<trkpt lat="50.848541" lon="14.484543">
				<ele>475.000000</ele>
			</trkpt>
			<trkpt lat="50.848524" lon="14.484795">
				<ele>476.000000</ele>
			</trkpt>
			<trkpt lat="50.848524" lon="14.485082">
				<ele>477.000000</ele>
			</trkpt>
			<trkpt lat="50.848535" lon="14.485433">
				<ele>477.000000</ele>
			</trkpt>
			<trkpt lat="50.848575" lon="14.486133">
				<ele>479.000000</ele>
			</trkpt>
			<trkpt lat="50.848626" lon="14.486915">
				<ele>481.000000</ele>
			</trkpt>
			<trkpt lat="50.848655" lon="14.487355">
				<ele>482.000000</ele>
			</trkpt>
			<trkpt lat="50.848655" lon="14.487625">
				<ele>483.000000</ele>
			</trkpt>
			<trkpt lat="50.848626" lon="14.487876">
				<ele>484.000000</ele>
			</trkpt>
			<trkpt lat="50.848604" lon="14.488020">
				<ele>484.000000</ele>
			</trkpt>
			<trkpt lat="50.848569" lon="14.488145">
				<ele>484.000000</ele>
			</trkpt>
			<trkpt lat="50.848354" lon="14.488946">
				<ele>485.000000</ele>
			</trkpt>
			<trkpt lat="50.848291" lon="14.489152">
				<ele>485.000000</ele>
			</trkpt>
			<trkpt lat="50.848246" lon="14.489349">
				<ele>485.000000</ele>
			</trkpt>
			<trkpt lat="50.848229" lon="14.489466">
				<ele>486.000000</ele>
			</trkpt>
			<trkpt lat="50.848229" lon="14.489466">
				<ele>486.000000</ele>
			</trkpt>
			<trkpt lat="50.848223" lon="14.489529">
				<ele>486.000000</ele>
			</trkpt>
			<trkpt lat="50.848207" lon="14.489718">
				<ele>487.000000</ele>
			</trkpt>
			<trkpt lat="50.848025" lon="14.489960">
				<ele>489.000000</ele>
			</trkpt>
			<trkpt lat="50.847849" lon="14.490158">
				<ele>491.000000</ele>
			</trkpt>
			<trkpt lat="50.847696" lon="14.490292">
				<ele>494.000000</ele>
			</trkpt>
			<trkpt lat="50.847622" lon="14.490338">
				<ele>495.000000</ele>
			</trkpt>
			<trkpt lat="50.847560" lon="14.490365">
				<ele>496.000000</ele>
			</trkpt>
			<trkpt lat="50.847486" lon="14.490374">
				<ele>497.000000</ele>
			</trkpt>
			<trkpt lat="50.847424" lon="14.490382">
				<ele>498.000000</ele>
			</trkpt>
			<trkpt lat="50.847356" lon="14.490365">
				<ele>500.000000</ele>
			</trkpt>
			<trkpt lat="50.847271" lon="14.490338">
				<ele>501.000000</ele>
			</trkpt>
			<trkpt lat="50.846681" lon="14.490104">
				<ele>511.000000</ele>
			</trkpt>
			<trkpt lat="50.846363" lon="14.489952">
				<ele>515.000000</ele>
			</trkpt>
			<trkpt lat="50.846108" lon="14.489799">
				<ele>518.000000</ele>
			</trkpt>
			<trkpt lat="50.845893" lon="14.489646">
				<ele>521.000000</ele>
			</trkpt>
			<trkpt lat="50.845677" lon="14.489457">
				<ele>524.000000</ele>
			</trkpt>
			<trkpt lat="50.845404" lon="14.489206">
				<ele>528.000000</ele>
			</trkpt>
			<trkpt lat="50.845246" lon="14.489080">
				<ele>530.000000</ele>
			</trkpt>
			<trkpt lat="50.845098" lon="14.488999">
				<ele>531.000000</ele>
			</trkpt>
			<trkpt lat="50.844985" lon="14.488973">
				<ele>532.000000</ele>
			</trkpt>
			<trkpt lat="50.844922" lon="14.488981">
				<ele>533.000000</ele>
			</trkpt>
			<trkpt lat="50.844855" lon="14.488999">
				<ele>534.000000</ele>
			</trkpt>
			<trkpt lat="50.844729" lon="14.489070">
				<ele>535.000000</ele>
			</trkpt>
			<trkpt lat="50.844605" lon="14.489143">
				<ele>536.000000</ele>
			</trkpt>
			<trkpt lat="50.844491" lon="14.489242">
				<ele>538.000000</ele>
			</trkpt>
			<trkpt lat="50.844389" lon="14.489359">
				<ele>539.000000</ele>
			</trkpt>
			<trkpt lat="50.844321" lon="14.489457">
				<ele>540.000000</ele>
			</trkpt>
			<trkpt lat="50.844265" lon="14.489565">
				<ele>540.000000</ele>
			</trkpt>
			<trkpt lat="50.844230" lon="14.489673">
				<ele>540.000000</ele>
			</trkpt>
			<trkpt lat="50.844230" lon="14.489762">
				<ele>541.000000</ele>
			</trkpt>
			<trkpt lat="50.844276" lon="14.490275">
				<ele>542.000000</ele>
			</trkpt>
			<trkpt lat="50.844287" lon="14.490481">
				<ele>542.000000</ele>
			</trkpt>
			<trkpt lat="50.844299" lon="14.490715">
				<ele>543.000000</ele>
			</trkpt>
			<trkpt lat="50.844281" lon="14.490984">
				<ele>543.000000</ele>
			</trkpt>
			<trkpt lat="50.844236" lon="14.491550">
				<ele>544.000000</ele>
			</trkpt>
			<trkpt lat="50.844230" lon="14.491802">
				<ele>545.000000</ele>
			</trkpt>
			<trkpt lat="50.844230" lon="14.492089">
				<ele>544.000000</ele>
			</trkpt>
			<trkpt lat="50.844225" lon="14.492628">
				<ele>541.000000</ele>
			</trkpt>
			<trkpt lat="50.844219" lon="14.492781">
				<ele>540.000000</ele>
			</trkpt>
			<trkpt lat="50.844202" lon="14.492952">
				<ele>540.000000</ele>
			</trkpt>
			<trkpt lat="50.844179" lon="14.493114">
				<ele>539.000000</ele>
			</trkpt>
			<trkpt lat="50.844145" lon="14.493257">
				<ele>539.000000</ele>
			</trkpt>
			<trkpt lat="50.844100" lon="14.493428">
				<ele>539.000000</ele>
			</trkpt>
			<trkpt lat="50.844049" lon="14.493571">
				<ele>539.000000</ele>
			</trkpt>
			<trkpt lat="50.843907" lon="14.493921">
				<ele>538.000000</ele>
			</trkpt>
			<trkpt lat="50.843771" lon="14.494183">
				<ele>538.000000</ele>
			</trkpt>
			<trkpt lat="50.843765" lon="14.494183">
				<ele>538.000000</ele>
			</trkpt>
			<trkpt lat="50.843941" lon="14.493473">
				<ele>545.000000</ele>
			</trkpt>
			<trkpt lat="50.844009" lon="14.493141">
				<ele>547.000000</ele>
			</trkpt>
			<trkpt lat="50.844037" lon="14.493015">
				<ele>548.000000</ele>
			</trkpt>
			<trkpt lat="50.844049" lon="14.492889">
				<ele>549.000000</ele>
			</trkpt>
			<trkpt lat="50.844043" lon="14.492772">
				<ele>550.000000</ele>
			</trkpt>
			<trkpt lat="50.844037" lon="14.492655">
				<ele>552.000000</ele>
			</trkpt>
			<trkpt lat="50.844020" lon="14.492529">
				<ele>554.000000</ele>
			</trkpt>
			<trkpt lat="50.843992" lon="14.492422">
				<ele>556.000000</ele>
			</trkpt>
			<trkpt lat="50.843919" lon="14.492126">
				<ele>560.000000</ele>
			</trkpt>
			<trkpt lat="50.843845" lon="14.491910">
				<ele>564.000000</ele>
			</trkpt>
			<trkpt lat="50.843760" lon="14.491694">
				<ele>567.000000</ele>
			</trkpt>
			<trkpt lat="50.843646" lon="14.491416">
				<ele>571.000000</ele>
			</trkpt>
			<trkpt lat="50.843499" lon="14.491128">
				<ele>577.000000</ele>
			</trkpt>
			<trkpt lat="50.843391" lon="14.490948">
				<ele>583.000000</ele>
			</trkpt>
			<trkpt lat="50.843255" lon="14.490805">
				<ele>587.000000</ele>
			</trkpt>
			<trkpt lat="50.843090" lon="14.490678">
				<ele>591.000000</ele>
			</trkpt>
			<trkpt lat="50.843022" lon="14.490644">
				<ele>593.000000</ele>
			</trkpt>
			<trkpt lat="50.842966" lon="14.490625">
				<ele>595.000000</ele>
			</trkpt>
			<trkpt lat="50.842915" lon="14.490615">
				<ele>596.000000</ele>
			</trkpt>
			<trkpt lat="50.842858" lon="14.490615">
				<ele>597.000000</ele>
			</trkpt>
			<trkpt lat="50.842807" lon="14.490625">
				<ele>598.000000</ele>
			</trkpt>
			<trkpt lat="50.842750" lon="14.490670">
				<ele>600.000000</ele>
			</trkpt>
			<trkpt lat="50.842636" lon="14.490768">
				<ele>601.000000</ele>
			</trkpt>
			<trkpt lat="50.842404" lon="14.490975">
				<ele>603.000000</ele>
			</trkpt>
			<trkpt lat="50.842274" lon="14.491074">
				<ele>605.000000</ele>
			</trkpt>
			<trkpt lat="50.842160" lon="14.491164">
				<ele>606.000000</ele>
			</trkpt>
			<trkpt lat="50.842081" lon="14.491244">
				<ele>607.000000</ele>
			</trkpt>
			<trkpt lat="50.842024" lon="14.491361">
				<ele>608.000000</ele>
			</trkpt>
			<trkpt lat="50.842001" lon="14.491487">
				<ele>609.000000</ele>
			</trkpt>
			<trkpt lat="50.841979" lon="14.491577">
				<ele>609.000000</ele>
			</trkpt>
			<trkpt lat="50.841973" lon="14.491676">
				<ele>610.000000</ele>
			</trkpt>
			<trkpt lat="50.841973" lon="14.491847">
				<ele>611.000000</ele>
			</trkpt>
			<trkpt lat="50.841990" lon="14.491982">
				<ele>611.000000</ele>
			</trkpt>
			<trkpt lat="50.842046" lon="14.492116">
				<ele>612.000000</ele>
			</trkpt>
			<trkpt lat="50.842120" lon="14.492242">
				<ele>613.000000</ele>
			</trkpt>
			<trkpt lat="50.842171" lon="14.492313">
				<ele>614.000000</ele>
			</trkpt>
			<trkpt lat="50.842228" lon="14.492341">
				<ele>615.000000</ele>
			</trkpt>
			<trkpt lat="50.842290" lon="14.492341">
				<ele>616.000000</ele>
			</trkpt>
			<trkpt lat="50.842364" lon="14.492305">
				<ele>618.000000</ele>
			</trkpt>
			<trkpt lat="50.842410" lon="14.492296">
				<ele>620.000000</ele>
			</trkpt>
			<trkpt lat="50.842443" lon="14.492296">
				<ele>620.000000</ele>
			</trkpt>
			<trkpt lat="50.842478" lon="14.492323">
				<ele>620.000000</ele>
			</trkpt>
			<trkpt lat="50.842523" lon="14.492349">
				<ele>620.000000</ele>
			</trkpt>
			<trkpt lat="50.842523" lon="14.492349">
				<ele>620.000000</ele>
			</trkpt>
			<trkpt lat="50.842478" lon="14.492323">
				<ele>620.000000</ele>
			</trkpt>
			<trkpt lat="50.842443" lon="14.492296">
				<ele>620.000000</ele>
			</trkpt>
			<trkpt lat="50.842410" lon="14.492296">
				<ele>620.000000</ele>
			</trkpt>
			<trkpt lat="50.842364" lon="14.492305">
				<ele>618.000000</ele>
			</trkpt>
			<trkpt lat="50.842290" lon="14.492341">
				<ele>616.000000</ele>
			</trkpt>
			<trkpt lat="50.842228" lon="14.492341">
				<ele>615.000000</ele>
			</trkpt>
			<trkpt lat="50.842171" lon="14.492313">
				<ele>614.000000</ele>
			</trkpt>
			<trkpt lat="50.842120" lon="14.492242">
				<ele>613.000000</ele>
			</trkpt>
			<trkpt lat="50.842046" lon="14.492116">
				<ele>612.000000</ele>
			</trkpt>
			<trkpt lat="50.841990" lon="14.491982">
				<ele>611.000000</ele>
			</trkpt>
			<trkpt lat="50.841973" lon="14.491847">
				<ele>611.000000</ele>
			</trkpt>
			<trkpt lat="50.841973" lon="14.491676">
				<ele>610.000000</ele>
			</trkpt>
			<trkpt lat="50.841979" lon="14.491577">
				<ele>609.000000</ele>
			</trkpt>
			<trkpt lat="50.842001" lon="14.491487">
				<ele>609.000000</ele>
			</trkpt>
			<trkpt lat="50.842024" lon="14.491361">
				<ele>608.000000</ele>
			</trkpt>
			<trkpt lat="50.842081" lon="14.491244">
				<ele>607.000000</ele>
			</trkpt>
			<trkpt lat="50.842160" lon="14.491164">
				<ele>606.000000</ele>
			</trkpt>
			<trkpt lat="50.842274" lon="14.491074">
				<ele>605.000000</ele>
			</trkpt>
			<trkpt lat="50.842404" lon="14.490975">
				<ele>603.000000</ele>
			</trkpt>
			<trkpt lat="50.842636" lon="14.490768">
				<ele>601.000000</ele>
			</trkpt>
			<trkpt lat="50.842750" lon="14.490670">
				<ele>600.000000</ele>
			</trkpt>
			<trkpt lat="50.842807" lon="14.490625">
				<ele>598.000000</ele>
			</trkpt>
			<trkpt lat="50.842858" lon="14.490615">
				<ele>597.000000</ele>
			</trkpt>
			<trkpt lat="50.842915" lon="14.490615">
				<ele>596.000000</ele>
			</trkpt>
			<trkpt lat="50.842966" lon="14.490625">
				<ele>595.000000</ele>
			</trkpt>
			<trkpt lat="50.843022" lon="14.490644">
				<ele>593.000000</ele>
			</trkpt>
			<trkpt lat="50.843090" lon="14.490678">
				<ele>591.000000</ele>
			</trkpt>
			<trkpt lat="50.843255" lon="14.490805">
				<ele>587.000000</ele>
			</trkpt>
			<trkpt lat="50.843391" lon="14.490948">
				<ele>583.000000</ele>
			</trkpt>
			<trkpt lat="50.843499" lon="14.491128">
				<ele>577.000000</ele>
			</trkpt>
			<trkpt lat="50.843646" lon="14.491416">
				<ele>571.000000</ele>
			</trkpt>
			<trkpt lat="50.843760" lon="14.491694">
				<ele>567.000000</ele>
			</trkpt>
			<trkpt lat="50.843845" lon="14.491910">
				<ele>564.000000</ele>
			</trkpt>
			<trkpt lat="50.843919" lon="14.492126">
				<ele>560.000000</ele>
			</trkpt>
			<trkpt lat="50.843992" lon="14.492422">
				<ele>556.000000</ele>
			</trkpt>
			<trkpt lat="50.844020" lon="14.492529">
				<ele>554.000000</ele>
			</trkpt>
			<trkpt lat="50.844037" lon="14.492655">
				<ele>552.000000</ele>
			</trkpt>
			<trkpt lat="50.844043" lon="14.492772">
				<ele>550.000000</ele>
			</trkpt>
			<trkpt lat="50.844049" lon="14.492889">
				<ele>549.000000</ele>
			</trkpt>
			<trkpt lat="50.844037" lon="14.493015">
				<ele>548.000000</ele>
			</trkpt>
			<trkpt lat="50.844009" lon="14.493141">
				<ele>547.000000</ele>
			</trkpt>
			<trkpt lat="50.843941" lon="14.493473">
				<ele>545.000000</ele>
			</trkpt>
			<trkpt lat="50.843765" lon="14.494183">
				<ele>538.000000</ele>
			</trkpt>
			<trkpt lat="50.843771" lon="14.494183">
				<ele>538.000000</ele>
			</trkpt>
			<trkpt lat="50.843674" lon="14.494336">
				<ele>537.000000</ele>
			</trkpt>
			<trkpt lat="50.843561" lon="14.494479">
				<ele>537.000000</ele>
			</trkpt>
			<trkpt lat="50.843453" lon="14.494613">
				<ele>537.000000</ele>
			</trkpt>
			<trkpt lat="50.843306" lon="14.494730">
				<ele>536.000000</ele>
			</trkpt>
			<trkpt lat="50.842773" lon="14.495162">
				<ele>535.000000</ele>
			</trkpt>
			<trkpt lat="50.842495" lon="14.495359">
				<ele>533.000000</ele>
			</trkpt>
			<trkpt lat="50.842194" lon="14.495529">
				<ele>530.000000</ele>
			</trkpt>
			<trkpt lat="50.842086" lon="14.495592">
				<ele>528.000000</ele>
			</trkpt>
			<trkpt lat="50.841990" lon="14.495619">
				<ele>527.000000</ele>
			</trkpt>
			<trkpt lat="50.841638" lon="14.495701">
				<ele>525.000000</ele>
			</trkpt>
			<trkpt lat="50.841513" lon="14.495728">
				<ele>524.000000</ele>
			</trkpt>
			<trkpt lat="50.841377" lon="14.495745">
				<ele>524.000000</ele>
			</trkpt>
			<trkpt lat="50.841281" lon="14.495755">
				<ele>523.000000</ele>
			</trkpt>
			<trkpt lat="50.841100" lon="14.495799">
				<ele>523.000000</ele>
			</trkpt>
			<trkpt lat="50.840941" lon="14.495835">
				<ele>522.000000</ele>
			</trkpt>
			<trkpt lat="50.840713" lon="14.495818">
				<ele>522.000000</ele>
			</trkpt>
			<trkpt lat="50.840577" lon="14.495781">
				<ele>521.000000</ele>
			</trkpt>
			<trkpt lat="50.840487" lon="14.495709">
				<ele>521.000000</ele>
			</trkpt>
			<trkpt lat="50.840351" lon="14.495584">
				<ele>521.000000</ele>
			</trkpt>
			<trkpt lat="50.840265" lon="14.495468">
				<ele>520.000000</ele>
			</trkpt>
			<trkpt lat="50.840197" lon="14.495368">
				<ele>520.000000</ele>
			</trkpt>
			<trkpt lat="50.840129" lon="14.495288">
				<ele>520.000000</ele>
			</trkpt>
			<trkpt lat="50.839948" lon="14.495135">
				<ele>520.000000</ele>
			</trkpt>
			<trkpt lat="50.839205" lon="14.494542">
				<ele>519.000000</ele>
			</trkpt>
			<trkpt lat="50.838847" lon="14.494236">
				<ele>518.000000</ele>
			</trkpt>
			<trkpt lat="50.838728" lon="14.494137">
				<ele>518.000000</ele>
			</trkpt>
			<trkpt lat="50.838529" lon="14.494011">
				<ele>518.000000</ele>
			</trkpt>
			<trkpt lat="50.838405" lon="14.493931">
				<ele>517.000000</ele>
			</trkpt>
			<trkpt lat="50.838331" lon="14.493860">
				<ele>517.000000</ele>
			</trkpt>
			<trkpt lat="50.838268" lon="14.493760">
				<ele>517.000000</ele>
			</trkpt>
			<trkpt lat="50.838211" lon="14.493617">
				<ele>517.000000</ele>
			</trkpt>
			<trkpt lat="50.838178" lon="14.493544">
				<ele>517.000000</ele>
			</trkpt>
			<trkpt lat="50.838149" lon="14.493508">
				<ele>517.000000</ele>
			</trkpt>
			<trkpt lat="50.838121" lon="14.493473">
				<ele>517.000000</ele>
			</trkpt>
			<trkpt lat="50.838042" lon="14.493437">
				<ele>516.000000</ele>
			</trkpt>
			<trkpt lat="50.837815" lon="14.493392">
				<ele>516.000000</ele>
			</trkpt>
			<trkpt lat="50.837644" lon="14.493338">
				<ele>516.000000</ele>
			</trkpt>
			<trkpt lat="50.837338" lon="14.493204">
				<ele>515.000000</ele>
			</trkpt>
			<trkpt lat="50.837247" lon="14.493176">
				<ele>515.000000</ele>
			</trkpt>
			<trkpt lat="50.837168" lon="14.493176">
				<ele>514.000000</ele>
			</trkpt>
			<trkpt lat="50.837275" lon="14.493652">
				<ele>515.000000</ele>
			</trkpt>
			<trkpt lat="50.837145" lon="14.493697">
				<ele>516.000000</ele>
			</trkpt>
			<trkpt lat="50.837043" lon="14.493715">
				<ele>516.000000</ele>
			</trkpt>
			<trkpt lat="50.836952" lon="14.493707">
				<ele>517.000000</ele>
			</trkpt>
			<trkpt lat="50.836811" lon="14.493680">
				<ele>517.000000</ele>
			</trkpt>
			<trkpt lat="50.835767" lon="14.493464">
				<ele>523.000000</ele>
			</trkpt>
			<trkpt lat="50.835670" lon="14.493445">
				<ele>523.000000</ele>
			</trkpt>
			<trkpt lat="50.835585" lon="14.493445">
				<ele>524.000000</ele>
			</trkpt>
			<trkpt lat="50.835517" lon="14.493473">
				<ele>524.000000</ele>
			</trkpt>
			<trkpt lat="50.835460" lon="14.493535">
				<ele>525.000000</ele>
			</trkpt>
			<trkpt lat="50.835409" lon="14.493590">
				<ele>525.000000</ele>
			</trkpt>
			<trkpt lat="50.835370" lon="14.493661">
				<ele>525.000000</ele>
			</trkpt>
			<trkpt lat="50.835290" lon="14.493904">
				<ele>526.000000</ele>
			</trkpt>
			<trkpt lat="50.835239" lon="14.494066">
				<ele>527.000000</ele>
			</trkpt>
			<trkpt lat="50.835193" lon="14.494147">
				<ele>528.000000</ele>
			</trkpt>
			<trkpt lat="50.835142" lon="14.494191">
				<ele>528.000000</ele>
			</trkpt>
			<trkpt lat="50.835069" lon="14.494191">
				<ele>528.000000</ele>
			</trkpt>
			<trkpt lat="50.835040" lon="14.494164">
				<ele>529.000000</ele>
			</trkpt>
			<trkpt lat="50.835024" lon="14.494120">
				<ele>529.000000</ele>
			</trkpt>
			<trkpt lat="50.834995" lon="14.494020">
				<ele>529.000000</ele>
			</trkpt>
			<trkpt lat="50.834967" lon="14.493904">
				<ele>530.000000</ele>
			</trkpt>
			<trkpt lat="50.834939" lon="14.493823">
				<ele>530.000000</ele>
			</trkpt>
			<trkpt lat="50.834888" lon="14.493751">
				<ele>530.000000</ele>
			</trkpt>
			<trkpt lat="50.834808" lon="14.493680">
				<ele>530.000000</ele>
			</trkpt>
			<trkpt lat="50.834649" lon="14.493581">
				<ele>531.000000</ele>
			</trkpt>
			<trkpt lat="50.834434" lon="14.493491">
				<ele>531.000000</ele>
			</trkpt>
			<trkpt lat="50.834218" lon="14.493401">
				<ele>531.000000</ele>
			</trkpt>
			<trkpt lat="50.833968" lon="14.493265">
				<ele>532.000000</ele>
			</trkpt>
			<trkpt lat="50.833742" lon="14.493158">
				<ele>532.000000</ele>
			</trkpt>
			<trkpt lat="50.833577" lon="14.493059">
				<ele>533.000000</ele>
			</trkpt>
			<trkpt lat="50.833447" lon="14.492961">
				<ele>533.000000</ele>
			</trkpt>
			<trkpt lat="50.833316" lon="14.492818">
				<ele>533.000000</ele>
			</trkpt>
			<trkpt lat="50.832783" lon="14.492197">
				<ele>535.000000</ele>
			</trkpt>
			<trkpt lat="50.832152" lon="14.491541">
				<ele>537.000000</ele>
			</trkpt>
			<trkpt lat="50.832011" lon="14.491865">
				<ele>537.000000</ele>
			</trkpt>
			<trkpt lat="50.831920" lon="14.492134">
				<ele>538.000000</ele>
			</trkpt>
			<trkpt lat="50.831710" lon="14.492879">
				<ele>538.000000</ele>
			</trkpt>
			<trkpt lat="50.831603" lon="14.493176">
				<ele>538.000000</ele>
			</trkpt>
			<trkpt lat="50.831557" lon="14.493294">
				<ele>538.000000</ele>
			</trkpt>
			<trkpt lat="50.831506" lon="14.493374">
				<ele>538.000000</ele>
			</trkpt>
			<trkpt lat="50.831449" lon="14.493464">
				<ele>539.000000</ele>
			</trkpt>
			<trkpt lat="50.831398" lon="14.493554">
				<ele>539.000000</ele>
			</trkpt>
			<trkpt lat="50.831250" lon="14.493661">
				<ele>539.000000</ele>
			</trkpt>
			<trkpt lat="50.831109" lon="14.493778">
				<ele>539.000000</ele>
			</trkpt>
			<trkpt lat="50.830689" lon="14.494039">
				<ele>539.000000</ele>
			</trkpt>
			<trkpt lat="50.830609" lon="14.494110">
				<ele>540.000000</ele>
			</trkpt>
			<trkpt lat="50.830536" lon="14.494183">
				<ele>540.000000</ele>
			</trkpt>
			<trkpt lat="50.830473" lon="14.494254">
				<ele>540.000000</ele>
			</trkpt>
			<trkpt lat="50.830422" lon="14.494344">
				<ele>540.000000</ele>
			</trkpt>
			<trkpt lat="50.830314" lon="14.494569">
				<ele>540.000000</ele>
			</trkpt>
			<trkpt lat="50.830224" lon="14.494812">
				<ele>543.000000</ele>
			</trkpt>
			<trkpt lat="50.830172" lon="14.495026">
				<ele>545.000000</ele>
			</trkpt>
			<trkpt lat="50.830144" lon="14.495242">
				<ele>546.000000</ele>
			</trkpt>
			<trkpt lat="50.830127" lon="14.495539">
				<ele>548.000000</ele>
			</trkpt>
			<trkpt lat="50.830110" lon="14.495854">
				<ele>550.000000</ele>
			</trkpt>
			<trkpt lat="50.830093" lon="14.496033">
				<ele>551.000000</ele>
			</trkpt>
			<trkpt lat="50.830048" lon="14.496231">
				<ele>553.000000</ele>
			</trkpt>
			<trkpt lat="50.829985" lon="14.496437">
				<ele>554.000000</ele>
			</trkpt>
			<trkpt lat="50.829951" lon="14.496518">
				<ele>555.000000</ele>
			</trkpt>
			<trkpt lat="50.829917" lon="14.496590">
				<ele>555.000000</ele>
			</trkpt>
			<trkpt lat="50.829826" lon="14.496661">
				<ele>556.000000</ele>
			</trkpt>
			<trkpt lat="50.829736" lon="14.496716">
				<ele>557.000000</ele>
			</trkpt>
			<trkpt lat="50.829645" lon="14.496760">
				<ele>558.000000</ele>
			</trkpt>
			<trkpt lat="50.829549" lon="14.496779">
				<ele>559.000000</ele>
			</trkpt>
			<trkpt lat="50.829457" lon="14.496779">
				<ele>560.000000</ele>
			</trkpt>
			<trkpt lat="50.829367" lon="14.496779">
				<ele>561.000000</ele>
			</trkpt>
			<trkpt lat="50.829089" lon="14.496716">
				<ele>564.000000</ele>
			</trkpt>
			<trkpt lat="50.828998" lon="14.496689">
				<ele>565.000000</ele>
			</trkpt>
			<trkpt lat="50.828918" lon="14.496626">
				<ele>566.000000</ele>
			</trkpt>
			<trkpt lat="50.828686" lon="14.496401">
				<ele>568.000000</ele>
			</trkpt>
			<trkpt lat="50.828556" lon="14.496303">
				<ele>569.000000</ele>
			</trkpt>
			<trkpt lat="50.828487" lon="14.496267">
				<ele>569.000000</ele>
			</trkpt>
			<trkpt lat="50.828425" lon="14.496248">
				<ele>570.000000</ele>
			</trkpt>
			<trkpt lat="50.828277" lon="14.496221">
				<ele>570.000000</ele>
			</trkpt>
			<trkpt lat="50.827920" lon="14.496231">
				<ele>570.000000</ele>
			</trkpt>
			<trkpt lat="50.827812" lon="14.496231">
				<ele>570.000000</ele>
			</trkpt>
			<trkpt lat="50.827727" lon="14.496213">
				<ele>570.000000</ele>
			</trkpt>
			<trkpt lat="50.827648" lon="14.496177">
				<ele>570.000000</ele>
			</trkpt>
			<trkpt lat="50.827556" lon="14.496114">
				<ele>570.000000</ele>
			</trkpt>
			<trkpt lat="50.827381" lon="14.495979">
				<ele>570.000000</ele>
			</trkpt>
			<trkpt lat="50.827035" lon="14.495701">
				<ele>570.000000</ele>
			</trkpt>
			<trkpt lat="50.826853" lon="14.495557">
				<ele>570.000000</ele>
			</trkpt>
			<trkpt lat="50.826712" lon="14.495458">
				<ele>570.000000</ele>
			</trkpt>
			<trkpt lat="50.826575" lon="14.495386">
				<ele>570.000000</ele>
			</trkpt>
			<trkpt lat="50.826433" lon="14.495350">
				<ele>570.000000</ele>
			</trkpt>
			<trkpt lat="50.826252" lon="14.495296">
				<ele>570.000000</ele>
			</trkpt>
			<trkpt lat="50.825945" lon="14.495225">
				<ele>569.000000</ele>
			</trkpt>
			<trkpt lat="50.825781" lon="14.495189">
				<ele>568.000000</ele>
			</trkpt>
			<trkpt lat="50.825610" lon="14.495189">
				<ele>567.000000</ele>
			</trkpt>
			<trkpt lat="50.825412" lon="14.495206">
				<ele>566.000000</ele>
			</trkpt>
			<trkpt lat="50.825173" lon="14.495233">
				<ele>565.000000</ele>
			</trkpt>
			<trkpt lat="50.825009" lon="14.495278">
				<ele>565.000000</ele>
			</trkpt>
			<trkpt lat="50.824873" lon="14.495323">
				<ele>565.000000</ele>
			</trkpt>
			<trkpt lat="50.824748" lon="14.495395">
				<ele>565.000000</ele>
			</trkpt>
			<trkpt lat="50.824623" lon="14.495485">
				<ele>565.000000</ele>
			</trkpt>
			<trkpt lat="50.824509" lon="14.495592">
				<ele>565.000000</ele>
			</trkpt>
			<trkpt lat="50.824401" lon="14.495737">
				<ele>566.000000</ele>
			</trkpt>
			<trkpt lat="50.824300" lon="14.495898">
				<ele>568.000000</ele>
			</trkpt>
			<trkpt lat="50.824169" lon="14.496123">
				<ele>571.000000</ele>
			</trkpt>
			<trkpt lat="50.824073" lon="14.496311">
				<ele>574.000000</ele>
			</trkpt>
			<trkpt lat="50.823999" lon="14.496481">
				<ele>576.000000</ele>
			</trkpt>
			<trkpt lat="50.823925" lon="14.496644">
				<ele>578.000000</ele>
			</trkpt>
			<trkpt lat="50.823874" lon="14.496814">
				<ele>580.000000</ele>
			</trkpt>
			<trkpt lat="50.823829" lon="14.497012">
				<ele>581.000000</ele>
			</trkpt>
			<trkpt lat="50.823795" lon="14.497210">
				<ele>583.000000</ele>
			</trkpt>
			<trkpt lat="50.823760" lon="14.497452">
				<ele>584.000000</ele>
			</trkpt>
			<trkpt lat="50.823675" lon="14.498288">
				<ele>590.000000</ele>
			</trkpt>
			<trkpt lat="50.823613" lon="14.498961">
				<ele>594.000000</ele>
			</trkpt>
			<trkpt lat="50.823596" lon="14.499267">
				<ele>595.000000</ele>
			</trkpt>
			<trkpt lat="50.823562" lon="14.499510">
				<ele>597.000000</ele>
			</trkpt>
			<trkpt lat="50.823534" lon="14.499581">
				<ele>597.000000</ele>
			</trkpt>
			<trkpt lat="50.823500" lon="14.499653">
				<ele>598.000000</ele>
			</trkpt>
			<trkpt lat="50.823465" lon="14.499716">
				<ele>599.000000</ele>
			</trkpt>
			<trkpt lat="50.823408" lon="14.499752">
				<ele>599.000000</ele>
			</trkpt>
			<trkpt lat="50.823159" lon="14.499932">
				<ele>605.000000</ele>
			</trkpt>
			<trkpt lat="50.823051" lon="14.500013">
				<ele>605.000000</ele>
			</trkpt>
			<trkpt lat="50.822960" lon="14.500129">
				<ele>606.000000</ele>
			</trkpt>
			<trkpt lat="50.822915" lon="14.500202">
				<ele>606.000000</ele>
			</trkpt>
			<trkpt lat="50.822875" lon="14.500300">
				<ele>606.000000</ele>
			</trkpt>
			<trkpt lat="50.822614" lon="14.500857">
				<ele>607.000000</ele>
			</trkpt>
			<trkpt lat="50.822535" lon="14.501072">
				<ele>607.000000</ele>
			</trkpt>
			<trkpt lat="50.822500" lon="14.501198">
				<ele>607.000000</ele>
			</trkpt>
			<trkpt lat="50.822467" lon="14.501324">
				<ele>608.000000</ele>
			</trkpt>
			<trkpt lat="50.822444" lon="14.501485">
				<ele>608.000000</ele>
			</trkpt>
			<trkpt lat="50.822438" lon="14.501611">
				<ele>608.000000</ele>
			</trkpt>
			<trkpt lat="50.822415" lon="14.502034">
				<ele>609.000000</ele>
			</trkpt>
			<trkpt lat="50.822404" lon="14.502321">
				<ele>609.000000</ele>
			</trkpt>
			<trkpt lat="50.822415" lon="14.502546">
				<ele>609.000000</ele>
			</trkpt>
			<trkpt lat="50.822444" lon="14.502762">
				<ele>610.000000</ele>
			</trkpt>
			<trkpt lat="50.822489" lon="14.502959">
				<ele>610.000000</ele>
			</trkpt>
			<trkpt lat="50.822551" lon="14.503112">
				<ele>610.000000</ele>
			</trkpt>
			<trkpt lat="50.822592" lon="14.503202">
				<ele>610.000000</ele>
			</trkpt>
			<trkpt lat="50.822643" lon="14.503282">
				<ele>610.000000</ele>
			</trkpt>
			<trkpt lat="50.822751" lon="14.503408">
				<ele>608.000000</ele>
			</trkpt>
			<trkpt lat="50.822949" lon="14.503597">
				<ele>605.000000</ele>
			</trkpt>
			<trkpt lat="50.823074" lon="14.503705">
				<ele>602.000000</ele>
			</trkpt>
			<trkpt lat="50.823205" lon="14.503785">
				<ele>600.000000</ele>
			</trkpt>
			<trkpt lat="50.823346" lon="14.503875">
				<ele>598.000000</ele>
			</trkpt>
			<trkpt lat="50.823454" lon="14.503938">
				<ele>596.000000</ele>
			</trkpt>
			<trkpt lat="50.823528" lon="14.504001">
				<ele>595.000000</ele>
			</trkpt>
			<trkpt lat="50.823601" lon="14.504081">
				<ele>595.000000</ele>
			</trkpt>
			<trkpt lat="50.823664" lon="14.504198">
				<ele>594.000000</ele>
			</trkpt>
			<trkpt lat="50.823755" lon="14.504370">
				<ele>594.000000</ele>
			</trkpt>
			<trkpt lat="50.823851" lon="14.504504">
				<ele>593.000000</ele>
			</trkpt>
			<trkpt lat="50.823954" lon="14.504594">
				<ele>593.000000</ele>
			</trkpt>
			<trkpt lat="50.824090" lon="14.504693">
				<ele>592.000000</ele>
			</trkpt>
			<trkpt lat="50.824493" lon="14.504900">
				<ele>591.000000</ele>
			</trkpt>
			<trkpt lat="50.824617" lon="14.504980">
				<ele>591.000000</ele>
			</trkpt>
			<trkpt lat="50.824737" lon="14.505079">
				<ele>590.000000</ele>
			</trkpt>
			<trkpt lat="50.824753" lon="14.505106">
				<ele>590.000000</ele>
			</trkpt>
			<trkpt lat="50.824753" lon="14.505150">
				<ele>590.000000</ele>
			</trkpt>
			<trkpt lat="50.824748" lon="14.505177">
				<ele>590.000000</ele>
			</trkpt>
			<trkpt lat="50.824731" lon="14.505196">
				<ele>590.000000</ele>
			</trkpt>
			<trkpt lat="50.824152" lon="14.505366">
				<ele>586.000000</ele>
			</trkpt>
			<trkpt lat="50.823806" lon="14.505502">
				<ele>583.000000</ele>
			</trkpt>
			<trkpt lat="50.823567" lon="14.505618">
				<ele>580.000000</ele>
			</trkpt>
			<trkpt lat="50.823488" lon="14.505645">
				<ele>580.000000</ele>
			</trkpt>
			<trkpt lat="50.823392" lon="14.505645">
				<ele>579.000000</ele>
			</trkpt>
			<trkpt lat="50.823301" lon="14.505618">
				<ele>579.000000</ele>
			</trkpt>
			<trkpt lat="50.822858" lon="14.505357">
				<ele>576.000000</ele>
			</trkpt>
			<trkpt lat="50.822722" lon="14.505259">
				<ele>575.000000</ele>
			</trkpt>
			<trkpt lat="50.822597" lon="14.505142">
				<ele>575.000000</ele>
			</trkpt>
			<trkpt lat="50.822518" lon="14.505070">
				<ele>574.000000</ele>
			</trkpt>
			<trkpt lat="50.822444" lon="14.504971">
				<ele>573.000000</ele>
			</trkpt>
			<trkpt lat="50.822200" lon="14.504611">
				<ele>571.000000</ele>
			</trkpt>
			<trkpt lat="50.822075" lon="14.504423">
				<ele>569.000000</ele>
			</trkpt>
			<trkpt lat="50.821825" lon="14.504028">
				<ele>565.000000</ele>
			</trkpt>
			<trkpt lat="50.821564" lon="14.503651">
				<ele>560.000000</ele>
			</trkpt>
			<trkpt lat="50.821491" lon="14.503525">
				<ele>559.000000</ele>
			</trkpt>
			<trkpt lat="50.821428" lon="14.503399">
				<ele>558.000000</ele>
			</trkpt>
			<trkpt lat="50.821377" lon="14.503255">
				<ele>557.000000</ele>
			</trkpt>
			<trkpt lat="50.821337" lon="14.503129">
				<ele>556.000000</ele>
			</trkpt>
			<trkpt lat="50.821304" lon="14.502986">
				<ele>555.000000</ele>
			</trkpt>
			<trkpt lat="50.821275" lon="14.502833">
				<ele>554.000000</ele>
			</trkpt>
			<trkpt lat="50.821235" lon="14.502563">
				<ele>553.000000</ele>
			</trkpt>
			<trkpt lat="50.821207" lon="14.502321">
				<ele>552.000000</ele>
			</trkpt>
			<trkpt lat="50.821173" lon="14.501665">
				<ele>549.000000</ele>
			</trkpt>
			<trkpt lat="50.821150" lon="14.501521">
				<ele>548.000000</ele>
			</trkpt>
			<trkpt lat="50.821133" lon="14.501414">
				<ele>548.000000</ele>
			</trkpt>
			<trkpt lat="50.821099" lon="14.501342">
				<ele>547.000000</ele>
			</trkpt>
			<trkpt lat="50.821042" lon="14.501288">
				<ele>547.000000</ele>
			</trkpt>
			<trkpt lat="50.820980" lon="14.501261">
				<ele>547.000000</ele>
			</trkpt>
			<trkpt lat="50.820917" lon="14.501261">
				<ele>546.000000</ele>
			</trkpt>
			<trkpt lat="50.820860" lon="14.501315">
				<ele>546.000000</ele>
			</trkpt>
			<trkpt lat="50.820821" lon="14.501405">
				<ele>545.000000</ele>
			</trkpt>
			<trkpt lat="50.820713" lon="14.501781">
				<ele>544.000000</ele>
			</trkpt>
			<trkpt lat="50.820634" lon="14.502097">
				<ele>542.000000</ele>
			</trkpt>
			<trkpt lat="50.820571" lon="14.502410">
				<ele>541.000000</ele>
			</trkpt>
			<trkpt lat="50.820509" lon="14.502852">
				<ele>538.000000</ele>
			</trkpt>
			<trkpt lat="50.820395" lon="14.503731">
				<ele>533.000000</ele>
			</trkpt>
			<trkpt lat="50.820339" lon="14.504217">
				<ele>530.000000</ele>
			</trkpt>
			<trkpt lat="50.820310" lon="14.504360">
				<ele>529.000000</ele>
			</trkpt>
			<trkpt lat="50.820276" lon="14.504460">
				<ele>529.000000</ele>
			</trkpt>
			<trkpt lat="50.820231" lon="14.504531">
				<ele>528.000000</ele>
			</trkpt>
			<trkpt lat="50.820168" lon="14.504558">
				<ele>528.000000</ele>
			</trkpt>
			<trkpt lat="50.820106" lon="14.504576">
				<ele>527.000000</ele>
			</trkpt>
			<trkpt lat="50.820060" lon="14.504558">
				<ele>527.000000</ele>
			</trkpt>
			<trkpt lat="50.820015" lon="14.504550">
				<ele>526.000000</ele>
			</trkpt>
			<trkpt lat="50.819970" lon="14.504521">
				<ele>526.000000</ele>
			</trkpt>
			<trkpt lat="50.819777" lon="14.503929">
				<ele>522.000000</ele>
			</trkpt>
			<trkpt lat="50.819612" lon="14.503328">
				<ele>518.000000</ele>
			</trkpt>
			<trkpt lat="50.819436" lon="14.502636">
				<ele>514.000000</ele>
			</trkpt>
			<trkpt lat="50.819254" lon="14.501800">
				<ele>509.000000</ele>
			</trkpt>
			<trkpt lat="50.819192" lon="14.501458">
				<ele>507.000000</ele>
			</trkpt>
			<trkpt lat="50.819124" lon="14.500884">
				<ele>504.000000</ele>
			</trkpt>
			<trkpt lat="50.819090" lon="14.500615">
				<ele>503.000000</ele>
			</trkpt>
			<trkpt lat="50.819050" lon="14.500353">
				<ele>501.000000</ele>
			</trkpt>
			<trkpt lat="50.819039" lon="14.500129">
				<ele>500.000000</ele>
			</trkpt>
			<trkpt lat="50.819056" lon="14.499913">
				<ele>499.000000</ele>
			</trkpt>
			<trkpt lat="50.819095" lon="14.499599">
				<ele>498.000000</ele>
			</trkpt>
			<trkpt lat="50.819215" lon="14.498674">
				<ele>494.000000</ele>
			</trkpt>
			<trkpt lat="50.819283" lon="14.498179">
				<ele>493.000000</ele>
			</trkpt>
			<trkpt lat="50.819300" lon="14.498028">
				<ele>492.000000</ele>
			</trkpt>
			<trkpt lat="50.819300" lon="14.497928">
				<ele>492.000000</ele>
			</trkpt>
			<trkpt lat="50.819295" lon="14.497911">
				<ele>492.000000</ele>
			</trkpt>
			<trkpt lat="50.819124" lon="14.497883">
				<ele>490.000000</ele>
			</trkpt>
			<trkpt lat="50.819067" lon="14.497856">
				<ele>490.000000</ele>
			</trkpt>
			<trkpt lat="50.819005" lon="14.497812">
				<ele>489.000000</ele>
			</trkpt>
			<trkpt lat="50.818925" lon="14.497739">
				<ele>488.000000</ele>
			</trkpt>
			<trkpt lat="50.818863" lon="14.497713">
				<ele>487.000000</ele>
			</trkpt>
			<trkpt lat="50.818789" lon="14.497703">
				<ele>486.000000</ele>
			</trkpt>
			<trkpt lat="50.818715" lon="14.497703">
				<ele>485.000000</ele>
			</trkpt>
			<trkpt lat="50.817740" lon="14.497938">
				<ele>476.000000</ele>
			</trkpt>
			<trkpt lat="50.817591" lon="14.497973">
				<ele>475.000000</ele>
			</trkpt>
			<trkpt lat="50.817467" lon="14.497973">
				<ele>473.000000</ele>
			</trkpt>
			<trkpt lat="50.817359" lon="14.497946">
				<ele>472.000000</ele>
			</trkpt>
			<trkpt lat="50.817234" lon="14.497902">
				<ele>471.000000</ele>
			</trkpt>
			<trkpt lat="50.816962" lon="14.497776">
				<ele>469.000000</ele>
			</trkpt>
			<trkpt lat="50.816610" lon="14.497569">
				<ele>465.000000</ele>
			</trkpt>
			<trkpt lat="50.816303" lon="14.497372">
				<ele>462.000000</ele>
			</trkpt>
			<trkpt lat="50.816105" lon="14.497236">
				<ele>460.000000</ele>
			</trkpt>
			<trkpt lat="50.816054" lon="14.497165">
				<ele>459.000000</ele>
			</trkpt>
			<trkpt lat="50.815997" lon="14.497084">
				<ele>458.000000</ele>
			</trkpt>
			<trkpt lat="50.815855" lon="14.496814">
				<ele>456.000000</ele>
			</trkpt>
			<trkpt lat="50.815832" lon="14.496770">
				<ele>456.000000</ele>
			</trkpt>
			<trkpt lat="50.815769" lon="14.496644">
				<ele>455.000000</ele>
			</trkpt>
			<trkpt lat="50.816241" lon="14.494919">
				<ele>452.000000</ele>
			</trkpt>
			<trkpt lat="50.816213" lon="14.494802">
				<ele>451.000000</ele>
			</trkpt>
			<trkpt lat="50.816195" lon="14.494776">
				<ele>451.000000</ele>
			</trkpt>
			<trkpt lat="50.816178" lon="14.494749">
				<ele>451.000000</ele>
			</trkpt>
			<trkpt lat="50.816133" lon="14.494713">
				<ele>451.000000</ele>
			</trkpt>
			<trkpt lat="50.816042" lon="14.494640">
				<ele>451.000000</ele>
			</trkpt>
			<trkpt lat="50.815985" lon="14.494596">
				<ele>451.000000</ele>
			</trkpt>
			<trkpt lat="50.815940" lon="14.494586">
				<ele>450.000000</ele>
			</trkpt>
			<trkpt lat="50.815895" lon="14.494586">
				<ele>450.000000</ele>
			</trkpt>
			<trkpt lat="50.815844" lon="14.494596">
				<ele>450.000000</ele>
			</trkpt>
			<trkpt lat="50.815600" lon="14.494659">
				<ele>449.000000</ele>
			</trkpt>
			<trkpt lat="50.815333" lon="14.494749">
				<ele>446.000000</ele>
			</trkpt>
			<trkpt lat="50.815230" lon="14.494802">
				<ele>446.000000</ele>
			</trkpt>
			<trkpt lat="50.815185" lon="14.494856">
				<ele>445.000000</ele>
			</trkpt>
			<trkpt lat="50.815134" lon="14.494919">
				<ele>445.000000</ele>
			</trkpt>
			<trkpt lat="50.815060" lon="14.495063">
				<ele>443.000000</ele>
			</trkpt>
			<trkpt lat="50.815038" lon="14.495135">
				<ele>442.000000</ele>
			</trkpt>
			<trkpt lat="50.815026" lon="14.495206">
				<ele>442.000000</ele>
			</trkpt>
			<trkpt lat="50.815004" lon="14.495378">
				<ele>440.000000</ele>
			</trkpt>
			<trkpt lat="50.814975" lon="14.495512">
				<ele>439.000000</ele>
			</trkpt>
			<trkpt lat="50.814941" lon="14.495628">
				<ele>438.000000</ele>
			</trkpt>
			<trkpt lat="50.814879" lon="14.495799">
				<ele>436.000000</ele>
			</trkpt>
			<trkpt lat="50.814839" lon="14.495889">
				<ele>435.000000</ele>
			</trkpt>
			<trkpt lat="50.814788" lon="14.495961">
				<ele>434.000000</ele>
			</trkpt>
			<trkpt lat="50.814725" lon="14.495997">
				<ele>433.000000</ele>
			</trkpt>
			<trkpt lat="50.814646" lon="14.496015">
				<ele>431.000000</ele>
			</trkpt>
			<trkpt lat="50.814527" lon="14.496005">
				<ele>430.000000</ele>
			</trkpt>
			<trkpt lat="50.814447" lon="14.495988">
				<ele>428.000000</ele>
			</trkpt>
			<trkpt lat="50.814391" lon="14.495934">
				<ele>427.000000</ele>
			</trkpt>
			<trkpt lat="50.814357" lon="14.495844">
				<ele>426.000000</ele>
			</trkpt>
			<trkpt lat="50.814237" lon="14.495413">
				<ele>422.000000</ele>
			</trkpt>
			<trkpt lat="50.814175" lon="14.495215">
				<ele>419.000000</ele>
			</trkpt>
			<trkpt lat="50.814118" lon="14.495126">
				<ele>418.000000</ele>
			</trkpt>
			<trkpt lat="50.814090" lon="14.495099">
				<ele>418.000000</ele>
			</trkpt>
			<trkpt lat="50.814067" lon="14.495081">
				<ele>418.000000</ele>
			</trkpt>
			<trkpt lat="50.814021" lon="14.495072">
				<ele>417.000000</ele>
			</trkpt>
			<trkpt lat="50.813976" lon="14.495089">
				<ele>416.000000</ele>
			</trkpt>
			<trkpt lat="50.813795" lon="14.495143">
				<ele>414.000000</ele>
			</trkpt>
			<trkpt lat="50.813732" lon="14.495143">
				<ele>413.000000</ele>
			</trkpt>
			<trkpt lat="50.813687" lon="14.495135">
				<ele>413.000000</ele>
			</trkpt>
			<trkpt lat="50.813579" lon="14.495063">
				<ele>411.000000</ele>
			</trkpt>
			<trkpt lat="50.813516" lon="14.495036">
				<ele>411.000000</ele>
			</trkpt>
			<trkpt lat="50.813471" lon="14.495036">
				<ele>410.000000</ele>
			</trkpt>
			<trkpt lat="50.813426" lon="14.495053">
				<ele>409.000000</ele>
			</trkpt>
			<trkpt lat="50.813380" lon="14.495089">
				<ele>409.000000</ele>
			</trkpt>
			<trkpt lat="50.813346" lon="14.495152">
				<ele>408.000000</ele>
			</trkpt>
			<trkpt lat="50.813097" lon="14.495548">
				<ele>405.000000</ele>
			</trkpt>
			<trkpt lat="50.813017" lon="14.495638">
				<ele>404.000000</ele>
			</trkpt>
			<trkpt lat="50.812943" lon="14.495692">
				<ele>404.000000</ele>
			</trkpt>
			<trkpt lat="50.812853" lon="14.495709">
				<ele>403.000000</ele>
			</trkpt>
			<trkpt lat="50.812699" lon="14.495692">
				<ele>402.000000</ele>
			</trkpt>
			<trkpt lat="50.812659" lon="14.496392">
				<ele>403.000000</ele>
			</trkpt>
			<trkpt lat="50.812614" lon="14.496860">
				<ele>403.000000</ele>
			</trkpt>
			<trkpt lat="50.812597" lon="14.497021">
				<ele>403.000000</ele>
			</trkpt>
			<trkpt lat="50.812563" lon="14.497156">
				<ele>403.000000</ele>
			</trkpt>
			<trkpt lat="50.812529" lon="14.497290">
				<ele>403.000000</ele>
			</trkpt>
			<trkpt lat="50.812484" lon="14.497416">
				<ele>403.000000</ele>
			</trkpt>
			<trkpt lat="50.812421" lon="14.497542">
				<ele>404.000000</ele>
			</trkpt>
			<trkpt lat="50.812330" lon="14.497703">
				<ele>404.000000</ele>
			</trkpt>
			<trkpt lat="50.812052" lon="14.498171">
				<ele>404.000000</ele>
			</trkpt>
			<trkpt lat="50.811927" lon="14.498387">
				<ele>404.000000</ele>
			</trkpt>
			<trkpt lat="50.811814" lon="14.498602">
				<ele>405.000000</ele>
			</trkpt>
			<trkpt lat="50.811411" lon="14.499258">
				<ele>405.000000</ele>
			</trkpt>
			<trkpt lat="50.811133" lon="14.499716">
				<ele>406.000000</ele>
			</trkpt>
			<trkpt lat="50.810905" lon="14.500129">
				<ele>407.000000</ele>
			</trkpt>
			<trkpt lat="50.810820" lon="14.499932">
				<ele>407.000000</ele>
			</trkpt>
			<trkpt lat="50.810775" lon="14.499815">
				<ele>407.000000</ele>
			</trkpt>
			<trkpt lat="50.810741" lon="14.499680">
				<ele>406.000000</ele>
			</trkpt>
			<trkpt lat="50.810712" lon="14.499483">
				<ele>406.000000</ele>
			</trkpt>
			<trkpt lat="50.810644" lon="14.498871">
				<ele>406.000000</ele>
			</trkpt>
			<trkpt lat="50.810599" lon="14.498611">
				<ele>405.000000</ele>
			</trkpt>
			<trkpt lat="50.810571" lon="14.498431">
				<ele>405.000000</ele>
			</trkpt>
			<trkpt lat="50.810553" lon="14.498269">
				<ele>405.000000</ele>
			</trkpt>
			<trkpt lat="50.810559" lon="14.498144">
				<ele>405.000000</ele>
			</trkpt>
			<trkpt lat="50.810599" lon="14.498000">
				<ele>408.000000</ele>
			</trkpt>
			<trkpt lat="50.810491" lon="14.497992">
				<ele>408.000000</ele>
			</trkpt>
			<trkpt lat="50.810338" lon="14.497946">
				<ele>408.000000</ele>
			</trkpt>
			<trkpt lat="50.810281" lon="14.497938">
				<ele>408.000000</ele>
			</trkpt>
			<trkpt lat="50.810014" lon="14.497829">
				<ele>409.000000</ele>
			</trkpt>
			<trkpt lat="50.809708" lon="14.497686">
				<ele>410.000000</ele>
			</trkpt>
			<trkpt lat="50.809577" lon="14.497650">
				<ele>410.000000</ele>
			</trkpt>
			<trkpt lat="50.809543" lon="14.497650">
				<ele>411.000000</ele>
			</trkpt>
			<trkpt lat="50.809515" lon="14.497650">
				<ele>411.000000</ele>
			</trkpt>
			<trkpt lat="50.809106" lon="14.497875">
				<ele>412.000000</ele>
			</trkpt>
			<trkpt lat="50.808970" lon="14.497965">
				<ele>412.000000</ele>
			</trkpt>
			<trkpt lat="50.808851" lon="14.498063">
				<ele>413.000000</ele>
			</trkpt>
			<trkpt lat="50.808766" lon="14.498179">
				<ele>413.000000</ele>
			</trkpt>
			<trkpt lat="50.808663" lon="14.498368">
				<ele>414.000000</ele>
			</trkpt>
			<trkpt lat="50.808538" lon="14.498620">
				<ele>414.000000</ele>
			</trkpt>
			<trkpt lat="50.808442" lon="14.498854">
				<ele>415.000000</ele>
			</trkpt>
			<trkpt lat="50.808351" lon="14.499060">
				<ele>415.000000</ele>
			</trkpt>
			<trkpt lat="50.808266" lon="14.499339">
				<ele>416.000000</ele>
			</trkpt>
			<trkpt lat="50.808232" lon="14.499447">
				<ele>417.000000</ele>
			</trkpt>
			<trkpt lat="50.808027" lon="14.500120">
				<ele>419.000000</ele>
			</trkpt>
			<trkpt lat="50.807909" lon="14.500435">
				<ele>420.000000</ele>
			</trkpt>
			<trkpt lat="50.807846" lon="14.500569">
				<ele>420.000000</ele>
			</trkpt>
			<trkpt lat="50.807783" lon="14.500678">
				<ele>420.000000</ele>
			</trkpt>
			<trkpt lat="50.807721" lon="14.500758">
				<ele>421.000000</ele>
			</trkpt>
			<trkpt lat="50.807642" lon="14.500848">
				<ele>421.000000</ele>
			</trkpt>
			<trkpt lat="50.807528" lon="14.500965">
				<ele>421.000000</ele>
			</trkpt>
			<trkpt lat="50.807312" lon="14.501135">
				<ele>422.000000</ele>
			</trkpt>
			<trkpt lat="50.807227" lon="14.501216">
				<ele>422.000000</ele>
			</trkpt>
			<trkpt lat="50.807131" lon="14.501334">
				<ele>423.000000</ele>
			</trkpt>
			<trkpt lat="50.807034" lon="14.501504">
				<ele>423.000000</ele>
			</trkpt>
			<trkpt lat="50.806830" lon="14.501908">
				<ele>424.000000</ele>
			</trkpt>
			<trkpt lat="50.806705" lon="14.502106">
				<ele>424.000000</ele>
			</trkpt>
			<trkpt lat="50.806580" lon="14.502321">
				<ele>425.000000</ele>
			</trkpt>
			<trkpt lat="50.806506" lon="14.502492">
				<ele>426.000000</ele>
			</trkpt>
			<trkpt lat="50.806472" lon="14.502573">
				<ele>426.000000</ele>
			</trkpt>
			<trkpt lat="50.806455" lon="14.502672">
				<ele>427.000000</ele>
			</trkpt>
			<trkpt lat="50.806421" lon="14.502905">
				<ele>428.000000</ele>
			</trkpt>
			<trkpt lat="50.806410" lon="14.503255">
				<ele>430.000000</ele>
			</trkpt>
			<trkpt lat="50.806415" lon="14.503651">
				<ele>431.000000</ele>
			</trkpt>
			<trkpt lat="50.806415" lon="14.503857">
				<ele>431.000000</ele>
			</trkpt>
			<trkpt lat="50.806415" lon="14.503984">
				<ele>432.000000</ele>
			</trkpt>
			<trkpt lat="50.806398" lon="14.504091">
				<ele>432.000000</ele>
			</trkpt>
			<trkpt lat="50.806370" lon="14.504234">
				<ele>432.000000</ele>
			</trkpt>
			<trkpt lat="50.806336" lon="14.504351">
				<ele>433.000000</ele>
			</trkpt>
			<trkpt lat="50.806302" lon="14.504450">
				<ele>433.000000</ele>
			</trkpt>
			<trkpt lat="50.806245" lon="14.504550">
				<ele>433.000000</ele>
			</trkpt>
			<trkpt lat="50.806194" lon="14.504639">
				<ele>434.000000</ele>
			</trkpt>
			<trkpt lat="50.806086" lon="14.504819">
				<ele>434.000000</ele>
			</trkpt>
			<trkpt lat="50.805961" lon="14.505060">
				<ele>435.000000</ele>
			</trkpt>
			<trkpt lat="50.805932" lon="14.505160">
				<ele>435.000000</ele>
			</trkpt>
			<trkpt lat="50.805927" lon="14.505232">
				<ele>435.000000</ele>
			</trkpt>
			<trkpt lat="50.805916" lon="14.505330">
				<ele>435.000000</ele>
			</trkpt>
			<trkpt lat="50.805927" lon="14.505439">
				<ele>436.000000</ele>
			</trkpt>
			<trkpt lat="50.805881" lon="14.505663">
				<ele>436.000000</ele>
			</trkpt>
			<trkpt lat="50.805791" lon="14.505915">
				<ele>436.000000</ele>
			</trkpt>
			<trkpt lat="50.805677" lon="14.506175">
				<ele>437.000000</ele>
			</trkpt>
			<trkpt lat="50.805586" lon="14.506318">
				<ele>437.000000</ele>
			</trkpt>
			<trkpt lat="50.805541" lon="14.506372">
				<ele>437.000000</ele>
			</trkpt>
			<trkpt lat="50.805496" lon="14.506418">
				<ele>437.000000</ele>
			</trkpt>
			<trkpt lat="50.805428" lon="14.506462">
				<ele>437.000000</ele>
			</trkpt>
			<trkpt lat="50.805371" lon="14.506471">
				<ele>438.000000</ele>
			</trkpt>
			<trkpt lat="50.804746" lon="14.506678">
				<ele>439.000000</ele>
			</trkpt>
			<trkpt lat="50.804440" lon="14.506758">
				<ele>440.000000</ele>
			</trkpt>
			<trkpt lat="50.804337" lon="14.506785">
				<ele>440.000000</ele>
			</trkpt>
			<trkpt lat="50.804252" lon="14.506831">
				<ele>440.000000</ele>
			</trkpt>
			<trkpt lat="50.804008" lon="14.506984">
				<ele>441.000000</ele>
			</trkpt>
			<trkpt lat="50.803889" lon="14.507055">
				<ele>442.000000</ele>
			</trkpt>
			<trkpt lat="50.803651" lon="14.507171">
				<ele>443.000000</ele>
			</trkpt>
			<trkpt lat="50.803531" lon="14.507234">
				<ele>444.000000</ele>
			</trkpt>
			<trkpt lat="50.803077" lon="14.507523">
				<ele>446.000000</ele>
			</trkpt>
			<trkpt lat="50.802975" lon="14.507576">
				<ele>447.000000</ele>
			</trkpt>
			<trkpt lat="50.802896" lon="14.507647">
				<ele>447.000000</ele>
			</trkpt>
			<trkpt lat="50.802697" lon="14.507863">
				<ele>449.000000</ele>
			</trkpt>
			<trkpt lat="50.802555" lon="14.508035">
				<ele>450.000000</ele>
			</trkpt>
			<trkpt lat="50.802288" lon="14.508393">
				<ele>451.000000</ele>
			</trkpt>
			<trkpt lat="50.802134" lon="14.508565">
				<ele>451.000000</ele>
			</trkpt>
			<trkpt lat="50.802044" lon="14.508655">
				<ele>451.000000</ele>
			</trkpt>
			<trkpt lat="50.801947" lon="14.508726">
				<ele>451.000000</ele>
			</trkpt>
			<trkpt lat="50.801839" lon="14.508779">
				<ele>452.000000</ele>
			</trkpt>
			<trkpt lat="50.801743" lon="14.508825">
				<ele>452.000000</ele>
			</trkpt>
			<trkpt lat="50.801272" lon="14.509005">
				<ele>453.000000</ele>
			</trkpt>
			<trkpt lat="50.801158" lon="14.509049">
				<ele>453.000000</ele>
			</trkpt>
			<trkpt lat="50.801033" lon="14.509058">
				<ele>453.000000</ele>
			</trkpt>
			<trkpt lat="50.800914" lon="14.509058">
				<ele>453.000000</ele>
			</trkpt>
			<trkpt lat="50.800789" lon="14.509068">
				<ele>454.000000</ele>
			</trkpt>
			<trkpt lat="50.800557" lon="14.509049">
				<ele>454.000000</ele>
			</trkpt>
			<trkpt lat="50.800471" lon="14.509085">
				<ele>454.000000</ele>
			</trkpt>
			<trkpt lat="50.800392" lon="14.509121">
				<ele>454.000000</ele>
			</trkpt>
			<trkpt lat="50.799989" lon="14.509400">
				<ele>456.000000</ele>
			</trkpt>
			<trkpt lat="50.799682" lon="14.509561">
				<ele>459.000000</ele>
			</trkpt>
			<trkpt lat="50.799586" lon="14.509634">
				<ele>460.000000</ele>
			</trkpt>
			<trkpt lat="50.799494" lon="14.509714">
				<ele>462.000000</ele>
			</trkpt>
			<trkpt lat="50.799404" lon="14.509831">
				<ele>463.000000</ele>
			</trkpt>
			<trkpt lat="50.799353" lon="14.509911">
				<ele>464.000000</ele>
			</trkpt>
			<trkpt lat="50.799336" lon="14.510001">
				<ele>465.000000</ele>
			</trkpt>
			<trkpt lat="50.799319" lon="14.510074">
				<ele>466.000000</ele>
			</trkpt>
			<trkpt lat="50.799324" lon="14.510173">
				<ele>467.000000</ele>
			</trkpt>
			<trkpt lat="50.799336" lon="14.510297">
				<ele>468.000000</ele>
			</trkpt>
			<trkpt lat="50.799376" lon="14.510487">
				<ele>470.000000</ele>
			</trkpt>
			<trkpt lat="50.799381" lon="14.510613">
				<ele>471.000000</ele>
			</trkpt>
			<trkpt lat="50.799376" lon="14.510729">
				<ele>471.000000</ele>
			</trkpt>
			<trkpt lat="50.799347" lon="14.510855">
				<ele>472.000000</ele>
			</trkpt>
			<trkpt lat="50.799285" lon="14.511035">
				<ele>473.000000</ele>
			</trkpt>
			<trkpt lat="50.799239" lon="14.511196">
				<ele>474.000000</ele>
			</trkpt>
			<trkpt lat="50.799216" lon="14.511349">
				<ele>475.000000</ele>
			</trkpt>
			<trkpt lat="50.799199" lon="14.511538">
				<ele>476.000000</ele>
			</trkpt>
			<trkpt lat="50.799171" lon="14.512005">
				<ele>478.000000</ele>
			</trkpt>
			<trkpt lat="50.799154" lon="14.512158">
				<ele>479.000000</ele>
			</trkpt>
			<trkpt lat="50.799131" lon="14.512274">
				<ele>479.000000</ele>
			</trkpt>
			<trkpt lat="50.799091" lon="14.512391">
				<ele>480.000000</ele>
			</trkpt>
			<trkpt lat="50.799029" lon="14.512517">
				<ele>480.000000</ele>
			</trkpt>
			<trkpt lat="50.798995" lon="14.512571">
				<ele>481.000000</ele>
			</trkpt>
			<trkpt lat="50.798961" lon="14.512616">
				<ele>481.000000</ele>
			</trkpt>
			<trkpt lat="50.798813" lon="14.512706">
				<ele>481.000000</ele>
			</trkpt>
			<trkpt lat="50.798688" lon="14.512750">
				<ele>482.000000</ele>
			</trkpt>
			<trkpt lat="50.798564" lon="14.512760">
				<ele>482.000000</ele>
			</trkpt>
			<trkpt lat="50.798166" lon="14.512813">
				<ele>484.000000</ele>
			</trkpt>
			<trkpt lat="50.797819" lon="14.512859">
				<ele>485.000000</ele>
			</trkpt>
			<trkpt lat="50.797734" lon="14.512886">
				<ele>485.000000</ele>
			</trkpt>
			<trkpt lat="50.797672" lon="14.512930">
				<ele>485.000000</ele>
			</trkpt>
			<trkpt lat="50.797610" lon="14.513002">
				<ele>485.000000</ele>
			</trkpt>
			<trkpt lat="50.797570" lon="14.513100">
				<ele>485.000000</ele>
			</trkpt>
			<trkpt lat="50.797422" lon="14.513416">
				<ele>485.000000</ele>
			</trkpt>
			<trkpt lat="50.797343" lon="14.513712">
				<ele>487.000000</ele>
			</trkpt>
			<trkpt lat="50.797320" lon="14.513838">
				<ele>487.000000</ele>
			</trkpt>
			<trkpt lat="50.797326" lon="14.513981">
				<ele>488.000000</ele>
			</trkpt>
			<trkpt lat="50.797354" lon="14.514134">
				<ele>489.000000</ele>
			</trkpt>
			<trkpt lat="50.797411" lon="14.514368">
				<ele>490.000000</ele>
			</trkpt>
			<trkpt lat="50.797439" lon="14.514592">
				<ele>492.000000</ele>
			</trkpt>
			<trkpt lat="50.797457" lon="14.514798">
				<ele>493.000000</ele>
			</trkpt>
			<trkpt lat="50.797468" lon="14.515140">
				<ele>495.000000</ele>
			</trkpt>
			<trkpt lat="50.797485" lon="14.515410">
				<ele>497.000000</ele>
			</trkpt>
			<trkpt lat="50.797513" lon="14.515724">
				<ele>499.000000</ele>
			</trkpt>
			<trkpt lat="50.797570" lon="14.516047">
				<ele>502.000000</ele>
			</trkpt>
			<trkpt lat="50.797632" lon="14.516362">
				<ele>506.000000</ele>
			</trkpt>
			<trkpt lat="50.797729" lon="14.516775">
				<ele>510.000000</ele>
			</trkpt>
			<trkpt lat="50.797752" lon="14.516928">
				<ele>510.000000</ele>
			</trkpt>
			<trkpt lat="50.797774" lon="14.517125">
				<ele>511.000000</ele>
			</trkpt>
			<trkpt lat="50.797757" lon="14.517368">
				<ele>512.000000</ele>
			</trkpt>
			<trkpt lat="50.797740" lon="14.517467">
				<ele>513.000000</ele>
			</trkpt>
			<trkpt lat="50.797712" lon="14.517584">
				<ele>513.000000</ele>
			</trkpt>
			<trkpt lat="50.797649" lon="14.517781">
				<ele>514.000000</ele>
			</trkpt>
			<trkpt lat="50.797519" lon="14.518050">
				<ele>516.000000</ele>
			</trkpt>
			<trkpt lat="50.797457" lon="14.518194">
				<ele>517.000000</ele>
			</trkpt>
			<trkpt lat="50.797416" lon="14.518320">
				<ele>517.000000</ele>
			</trkpt>
			<trkpt lat="50.797383" lon="14.518455">
				<ele>518.000000</ele>
			</trkpt>
			<trkpt lat="50.797365" lon="14.518626">
				<ele>519.000000</ele>
			</trkpt>
			<trkpt lat="50.797337" lon="14.518877">
				<ele>520.000000</ele>
			</trkpt>
			<trkpt lat="50.797286" lon="14.519066">
				<ele>521.000000</ele>
			</trkpt>
			<trkpt lat="50.797223" lon="14.519219">
				<ele>523.000000</ele>
			</trkpt>
			<trkpt lat="50.797127" lon="14.519362">
				<ele>525.000000</ele>
			</trkpt>
			<trkpt lat="50.797025" lon="14.519461">
				<ele>527.000000</ele>
			</trkpt>
			<trkpt lat="50.796956" lon="14.519515">
				<ele>528.000000</ele>
			</trkpt>
			<trkpt lat="50.796900" lon="14.519524">
				<ele>529.000000</ele>
			</trkpt>
			<trkpt lat="50.796854" lon="14.519506">
				<ele>529.000000</ele>
			</trkpt>
			<trkpt lat="50.796820" lon="14.519488">
				<ele>530.000000</ele>
			</trkpt>
			<trkpt lat="50.796786" lon="14.519452">
				<ele>530.000000</ele>
			</trkpt>
			<trkpt lat="50.796758" lon="14.519408">
				<ele>531.000000</ele>
			</trkpt>
			<trkpt lat="50.796718" lon="14.519353">
				<ele>531.000000</ele>
			</trkpt>
			<trkpt lat="50.796673" lon="14.519209">
				<ele>532.000000</ele>
			</trkpt>
			<trkpt lat="50.796622" lon="14.518993">
				<ele>533.000000</ele>
			</trkpt>
			<trkpt lat="50.796594" lon="14.518932">
				<ele>533.000000</ele>
			</trkpt>
			<trkpt lat="50.796559" lon="14.518868">
				<ele>533.000000</ele>
			</trkpt>
			<trkpt lat="50.796497" lon="14.518832">
				<ele>534.000000</ele>
			</trkpt>
			<trkpt lat="50.796429" lon="14.518805">
				<ele>534.000000</ele>
			</trkpt>
			<trkpt lat="50.796360" lon="14.518832">
				<ele>535.000000</ele>
			</trkpt>
			<trkpt lat="50.796287" lon="14.518886">
				<ele>536.000000</ele>
			</trkpt>
			<trkpt lat="50.796287" lon="14.519102">
				<ele>538.000000</ele>
			</trkpt>
			<trkpt lat="50.796287" lon="14.519299">
				<ele>540.000000</ele>
			</trkpt>
			<trkpt lat="50.796298" lon="14.519452">
				<ele>541.000000</ele>
			</trkpt>
			<trkpt lat="50.796327" lon="14.519587">
				<ele>541.000000</ele>
			</trkpt>
			<trkpt lat="50.796383" lon="14.519685">
				<ele>542.000000</ele>
			</trkpt>
			<trkpt lat="50.796468" lon="14.519811">
				<ele>543.000000</ele>
			</trkpt>
			<trkpt lat="50.796604" lon="14.519974">
				<ele>544.000000</ele>
			</trkpt>
			<trkpt lat="50.796696" lon="14.520134">
				<ele>545.000000</ele>
			</trkpt>
			<trkpt lat="50.796769" lon="14.520287">
				<ele>545.000000</ele>
			</trkpt>
			<trkpt lat="50.796843" lon="14.520485">
				<ele>546.000000</ele>
			</trkpt>
			<trkpt lat="50.796917" lon="14.520754">
				<ele>548.000000</ele>
			</trkpt>
			<trkpt lat="50.796979" lon="14.520934">
				<ele>549.000000</ele>
			</trkpt>
			<trkpt lat="50.797053" lon="14.521105">
				<ele>549.000000</ele>
			</trkpt>
			<trkpt lat="50.797133" lon="14.521249">
				<ele>550.000000</ele>
			</trkpt>
			<trkpt lat="50.797241" lon="14.521402">
				<ele>551.000000</ele>
			</trkpt>
			<trkpt lat="50.797422" lon="14.521626">
				<ele>553.000000</ele>
			</trkpt>
			<trkpt lat="50.797712" lon="14.521913">
				<ele>555.000000</ele>
			</trkpt>
			<trkpt lat="50.797911" lon="14.522092">
				<ele>558.000000</ele>
			</trkpt>
			<trkpt lat="50.798030" lon="14.522219">
				<ele>559.000000</ele>
			</trkpt>
			<trkpt lat="50.798064" lon="14.522272">
				<ele>560.000000</ele>
			</trkpt>
			<trkpt lat="50.798098" lon="14.522345">
				<ele>560.000000</ele>
			</trkpt>
			<trkpt lat="50.798263" lon="14.522695">
				<ele>562.000000</ele>
			</trkpt>
			<trkpt lat="50.798518" lon="14.523190">
				<ele>565.000000</ele>
			</trkpt>
			<trkpt lat="50.798564" lon="14.523261">
				<ele>565.000000</ele>
			</trkpt>
			<trkpt lat="50.798615" lon="14.523333">
				<ele>565.000000</ele>
			</trkpt>
			<trkpt lat="50.798870" lon="14.523540">
				<ele>568.000000</ele>
			</trkpt>
			<trkpt lat="50.799103" lon="14.523700">
				<ele>570.000000</ele>
			</trkpt>
			<trkpt lat="50.799097" lon="14.523782">
				<ele>570.000000</ele>
			</trkpt>
			<trkpt lat="50.799086" lon="14.523853">
				<ele>570.000000</ele>
			</trkpt>
			<trkpt lat="50.799069" lon="14.523926">
				<ele>570.000000</ele>
			</trkpt>
			<trkpt lat="50.799035" lon="14.523997">
				<ele>571.000000</ele>
			</trkpt>
			<trkpt lat="50.798978" lon="14.524115">
				<ele>571.000000</ele>
			</trkpt>
			<trkpt lat="50.798933" lon="14.524240">
				<ele>572.000000</ele>
			</trkpt>
			<trkpt lat="50.798796" lon="14.524779">
				<ele>574.000000</ele>
			</trkpt>
			<trkpt lat="50.798757" lon="14.524905">
				<ele>574.000000</ele>
			</trkpt>
			<trkpt lat="50.798739" lon="14.524968">
				<ele>575.000000</ele>
			</trkpt>
			<trkpt lat="50.798739" lon="14.525039">
				<ele>575.000000</ele>
			</trkpt>
			<trkpt lat="50.798757" lon="14.525094">
				<ele>575.000000</ele>
			</trkpt>
			<trkpt lat="50.798876" lon="14.525435">
				<ele>579.000000</ele>
			</trkpt>
			<trkpt lat="50.798904" lon="14.525561">
				<ele>580.000000</ele>
			</trkpt>
			<trkpt lat="50.798933" lon="14.525704">
				<ele>581.000000</ele>
			</trkpt>
			<trkpt lat="50.798990" lon="14.526171">
				<ele>584.000000</ele>
			</trkpt>
			<trkpt lat="50.799069" lon="14.526639">
				<ele>586.000000</ele>
			</trkpt>
			<trkpt lat="50.799114" lon="14.526845">
				<ele>587.000000</ele>
			</trkpt>
			<trkpt lat="50.799183" lon="14.527016">
				<ele>588.000000</ele>
			</trkpt>
			<trkpt lat="50.799250" lon="14.527142">
				<ele>589.000000</ele>
			</trkpt>
			<trkpt lat="50.799404" lon="14.527339">
				<ele>590.000000</ele>
			</trkpt>
			<trkpt lat="50.799443" lon="14.527411">
				<ele>590.000000</ele>
			</trkpt>
			<trkpt lat="50.799472" lon="14.527482">
				<ele>591.000000</ele>
			</trkpt>
			<trkpt lat="50.799523" lon="14.527681">
				<ele>591.000000</ele>
			</trkpt>
			<trkpt lat="50.799535" lon="14.527779">
				<ele>592.000000</ele>
			</trkpt>
			<trkpt lat="50.799546" lon="14.527869">
				<ele>592.000000</ele>
			</trkpt>
			<trkpt lat="50.799546" lon="14.527968">
				<ele>592.000000</ele>
			</trkpt>
			<trkpt lat="50.799529" lon="14.528048">
				<ele>593.000000</ele>
			</trkpt>
			<trkpt lat="50.799506" lon="14.528148">
				<ele>593.000000</ele>
			</trkpt>
			<trkpt lat="50.799472" lon="14.528237">
				<ele>593.000000</ele>
			</trkpt>
			<trkpt lat="50.799387" lon="14.528463">
				<ele>594.000000</ele>
			</trkpt>
			<trkpt lat="50.799347" lon="14.528606">
				<ele>595.000000</ele>
			</trkpt>
			<trkpt lat="50.799324" lon="14.528750">
				<ele>595.000000</ele>
			</trkpt>
			<trkpt lat="50.799313" lon="14.528920">
				<ele>596.000000</ele>
			</trkpt>
			<trkpt lat="50.799313" lon="14.529100">
				<ele>597.000000</ele>
			</trkpt>
			<trkpt lat="50.799296" lon="14.529262">
				<ele>597.000000</ele>
			</trkpt>
			<trkpt lat="50.799273" lon="14.529396">
				<ele>598.000000</ele>
			</trkpt>
			<trkpt lat="50.799234" lon="14.529558">
				<ele>598.000000</ele>
			</trkpt>
			<trkpt lat="50.799183" lon="14.529738">
				<ele>599.000000</ele>
			</trkpt>
			<trkpt lat="50.799154" lon="14.529908">
				<ele>600.000000</ele>
			</trkpt>
			<trkpt lat="50.799137" lon="14.530098">
				<ele>600.000000</ele>
			</trkpt>
			<trkpt lat="50.799142" lon="14.530322">
				<ele>601.000000</ele>
			</trkpt>
			<trkpt lat="50.799177" lon="14.530807">
				<ele>603.000000</ele>
			</trkpt>
			<trkpt lat="50.799199" lon="14.531103">
				<ele>605.000000</ele>
			</trkpt>
			<trkpt lat="50.799216" lon="14.531346">
				<ele>606.000000</ele>
			</trkpt>
			<trkpt lat="50.799154" lon="14.531373">
				<ele>606.000000</ele>
			</trkpt>
			<trkpt lat="50.799109" lon="14.531400">
				<ele>607.000000</ele>
			</trkpt>
			<trkpt lat="50.798983" lon="14.531534">
				<ele>608.000000</ele>
			</trkpt>
			<trkpt lat="50.798939" lon="14.531570">
				<ele>608.000000</ele>
			</trkpt>
			<trkpt lat="50.798910" lon="14.531706">
				<ele>609.000000</ele>
			</trkpt>
			<trkpt lat="50.798887" lon="14.531777">
				<ele>609.000000</ele>
			</trkpt>
			<trkpt lat="50.798842" lon="14.531830">
				<ele>610.000000</ele>
			</trkpt>
			<trkpt lat="50.798768" lon="14.531885">
				<ele>610.000000</ele>
			</trkpt>
			<trkpt lat="50.798717" lon="14.531929">
				<ele>611.000000</ele>
			</trkpt>
			<trkpt lat="50.798677" lon="14.531993">
				<ele>611.000000</ele>
			</trkpt>
			<trkpt lat="50.798654" lon="14.532046">
				<ele>611.000000</ele>
			</trkpt>
			<trkpt lat="50.798637" lon="14.532127">
				<ele>612.000000</ele>
			</trkpt>
			<trkpt lat="50.798626" lon="14.532199">
				<ele>612.000000</ele>
			</trkpt>
			<trkpt lat="50.798637" lon="14.532289">
				<ele>613.000000</ele>
			</trkpt>
			<trkpt lat="50.798672" lon="14.532603">
				<ele>614.000000</ele>
			</trkpt>
			<trkpt lat="50.798683" lon="14.532666">
				<ele>615.000000</ele>
			</trkpt>
			<trkpt lat="50.798700" lon="14.533035">
				<ele>616.000000</ele>
			</trkpt>
			<trkpt lat="50.798700" lon="14.533340">
				<ele>618.000000</ele>
			</trkpt>
			<trkpt lat="50.798705" lon="14.533645">
				<ele>619.000000</ele>
			</trkpt>
			<trkpt lat="50.798688" lon="14.534014">
				<ele>620.000000</ele>
			</trkpt>
			<trkpt lat="50.798660" lon="14.534400">
				<ele>620.000000</ele>
			</trkpt>
			<trkpt lat="50.798654" lon="14.534526">
				<ele>620.000000</ele>
			</trkpt>
			<trkpt lat="50.798626" lon="14.534669">
				<ele>620.000000</ele>
			</trkpt>
			<trkpt lat="50.798592" lon="14.534832">
				<ele>620.000000</ele>
			</trkpt>
			<trkpt lat="50.798580" lon="14.534956">
				<ele>620.000000</ele>
			</trkpt>
			<trkpt lat="50.798580" lon="14.535038">
				<ele>620.000000</ele>
			</trkpt>
			<trkpt lat="50.798546" lon="14.535199">
				<ele>620.000000</ele>
			</trkpt>
			<trkpt lat="50.798444" lon="14.535855">
				<ele>620.000000</ele>
			</trkpt>
			<trkpt lat="50.798428" lon="14.536061">
				<ele>620.000000</ele>
			</trkpt>
			<trkpt lat="50.798410" lon="14.536304">
				<ele>620.000000</ele>
			</trkpt>
			<trkpt lat="50.798410" lon="14.536421">
				<ele>620.000000</ele>
			</trkpt>
			<trkpt lat="50.798382" lon="14.536503">
				<ele>620.000000</ele>
			</trkpt>
			<trkpt lat="50.798348" lon="14.536601">
				<ele>620.000000</ele>
			</trkpt>
			<trkpt lat="50.798285" lon="14.536690">
				<ele>620.000000</ele>
			</trkpt>
			<trkpt lat="50.797229" lon="14.538317">
				<ele>618.000000</ele>
			</trkpt>
			<trkpt lat="50.797138" lon="14.538559">
				<ele>616.000000</ele>
			</trkpt>
			<trkpt lat="50.797087" lon="14.538801">
				<ele>614.000000</ele>
			</trkpt>
			<trkpt lat="50.797053" lon="14.538954">
				<ele>613.000000</ele>
			</trkpt>
			<trkpt lat="50.796997" lon="14.539161">
				<ele>610.000000</ele>
			</trkpt>
			<trkpt lat="50.796956" lon="14.539331">
				<ele>609.000000</ele>
			</trkpt>
			<trkpt lat="50.796928" lon="14.539556">
				<ele>606.000000</ele>
			</trkpt>
			<trkpt lat="50.796883" lon="14.539772">
				<ele>604.000000</ele>
			</trkpt>
			<trkpt lat="50.796832" lon="14.539952">
				<ele>603.000000</ele>
			</trkpt>
			<trkpt lat="50.796753" lon="14.540095">
				<ele>602.000000</ele>
			</trkpt>
			<trkpt lat="50.796645" lon="14.540239">
				<ele>600.000000</ele>
			</trkpt>
			<trkpt lat="50.796582" lon="14.540329">
				<ele>599.000000</ele>
			</trkpt>
			<trkpt lat="50.796525" lon="14.540409">
				<ele>599.000000</ele>
			</trkpt>
			<trkpt lat="50.796491" lon="14.540526">
				<ele>598.000000</ele>
			</trkpt>
			<trkpt lat="50.796445" lon="14.540671">
				<ele>597.000000</ele>
			</trkpt>
			<trkpt lat="50.796224" lon="14.541577">
				<ele>590.000000</ele>
			</trkpt>
			<trkpt lat="50.796105" lon="14.542206">
				<ele>580.000000</ele>
			</trkpt>
			<trkpt lat="50.796065" lon="14.542476">
				<ele>580.000000</ele>
			</trkpt>
			<trkpt lat="50.796048" lon="14.542547">
				<ele>580.000000</ele>
			</trkpt>
			<trkpt lat="50.796014" lon="14.542629">
				<ele>580.000000</ele>
			</trkpt>
			<trkpt lat="50.795980" lon="14.542700">
				<ele>580.000000</ele>
			</trkpt>
			<trkpt lat="50.795923" lon="14.542826">
				<ele>577.000000</ele>
			</trkpt>
			<trkpt lat="50.795844" lon="14.542853">
				<ele>577.000000</ele>
			</trkpt>
			<trkpt lat="50.795685" lon="14.542935">
				<ele>576.000000</ele>
			</trkpt>
			<trkpt lat="50.795503" lon="14.542961">
				<ele>575.000000</ele>
			</trkpt>
			<trkpt lat="50.795253" lon="14.542961">
				<ele>572.000000</ele>
			</trkpt>
			<trkpt lat="50.795083" lon="14.542979">
				<ele>570.000000</ele>
			</trkpt>
			<trkpt lat="50.794929" lon="14.542996">
				<ele>568.000000</ele>
			</trkpt>
			<trkpt lat="50.794759" lon="14.543051">
				<ele>566.000000</ele>
			</trkpt>
			<trkpt lat="50.793641" lon="14.543428">
				<ele>556.000000</ele>
			</trkpt>
			<trkpt lat="50.792692" lon="14.543797">
				<ele>550.000000</ele>
			</trkpt>
			<trkpt lat="50.791778" lon="14.544191">
				<ele>547.000000</ele>
			</trkpt>
			<trkpt lat="50.790063" lon="14.544956">
				<ele>534.000000</ele>
			</trkpt>
			<trkpt lat="50.788780" lon="14.545512">
				<ele>527.000000</ele>
			</trkpt>
			<trkpt lat="50.786667" lon="14.546392">
				<ele>506.000000</ele>
			</trkpt>
			<trkpt lat="50.785054" lon="14.547093">
				<ele>488.000000</ele>
			</trkpt>
			<trkpt lat="50.784861" lon="14.547147">
				<ele>486.000000</ele>
			</trkpt>
			<trkpt lat="50.784441" lon="14.547254">
				<ele>482.000000</ele>
			</trkpt>
			<trkpt lat="50.784378" lon="14.547281">
				<ele>482.000000</ele>
			</trkpt>
			<trkpt lat="50.784316" lon="14.547281">
				<ele>482.000000</ele>
			</trkpt>
			<trkpt lat="50.784146" lon="14.547273">
				<ele>482.000000</ele>
			</trkpt>
			<trkpt lat="50.783629" lon="14.547103">
				<ele>481.000000</ele>
			</trkpt>
			<trkpt lat="50.783453" lon="14.547040">
				<ele>481.000000</ele>
			</trkpt>
			<trkpt lat="50.783270" lon="14.546967">
				<ele>481.000000</ele>
			</trkpt>
			<trkpt lat="50.782845" lon="14.546743">
				<ele>480.000000</ele>
			</trkpt>
			<trkpt lat="50.782839" lon="14.546743">
				<ele>480.000000</ele>
			</trkpt>
			<trkpt lat="50.782828" lon="14.546743">
				<ele>480.000000</ele>
			</trkpt>
			<trkpt lat="50.782606" lon="14.546761">
				<ele>480.000000</ele>
			</trkpt>
			<trkpt lat="50.782413" lon="14.546814">
				<ele>480.000000</ele>
			</trkpt>
			<trkpt lat="50.782242" lon="14.546895">
				<ele>480.000000</ele>
			</trkpt>
			<trkpt lat="50.782038" lon="14.547040">
				<ele>481.000000</ele>
			</trkpt>
			<trkpt lat="50.781868" lon="14.547164">
				<ele>481.000000</ele>
			</trkpt>
			<trkpt lat="50.781607" lon="14.547390">
				<ele>483.000000</ele>
			</trkpt>
			<trkpt lat="50.781033" lon="14.547910">
				<ele>485.000000</ele>
			</trkpt>
			<trkpt lat="50.780857" lon="14.548063">
				<ele>485.000000</ele>
			</trkpt>
			<trkpt lat="50.780738" lon="14.548172">
				<ele>485.000000</ele>
			</trkpt>
			<trkpt lat="50.780596" lon="14.548180">
				<ele>485.000000</ele>
			</trkpt>
			<trkpt lat="50.780260" lon="14.548172">
				<ele>484.000000</ele>
			</trkpt>
			<trkpt lat="50.779482" lon="14.548109">
				<ele>474.000000</ele>
			</trkpt>
			<trkpt lat="50.779022" lon="14.548396">
				<ele>470.000000</ele>
			</trkpt>
			<trkpt lat="50.778880" lon="14.548468">
				<ele>469.000000</ele>
			</trkpt>
			<trkpt lat="50.778789" lon="14.548495">
				<ele>468.000000</ele>
			</trkpt>
			<trkpt lat="50.778710" lon="14.548503">
				<ele>467.000000</ele>
			</trkpt>
			<trkpt lat="50.778619" lon="14.548476">
				<ele>466.000000</ele>
			</trkpt>
			<trkpt lat="50.778540" lon="14.548413">
				<ele>466.000000</ele>
			</trkpt>
			<trkpt lat="50.778386" lon="14.548333">
				<ele>465.000000</ele>
			</trkpt>
			<trkpt lat="50.778204" lon="14.548261">
				<ele>464.000000</ele>
			</trkpt>
			<trkpt lat="50.778096" lon="14.548235">
				<ele>464.000000</ele>
			</trkpt>
			<trkpt lat="50.778005" lon="14.548225">
				<ele>463.000000</ele>
			</trkpt>
			<trkpt lat="50.777915" lon="14.548252">
				<ele>463.000000</ele>
			</trkpt>
			<trkpt lat="50.777801" lon="14.548306">
				<ele>463.000000</ele>
			</trkpt>
			<trkpt lat="50.777653" lon="14.548413">
				<ele>462.000000</ele>
			</trkpt>
			<trkpt lat="50.777522" lon="14.548495">
				<ele>462.000000</ele>
			</trkpt>
			<trkpt lat="50.777398" lon="14.548539">
				<ele>461.000000</ele>
			</trkpt>
			<trkpt lat="50.777290" lon="14.548566">
				<ele>461.000000</ele>
			</trkpt>
			<trkpt lat="50.777182" lon="14.548575">
				<ele>460.000000</ele>
			</trkpt>
			<trkpt lat="50.777091" lon="14.548539">
				<ele>460.000000</ele>
			</trkpt>
			<trkpt lat="50.776971" lon="14.548485">
				<ele>458.000000</ele>
			</trkpt>
			<trkpt lat="50.776864" lon="14.548386">
				<ele>457.000000</ele>
			</trkpt>
			<trkpt lat="50.776745" lon="14.548279">
				<ele>455.000000</ele>
			</trkpt>
			<trkpt lat="50.776455" lon="14.547937">
				<ele>445.000000</ele>
			</trkpt>
			<trkpt lat="50.776375" lon="14.548055">
				<ele>445.000000</ele>
			</trkpt>
			<trkpt lat="50.776290" lon="14.548172">
				<ele>445.000000</ele>
			</trkpt>
			<trkpt lat="50.776171" lon="14.548252">
				<ele>445.000000</ele>
			</trkpt>
			<trkpt lat="50.776063" lon="14.548315">
				<ele>444.000000</ele>
			</trkpt>
			<trkpt lat="50.775989" lon="14.548323">
				<ele>443.000000</ele>
			</trkpt>
			<trkpt lat="50.775927" lon="14.548315">
				<ele>443.000000</ele>
			</trkpt>
			<trkpt lat="50.775864" lon="14.548288">
				<ele>442.000000</ele>
			</trkpt>
			<trkpt lat="50.775801" lon="14.548243">
				<ele>441.000000</ele>
			</trkpt>
			<trkpt lat="50.775495" lon="14.547973">
				<ele>438.000000</ele>
			</trkpt>
			<trkpt lat="50.775353" lon="14.547883">
				<ele>437.000000</ele>
			</trkpt>
			<trkpt lat="50.775279" lon="14.547820">
				<ele>436.000000</ele>
			</trkpt>
			<trkpt lat="50.775233" lon="14.547812">
				<ele>436.000000</ele>
			</trkpt>
			<trkpt lat="50.775171" lon="14.547812">
				<ele>435.000000</ele>
			</trkpt>
			<trkpt lat="50.775091" lon="14.547839">
				<ele>435.000000</ele>
			</trkpt>
			<trkpt lat="50.774813" lon="14.547929">
				<ele>432.000000</ele>
			</trkpt>
			<trkpt lat="50.774585" lon="14.547956">
				<ele>430.000000</ele>
			</trkpt>
			<trkpt lat="50.774444" lon="14.547946">
				<ele>429.000000</ele>
			</trkpt>
			<trkpt lat="50.774307" lon="14.547875">
				<ele>428.000000</ele>
			</trkpt>
			<trkpt lat="50.774148" lon="14.547793">
				<ele>427.000000</ele>
			</trkpt>
			<trkpt lat="50.774012" lon="14.547740">
				<ele>426.000000</ele>
			</trkpt>
			<trkpt lat="50.773865" lon="14.547696">
				<ele>425.000000</ele>
			</trkpt>
			<trkpt lat="50.773711" lon="14.547686">
				<ele>425.000000</ele>
			</trkpt>
			<trkpt lat="50.773444" lon="14.547686">
				<ele>425.000000</ele>
			</trkpt>
			<trkpt lat="50.773109" lon="14.547749">
				<ele>420.000000</ele>
			</trkpt>
			<trkpt lat="50.772348" lon="14.548109">
				<ele>415.000000</ele>
			</trkpt>
			<trkpt lat="50.772240" lon="14.548225">
				<ele>415.000000</ele>
			</trkpt>
			<trkpt lat="50.772132" lon="14.548323">
				<ele>414.000000</ele>
			</trkpt>
			<trkpt lat="50.771978" lon="14.548422">
				<ele>413.000000</ele>
			</trkpt>
			<trkpt lat="50.771756" lon="14.548548">
				<ele>412.000000</ele>
			</trkpt>
			<trkpt lat="50.771586" lon="14.548638">
				<ele>410.000000</ele>
			</trkpt>
			<trkpt lat="50.771030" lon="14.548889">
				<ele>406.000000</ele>
			</trkpt>
			<trkpt lat="50.770535" lon="14.549088">
				<ele>403.000000</ele>
			</trkpt>
			<trkpt lat="50.770462" lon="14.549114">
				<ele>403.000000</ele>
			</trkpt>
			<trkpt lat="50.770348" lon="14.549159">
				<ele>402.000000</ele>
			</trkpt>
			<trkpt lat="50.769899" lon="14.549680">
				<ele>399.000000</ele>
			</trkpt>
			<trkpt lat="50.769462" lon="14.550174">
				<ele>396.000000</ele>
			</trkpt>
			<trkpt lat="50.769263" lon="14.550390">
				<ele>395.000000</ele>
			</trkpt>
			<trkpt lat="50.768808" lon="14.550776">
				<ele>392.000000</ele>
			</trkpt>
			<trkpt lat="50.768388" lon="14.551135">
				<ele>390.000000</ele>
			</trkpt>
			<trkpt lat="50.768081" lon="14.551396">
				<ele>388.000000</ele>
			</trkpt>
			<trkpt lat="50.767962" lon="14.551468">
				<ele>387.000000</ele>
			</trkpt>
			<trkpt lat="50.767803" lon="14.551495">
				<ele>387.000000</ele>
			</trkpt>
			<trkpt lat="50.767138" lon="14.551549">
				<ele>381.000000</ele>
			</trkpt>
			<trkpt lat="50.766995" lon="14.551575">
				<ele>381.000000</ele>
			</trkpt>
			<trkpt lat="50.766859" lon="14.551621">
				<ele>380.000000</ele>
			</trkpt>
			<trkpt lat="50.766717" lon="14.551692">
				<ele>380.000000</ele>
			</trkpt>
			<trkpt lat="50.766552" lon="14.551791">
				<ele>380.000000</ele>
			</trkpt>
			<trkpt lat="50.766478" lon="14.551854">
				<ele>379.000000</ele>
			</trkpt>
			<trkpt lat="50.766377" lon="14.551954">
				<ele>379.000000</ele>
			</trkpt>
			<trkpt lat="50.766246" lon="14.552097">
				<ele>378.000000</ele>
			</trkpt>
			<trkpt lat="50.766007" lon="14.552375">
				<ele>377.000000</ele>
			</trkpt>
			<trkpt lat="50.765740" lon="14.552690">
				<ele>376.000000</ele>
			</trkpt>
			<trkpt lat="50.765405" lon="14.553040">
				<ele>374.000000</ele>
			</trkpt>
			<trkpt lat="50.765291" lon="14.553139">
				<ele>373.000000</ele>
			</trkpt>
			<trkpt lat="50.765183" lon="14.553193">
				<ele>373.000000</ele>
			</trkpt>
			<trkpt lat="50.764916" lon="14.553336">
				<ele>373.000000</ele>
			</trkpt>
			<trkpt lat="50.764052" lon="14.553831">
				<ele>371.000000</ele>
			</trkpt>
			<trkpt lat="50.763899" lon="14.553921">
				<ele>370.000000</ele>
			</trkpt>
			<trkpt lat="50.763763" lon="14.553975">
				<ele>370.000000</ele>
			</trkpt>
			<trkpt lat="50.763649" lon="14.554001">
				<ele>369.000000</ele>
			</trkpt>
			<trkpt lat="50.763547" lon="14.554019">
				<ele>369.000000</ele>
			</trkpt>
			<trkpt lat="50.763388" lon="14.553651">
				<ele>369.000000</ele>
			</trkpt>
			<trkpt lat="50.763285" lon="14.553722">
				<ele>368.000000</ele>
			</trkpt>
			<trkpt lat="50.763161" lon="14.553785">
				<ele>368.000000</ele>
			</trkpt>
			<trkpt lat="50.762587" lon="14.553929">
				<ele>366.000000</ele>
			</trkpt>
			<trkpt lat="50.762495" lon="14.553956">
				<ele>366.000000</ele>
			</trkpt>
			<trkpt lat="50.762405" lon="14.554001">
				<ele>366.000000</ele>
			</trkpt>
			<trkpt lat="50.762336" lon="14.554072">
				<ele>365.000000</ele>
			</trkpt>
			<trkpt lat="50.762194" lon="14.554199">
				<ele>365.000000</ele>
			</trkpt>
			<trkpt lat="50.762013" lon="14.554378">
				<ele>365.000000</ele>
			</trkpt>
			<trkpt lat="50.761876" lon="14.554504">
				<ele>365.000000</ele>
			</trkpt>
			<trkpt lat="50.761769" lon="14.554585">
				<ele>365.000000</ele>
			</trkpt>
			<trkpt lat="50.761700" lon="14.554630">
				<ele>365.000000</ele>
			</trkpt>
			<trkpt lat="50.761553" lon="14.554648">
				<ele>365.000000</ele>
			</trkpt>
			<trkpt lat="50.761382" lon="14.554638">
				<ele>365.000000</ele>
			</trkpt>
			<trkpt lat="50.761285" lon="14.554621">
				<ele>365.000000</ele>
			</trkpt>
			<trkpt lat="50.761240" lon="14.554908">
				<ele>365.000000</ele>
			</trkpt>
			<trkpt lat="50.760893" lon="14.556355">
				<ele>365.000000</ele>
			</trkpt>
			<trkpt lat="50.760723" lon="14.556328">
				<ele>365.000000</ele>
			</trkpt>
			<trkpt lat="50.760598" lon="14.556489">
				<ele>365.000000</ele>
			</trkpt>
			<trkpt lat="50.760518" lon="14.556588">
				<ele>366.000000</ele>
			</trkpt>
			<trkpt lat="50.760456" lon="14.556732">
				<ele>367.000000</ele>
			</trkpt>
			<trkpt lat="50.760450" lon="14.556858">
				<ele>366.000000</ele>
			</trkpt>
			<trkpt lat="50.760518" lon="14.556912">
				<ele>366.000000</ele>
			</trkpt>
			<trkpt lat="50.760728" lon="14.557082">
				<ele>365.000000</ele>
			</trkpt>
			<trkpt lat="50.760836" lon="14.557091">
				<ele>365.000000</ele>
			</trkpt>
			<trkpt lat="50.760871" lon="14.557118">
				<ele>366.000000</ele>
			</trkpt>
		</trkseg>
	</trk>
</gpx>

